,mnc,rating,reviews
1,TCS,3.3,(1.2L)
2,Accenture,3.7,(74.8k)
3,Wipro,3.6,(66.1k)
4,Cognizant,3.7,(62.4k)
5,Capgemini,3.6,(54.5k)
6,HDFC Bank,3.8,(53.5k)
7,Infosys,3.5,(49.7k)
8,HCLTech,3.4,(46.8k)
9,ICICI Bank,3.9,(46.6k)
10,Tech Mahindra,3.3,(44k)
11,Genpact,3.6,(43.2k)
12,TP,3.9,(39.4k)
13,Jio,4.4,(33.9k)
14,Axis Bank,3.6,(33.9k)
15,Concentrix Corporation,3.6,(32.8k)
16,Amazon,3.9,(32.2k)
17,Reliance Retail,3.9,(27.7k)
18,iEnergizer,4.6,(27.4k)
19,LTIMindtree,3.6,(26.9k)
20,IBM,3.9,(26.1k)
21,HDB Financial Services,3.9,(26.1k)
22,Larsen & Toubro Limited,3.9,(24.3k)
23,Deloitte,3.6,(23.8k)
24,Kotak Mahindra Bank,3.6,(22.9k)
25,Reliance Industries,4.0,(20.5k)
26,Vodafone Idea,3.9,(17.8k)
27,Bharti Airtel,3.8,(17.3k)
28,BYJU'S,3.2,(16.4k)
29,WNS,3.3,(15.5k)
30,IDFC FIRST Bank,4.0,(15.1k)
31,Ernst & Young,3.4,(14.9k)
32,IndusInd Bank,3.4,(14.5k)
33,AU Small Finance Bank,3.8,(14.5k)
34,Tata Motors,4.1,(14.4k)
35,Bajaj Finserv,3.9,(13.5k)
36,Muthoot FinCorp,4.5,(13.3k)
37,Flipkart,3.9,(13.2k)
38,PwC,3.3,(13k)
39,HDFC Life,3.8,(12.3k)
40,Mahindra & Mahindra,4.0,(12.3k)
41,Infosys BPM,3.5,(12.3k)
42,DXC Technology,3.6,(12.2k)
43,Bandhan Bank,3.7,(11.5k)
44,Digitide Solutions,3.5,(10.5k)
45,Yes Bank,3.7,(10.4k)
46,Mphasis,3.3,(10.4k)
47,Tata Steel,4.0,(10.1k)
48,Quess,3.8,(9.9k)
49,Asian Paints,3.9,(9.8k)
50,UltraTech Cement,4.1,(9.7k)
51,Startek,3.0,(9.7k)
52,Maruti Suzuki,4.1,(9.7k)
53,Paytm,3.2,(9.5k)
54,Bajaj Finance,3.9,(9.4k)
55,Shriram Finance,3.9,(9.3k)
56,Sutherland Global Services,3.3,(9.2k)
57,Coforge,3.3,(9k)
58,Equitas Small Finance Bank,4.3,(9k)
59,Wells Fargo,3.6,(8.9k)
60,Cipla,4.1,(8.8k)
61,EXL Service,3.6,(8.7k)
62,Ericsson,3.9,(8.5k)
63,Samsung,3.9,(8.4k)
64,Dr. Reddy's,4.0,(8.4k)
65,Optum Global Solutions,4.0,(8.1k)
66,JSW Steel,3.9,(8.1k)
67,Delhivery,3.8,(8k)
68,JPMorgan Chase & Co.,3.8,(8k)
69,ICICI Prudential Life Insurance,3.9,(7.9k)
70,Hexaware Technologies,3.4,(7.8k)
71,Ujjivan Small Finance Bank,4.0,(7.8k)
72,Jana Small Finance Bank,3.7,(7.8k)
73,Sun Pharmaceutical Industries,4.1,(7.8k)
74,Zydus Lifesciences,4.0,(7.7k)
75,Ekart Logistics,3.9,(7.6k)
76,HGS,3.7,(7.6k)
77,Amazon Development Centre India,3.8,(7.5k)
78,KPMG India,3.4,(7.5k)
79,Lupin,4.1,(7.5k)
80,Axis Max Life Insurance,4.0,(7.4k)
81,L&T Construction,4.0,(7.3k)
82,ITC,3.9,(7.3k)
83,Hindustan Unilever,4.2,(7.3k)
84,Megha Engineering & Infrastructures,3.9,(7.1k)
85,Tata Projects,4.2,(7k)
86,Cholamandalam Investment & Finance,3.8,(6.8k)
87,Bajaj Life Insurance,3.8,(6.8k)
88,L&T Technology Services,3.1,(6.8k)
89,FIS,3.8,(6.7k)
90,Oracle,3.3,(6.6k)
91,Omega Healthcare,3.7,(6.6k)
92,JLL,4.1,(6.6k)
93,Muthoot Finance,3.7,(6.5k)
94,IIFL Finance,4.0,(6.5k)
95,eClerx,3.1,(6.5k)
96,Indian Army,4.7,(6.3k)
97,PolicyBazaar,3.7,(6.3k)
98,DMart,3.9,(6.3k)
99,Piramal Finance,4.2,(6.3k)
100,Indiamart Intermesh,3.5,(6.2k)
101,Virtusa Consulting Services,3.7,(6.2k)
102,HSBC Group,3.8,(6.1k)
103,SMFG India Credit,3.9,(6.1k)
104,HCL Group,3.5,(6.1k)
105,Access Healthcare,3.7,(6.1k)
106,BigBasket,3.9,(6k)
107,ICICI Lombard General Insurance Company,3.5,(5.9k)
108,Manappuram Finance,3.9,(5.9k)
109,Siemens,4.0,(5.9k)
110,GlobalLogic,3.5,(5.9k)
111,Firstsource Solutions,3.5,(5.9k)
112,Aurobindo Pharma,4.0,(5.9k)
113,Tata Capital,3.9,(5.8k)
114,Shapoorji Pallonji Group,4.1,(5.8k)
115,UST,3.7,(5.8k)
116,Standard Chartered,3.6,(5.8k)
117,Swiggy,3.7,(5.8k)
118,Mahindra Finance,3.8,(5.8k)
119,Apollo Hospitals,4.0,(5.8k)
120,Bosch Global Software Technologies,3.7,(5.7k)
121,Udaan,3.9,(5.7k)
122,Citicorp,3.6,(5.6k)
123,Ashok Leyland,4.0,(5.6k)
124,Hero MotoCorp,4.1,(5.6k)
125,CGI Inc,4.0,(5.5k)
126,SBI Cards & Payment Services,3.6,(5.4k)
127,NTT DATA,3.8,(5.4k)
128,Kalpataru Projects International,4.1,(5.4k)
129,Cyient,3.6,(5.4k)
130,BNY,3.6,(5.4k)
131,Nagarjuna Construction Company,4.0,(5.4k)
132,IQVIA,3.7,(5.4k)
133,Schneider Electric,4.1,(5.3k)
134,SBI Life Insurance Company,3.7,(5.3k)
135,CBRE,4.1,(5.2k)
136,JustDial,3.5,(5.2k)
137,TVS Motor,3.8,(5.2k)
138,State Bank of India,3.9,(5.2k)
139,Persistent Systems,3.6,(5.1k)
140,KEC International,4.0,(5.1k)
141,ITC Infotech,3.8,(5k)
142,Atos,3.8,(5k)
143,Amdocs,3.6,(5k)
144,vivo,4.0,(5k)
145,Varun Beverages,4.0,(4.9k)
146,JBM Group,3.9,(4.9k)
147,Utkarsh Small Finance Bank,3.6,(4.9k)
148,Ecom Express,4.1,(4.9k)
149,Nagarro,3.9,(4.8k)
150,Randstad,3.7,(4.8k)
151,Eviden,3.6,(4.8k)
152,EY Global Delivery Services ( EY GDS),3.5,(4.8k)
153,Bosch,4.1,(4.8k)
154,Intas Pharmaceuticals,4.1,(4.7k)
155,Hetero,3.9,(4.7k)
156,Havells,3.9,(4.7k)
157,L&T Finance,3.9,(4.7k)
158,Aditya Birla Fashion and Retail,4.0,(4.7k)
159,Hewlett Packard Enterprise,4.0,(4.7k)
160,R1 RCM,3.8,(4.7k)
161,Tata AIA Life Insurance,3.8,(4.7k)
162,Cars24,3.4,(4.7k)
163,Mahindra Logistics,3.7,(4.6k)
164,Dell,3.8,(4.6k)
165,Home Credit Finance,4.0,(4.6k)
166,Berger Paints,3.7,(4.6k)
167,Lenskart,3.3,(4.6k)
168,Deutsche Bank,3.8,(4.6k)
169,Motilal Oswal Financial Services,3.7,(4.5k)
170,OPPO,3.9,(4.5k)
171,Hyundai Motor India Limited,4.1,(4.5k)
172,TeamLease Services,3.9,(4.5k)
173,VE Commercial Vehicles,3.9,(4.4k)
174,Thermax Limited,4.2,(4.4k)
175,Jubilant Foods Works,3.7,(4.3k)
176,Carelon Global Solutions,3.9,(4.3k)
177,Macleods Pharmaceuticals,3.7,(4.3k)
178,Aakash Educational Services,3.2,(4.3k)
179,Jindal Steel Limited,3.9,(4.3k)
180,State Street Corporation,3.5,(4.3k)
181,Bajaj Auto,3.8,(4.3k)
182,Hindalco Industries,4.2,(4.2k)
183,LG Electronics,3.8,(4.2k)
184,Kogta Financial India Limited,4.6,(4.2k)
185,HDFC ERGO General Insurance,4.0,(4.2k)
186,DCB Bank,3.8,(4.1k)
187,Royal Enfield,4.2,(4.1k)
188,John Deere,4.0,(4.1k)
189,RBL Bank,3.5,(4.1k)
190,Tata Communications,3.8,(4.1k)
191,Publicis Sapient,3.2,(4.1k)
192,Cummins,4.3,(4.1k)
193,Alembic Pharmaceuticals,3.9,(4k)
194,Cloudnine Hospital,4.5,(4k)
195,Bank of America,4.1,(4k)
196,Pidilite Industries,4.2,(4k)
197,Grasim Industries,4.0,(4k)
198,Aditya Birla Sun Life Insurance,4.0,(4k)
199,Oyo Rooms,2.9,(4k)
200,PNB MetLife,3.3,(3.9k)
201,Kyndryl,3.9,(3.9k)
202,American Express,4.1,(3.9k)
203,Aditya Birla Capital,3.8,(3.9k)
204,Subros,3.7,(3.9k)
205,KPIT Technologies,2.8,(3.9k)
206,ADP Private Limited,3.8,(3.9k)
207,Escorts Kubota Limited,4.1,(3.9k)
208,Viatris,4.1,(3.9k)
209,Maersk,3.9,(3.9k)
210,XpressBees,4.1,(3.9k)
211,Altruist Technologies,4.4,(3.9k)
212,JK Cement,4.0,(3.9k)
213,PVR INOX,3.9,(3.9k)
214,Birlasoft,3.4,(3.8k)
215,Synechron,3.4,(3.8k)
216,Reliance Communications,4.0,(3.8k)
217,PhonePe,4.0,(3.8k)
218,Blinkit,3.8,(3.8k)
219,Glenmark Pharmaceuticals,3.8,(3.8k)
220,Kotak Mahindra Life Insurance Company,3.5,(3.8k)
221,Bharat Electronics,4.2,(3.8k)
222,Sodexo,4.0,(3.7k)
223,Dabur,3.8,(3.7k)
224,Cogent E Services,3.1,(3.7k)
225,Godrej & Boyce Manufacturing,3.8,(3.7k)
226,UNO Minda,3.9,(3.7k)
227,ArcelorMittal Nippon Steel India,4.1,(3.7k)
228,Abbott,4.1,(3.7k)
229,Ipca Laboratories,3.8,(3.7k)
230,Aarti Industries,4.1,(3.7k)
231,Samvardhana Motherson Group,3.7,(3.7k)
232,Reliance Projects & Property Management Services,4.0,(3.6k)
233,Reliance Digital,4.1,(3.6k)
234,IGT Solutions,3.2,(3.6k)
235,MRF Tyres,3.6,(3.6k)
236,Indian Oil Corporation,4.4,(3.6k)
237,"NTT DATA, Inc.",3.9,(3.6k)
238,Alkem Laboratories,3.9,(3.6k)
239,Johnson Controls,3.5,(3.5k)
240,Honda Motorcycle & Scooter,4.1,(3.5k)
241,[24]7.ai,3.4,(3.5k)
242,Vishal Mega Mart,3.7,(3.5k)
243,Hindustan Coca Cola Beverages,4.0,(3.5k)
244,Barclays,3.7,(3.5k)
245,Bajaj General Insurance Limited,3.7,(3.5k)
246,DTDC Express,3.7,(3.5k)
247,UBS,3.8,(3.5k)
248,RSPL Group,4.0,(3.5k)
249,IndusInd Nippon Life Insurance,3.3,(3.5k)
250,TVS Credit Services Ltd,4.2,(3.5k)
251,ABB,4.0,(3.5k)
252,AGS Health,3.9,(3.4k)
253,Ceat Tyres,3.9,(3.4k)
254,NatWest Group,3.9,(3.4k)
255,Ford Motor,4.2,(3.4k)
256,HARMAN,3.8,(3.4k)
257,Alstom Transportation,3.7,(3.4k)
258,Croma,3.8,(3.4k)
259,Niva Bupa Health Insurance Company,4.0,(3.4k)
260,InterGlobe Aviation,3.4,(3.4k)
261,Conduent,3.4,(3.4k)
262,Tata AIG,4.0,(3.3k)
263,Tata Technologies,3.4,(3.3k)
264,Indian Air Force,4.6,(3.3k)
265,Sagility,3.9,(3.3k)
266,GeBBS Healthcare Solutions,3.8,(3.3k)
267,Canara HSBC Life Insurance,4.1,(3.3k)
268,Tata AutoComp Systems,3.7,(3.3k)
269,Jindal Stainless,4.1,(3.3k)
270,UPL,4.1,(3.3k)
271,PepsiCo,4.0,(3.3k)
272,Ambuja Cements,3.9,(3.2k)
273,Max Healthcare,4.0,(3.2k)
274,Mankind Pharma,3.8,(3.2k)
275,Titan Company,4.2,(3.2k)
276,Allcargo Logistics,3.8,(3.2k)
277,Amazon Transportation Services,4.2,(3.2k)
278,Dilip Buildcon,3.9,(3.2k)
279,S&P Global,3.9,(3.2k)
280,Societe Generale Global Solution Centre,3.6,(3.2k)
281,MSN Laboratories,3.6,(3.2k)
282,Walmart,3.4,(3.2k)
283,Quest Global,3.5,(3.2k)
284,Varroc Group,3.6,(3.2k)
285,Afcons Infrastructure,4.2,(3.1k)
286,Ola Electric Mobility,3.3,(3.1k)
287,ESAF Small Finance Bank,3.6,(3.1k)
288,Tata Electronics,3.8,(3.1k)
289,Marpu Foundation,4.9,(3.1k)
290,IDFC FIRST Bharat,4.2,(3.1k)
291,Torrent Pharmaceuticals,4.0,(3.1k)
292,DS Group,4.0,(3.1k)
293,Zepto,3.6,(3.1k)
294,Bharat Financial Inclusion,3.7,(3.1k)
295,Tata Elxsi,3.4,(3.1k)
296,Square Yards,3.5,(3.1k)
297,HDFC Sales,3.9,(3.1k)
298,Suzlon Group,4.0,(3k)
299,Zensar Technologies,3.7,(3k)
300,Indus Towers,3.6,(3k)
301,Fujitsu,3.8,(3k)
302,Future Group,4.2,(3k)
303,CMS IT Services,3.1,(3k)
304,Eternal Limited,3.6,(3k)
305,I Process Services,3.8,(3k)
306,VVDN Technologies,3.6,(3k)
307,ACC,3.9,(3k)
308,IKS Health,3.5,(3k)
309,Yazaki,3.9,(3k)
310,Nokia,4.0,(3k)
311,Shree Cement,3.8,(3k)
312,Shoppers Stop,3.9,(3k)
313,Apollo Tyres,4.0,(2.9k)
314,Fiserv,2.8,(2.9k)
315,Britannia,4.0,(2.9k)
316,Physicswallah,3.6,(2.9k)
317,Landmark Group,3.8,(2.9k)
318,Exl India,3.5,(2.8k)
319,Dalmia Bharat Cement,3.9,(2.8k)
320,SRF,4.1,(2.8k)
321,Kansai Nerolac Paints,3.8,(2.8k)
322,ZS,3.0,(2.8k)
323,Blue Dart Express Ltd,3.9,(2.8k)
324,Nestlé,3.7,(2.8k)
325,Star Health & Allied Insurance,3.5,(2.8k)
326,Exide Industries,3.4,(2.8k)
327,Foxconn,3.8,(2.8k)
328,UnitedHealth,4.0,(2.8k)
329,Shell,3.9,(2.8k)
330,Micro Labs,3.6,(2.7k)
331,KPMG Global Services,3.4,(2.7k)
332,TVS Supply Chain Solutions,3.8,(2.7k)
333,Flex,3.9,(2.7k)
334,ElasticRun,3.6,(2.7k)
335,KFintech,3.3,(2.7k)
336,Care Health Insurance,3.5,(2.7k)
337,Gallagher,3.6,(2.7k)
338,Capita,3.5,(2.7k)
339,G4S,4.0,(2.7k)
340,Ajanta Pharma,3.9,(2.7k)
341,Blue Star,4.0,(2.7k)
342,Movate,3.1,(2.7k)
343,Sonalika Tractors,3.5,(2.7k)
344,Tata Advanced Systems,3.7,(2.7k)
345,Whitehat jr,3.3,(2.7k)
346,Photon Interactive,4.1,(2.7k)
347,Voltas,4.0,(2.7k)
348,NoBroker,3.0,(2.7k)
349,Adani Power,3.7,(2.6k)
350,DBS Bank,3.7,(2.6k)
351,ACT Fibernet,3.8,(2.6k)
352,BlackBuck,3.7,(2.6k)
353,Foundever,3.3,(2.6k)
354,Himalaya Wellness,3.9,(2.6k)
355,IntouchCX,2.7,(2.6k)
356,Laurus Labs,4.3,(2.6k)
357,Domino's Pizza,3.9,(2.6k)
358,Fortis Healthcare,4.0,(2.6k)
359,BT Group,3.8,(2.6k)
360,V-Mart,4.0,(2.6k)
361,JCB,3.8,(2.6k)
362,Sahrudaya Healthcare (Medicover Hospitals),4.3,(2.6k)
363,Alldigi Tech,3.8,(2.6k)
364,Northern Trust Operating Services,3.6,(2.6k)
365,Sterlite Technologies,3.8,(2.5k)
366,GAO Tek,4.4,(2.5k)
367,Adani Group,3.8,(2.5k)
368,Tractors and Farm Equipment,3.9,(2.5k)
369,CorroHealth Infotech,3.6,(2.5k)
370,Bajaj Electricals,3.9,(2.5k)
371,Sammaan Capital Limited,3.7,(2.5k)
372,Parle Agro,3.9,(2.5k)
373,ICICI Securities,3.9,(2.5k)
374,Emcure Pharmaceuticals,3.6,(2.5k)
375,Planet Spark,3.8,(2.5k)
376,Biocon Limited,4.0,(2.5k)
377,TaskUs,3.0,(2.5k)
378,Hero FinCorp,3.9,(2.5k)
379,Cadila Pharmaceuticals,3.2,(2.5k)
380,Mahindra Holidays & Resorts,3.5,(2.5k)
381,Intellect Design Arena,3.5,(2.5k)
382,Mahindra Rural Housing Finance,4.0,(2.5k)
383,Datamatics Global Services,3.4,(2.5k)
384,McDonald's,3.8,(2.5k)
385,Syngene International,3.7,(2.5k)
386,Paras Hospital,4.1,(2.5k)
387,Patanjali Ayurved,4.0,(2.4k)
388,Bureau Veritas,3.8,(2.4k)
389,Newgen Software Technologies,4.1,(2.4k)
390,Aditya Birla Group,4.1,(2.4k)
391,RMSI,3.5,(2.4k)
392,Cholamandalam MS General Insurance,3.7,(2.4k)
393,3i Infotech,3.5,(2.4k)
394,Info Edge,3.8,(2.4k)
395,Taj Hotels Resorts and Palaces,4.2,(2.4k)
396,Statestreet HCL Services,3.4,(2.4k)
397,Delhi Public School,3.7,(2.4k)
398,Aavas Financiers,3.9,(2.4k)
399,Capgemini Engineering,3.3,(2.4k)
400,Axis Direct,3.6,(2.4k)
401,Lodha,4.2,(2.4k)
402,Cybage,3.7,(2.4k)
403,Straive,3.3,(2.4k)
404,Kia India,3.9,(2.4k)
405,Apollo Pharmacy,3.7,(2.4k)
406,Sopra Steria,3.9,(2.4k)
407,TCE,3.9,(2.4k)
408,KocharTech,3.6,(2.4k)
409,Xoriant,4.0,(2.3k)
410,GVK Emergency Management and Research Institute,3.6,(2.3k)
411,Team Computers,3.6,(2.3k)
412,Akums Drugs & Pharmaceuticals Limited,4.2,(2.3k)
413,SBI Securities,3.6,(2.3k)
414,Sobha,3.8,(2.3k)
415,Star Union Dai-ichi Life Insurance,3.8,(2.3k)
416,Bharat Petroleum,4.2,(2.3k)
417,Isgec Heavy Engineering,3.8,(2.3k)
418,Endurance Technologies Limited,3.9,(2.3k)
419,Eureka Forbes,3.6,(2.3k)
420,BNP Paribas,3.7,(2.3k)
421,Daikin Airconditioning India Pvt. Ltd.,4.2,(2.3k)
422,Lifestyle,4.2,(2.3k)
423,Panasonic Life Solutions India,3.9,(2.3k)
424,Radisson Hotels,4.0,(2.3k)
425,Myntra,3.8,(2.3k)
426,AWL Agri Business,4.1,(2.3k)
427,Unacademy,2.9,(2.3k)
428,Bharti AXA Life Insurance,3.6,(2.3k)
429,SBI General Insurance,3.5,(2.3k)
430,Cisco,4.1,(2.3k)
431,Meesho,3.7,(2.2k)
432,Renault Nissan Technology & Business Centre India,3.6,(2.2k)
433,Sify Technologies,3.6,(2.2k)
434,ValueLabs,3.4,(2.2k)
435,Coromandel International,4.1,(2.2k)
436,Lava International,3.9,(2.2k)
437,Allstate,3.7,(2.2k)
438,Whirlpool,4.0,(2.2k)
439,Indian Railways,4.2,(2.2k)
440,Henry Harvin Education,3.9,(2.2k)
441,Shahi Exports,4.0,(2.2k)
442,GlaxoSmithKline Pharmaceuticals,4.1,(2.2k)
443,Bank of Baroda,3.6,(2.2k)
444,Poonawalla Fincorp,3.6,(2.2k)
445,Mercedes-Benz Research and Development India,3.5,(2.2k)
446,Generali Central Life Insurance,3.4,(2.2k)
447,JK Tyre,3.8,(2.2k)
448,Manipal Hospitals,4.0,(2.2k)
449,Spark Minda,3.8,(2.2k)
450,FirstCry,3.5,(2.2k)
451,Jio Platforms,3.3,(2.2k)
452,Saint-Gobain,3.8,(2.2k)
453,Cargill,3.9,(2.2k)
454,NTT DATA Business Solutions,4.1,(2.2k)
455,Life Insurance Corporation of India,4.4,(2.2k)
456,Nuvoco Vistas,4.1,(2.2k)
457,Nokia Networks,4.1,(2.2k)
458,Infinite Computer Solutions,3.2,(2.2k)
459,Brakes India,3.9,(2.2k)
460,CAMS,3.6,(2.2k)
461,upGrad,3.3,(2.2k)
462,BHEL,4.2,(2.2k)
463,Microsoft Corporation,3.8,(2.2k)
464,Power Mech Projects,3.8,(2.2k)
465,Kotak Securities,3.4,(2.2k)
466,Force Motors,3.7,(2.1k)
467,CitiusTech,3.1,(2.1k)
468,Pfizer,3.9,(2.1k)
469,"Maruti Suzuki India Limited, Hansalpur",4.2,(2.1k)
470,Provana,4.1,(2.1k)
471,EPAM Systems,3.7,(2.1k)
472,IndusInd General Insurance,3.6,(2.1k)
473,Huawei Technologies,4.1,(2.1k)
474,Biological E,4.2,(2.1k)
475,SGS,3.7,(2.1k)
476,ITC Hotels,4.1,(2.1k)
477,Simplex Infrastructures,3.4,(2.1k)
478,Reliance Trends,4.1,(2.1k)
479,K12 Techno Services,3.7,(2.1k)
480,Morgan Stanley,3.6,(2.1k)
481,Raymond Lifestyle Limited,4.2,(2.1k)
482,Delphi TVS,3.8,(2.1k)
483,Aditya Birla Health Insurance Co,3.7,(2.1k)
484,Ola Cabs,3.2,(2.1k)
485,Renault-Nissan,4.1,(2.1k)
486,YASH Technologies,3.6,(2.1k)
487,Extramarks Education,3.2,(2.1k)
488,Narayana Health,4.0,(2.1k)
489,Shadowfax Technologies,3.5,(2k)
490,Trent,3.8,(2k)
491,IDBI Bank,3.3,(2k)
492,Haier Appliances India,3.9,(2k)
493,Novartis,4.2,(2k)
494,Senco Gold,4.4,(2k)
495,AECOM,4.2,(2k)
496,Honeywell Automation,3.8,(2k)
497,HSBC Electronic Data Processing,4.0,(2k)
498,R.R. Donnelley,3.6,(2k)
499,Schindler,3.9,(2k)
500,SAP,4.1,(2k)
501,Motherson Automotive Technologies and Engineering,3.7,(2k)
502,L&T Energy Hydrocarbon,3.8,(2k)
503,Paisabazaar.com,3.4,(2k)
504,Ninjacart,3.7,(2k)
505,Globiva,3.0,(2k)
506,Aye Finance,4.1,(2k)
507,CMS Infosystems,3.5,(2k)
508,V-Guard,4.3,(2k)
509,Uflex,3.8,(2k)
510,NCR Voyix,3.4,(2k)
511,TELUS Digital,3.5,(2k)
512,Crisil,3.5,(2k)
513,Spinny,3.6,(2k)
514,Dr Lal PathLabs,4.2,(2k)
515,State Street Syntel,3.7,(2k)
516,Adecco Group,3.8,(2k)
517,CNH (Case New Holland),3.7,(2k)
518,Microland,3.5,(2k)
519,Aadhar Housing Finance,4.0,(2k)
520,Gabriel India Limited,4.0,(2k)
521,Godrej Properties,3.6,(2k)
522,Philips,3.8,(2k)
523,Parle Products,3.9,(2k)
524,Tata Power,3.9,(2k)
525,HTC Global Services,3.3,(2k)
526,G R Infraprojects,4.1,(2k)
527,Angel One,3.5,(1.9k)
528,Trident Group,3.3,(1.9k)
529,DHL Supply Chain,4.2,(1.9k)
530,CSB Bank,3.2,(1.9k)
531,ICICI Home Finance,3.7,(1.9k)
532,Verizon,3.5,(1.9k)
533,NTPC,4.2,(1.9k)
534,Lucas-TVS,3.9,(1.9k)
535,Iris Software,3.7,(1.9k)
536,Google,4.4,(1.9k)
537,Thomson Reuters,3.7,(1.9k)
538,NeoSOFT,3.3,(1.9k)
539,Infinx,3.7,(1.9k)
540,Safexpress,3.9,(1.9k)
541,PI Industries,3.8,(1.9k)
542,Rungta Mines,4.0,(1.9k)
543,Torrent Power,3.7,(1.9k)
544,Polycab Wires,4.0,(1.9k)
545,Jindal Saw,4.0,(1.9k)
546,Medi Assist India,3.4,(1.9k)
547,Orchids International School,3.9,(1.9k)
548,Hindustan Aeronautics,4.3,(1.9k)
549,Capri Global Capital,3.6,(1.9k)
550,Tekwissen,4.9,(1.9k)
551,Tata Tele Business Services,3.5,(1.9k)
552,TVS Sundram Fasteners,3.6,(1.9k)
553,Fusion CX,3.2,(1.9k)
554,Aragen Life Sciences,3.9,(1.9k)
555,Infra.Market,3.9,(1.9k)
556,AXA Global Business Services,3.7,(1.9k)
557,KENT RO Systems,3.7,(1.9k)
558,First American (India),3.6,(1.9k)
559,Digit Insurance,3.6,(1.9k)
560,Haldiram Foods International Limited,3.8,(1.8k)
561,AkzoNobel,4.1,(1.8k)
562,Honda Cars,4.3,(1.8k)
563,Hindustan Petroleum,4.2,(1.8k)
564,Adani Green Energy,3.9,(1.8k)
565,DIVI'S Laboratories,3.6,(1.8k)
566,Innovsource Services,3.9,(1.8k)
567,Sterling & Wilson,4.1,(1.8k)
568,MetLife,4.0,(1.8k)
569,Cafe Coffee Day,3.7,(1.8k)
570,Pine Labs,3.2,(1.8k)
571,Air India,3.4,(1.8k)
572,Reckitt Benckiser,3.9,(1.8k)
573,SS&C TECHNOLOGIES,3.2,(1.8k)
574,USHA International,4.0,(1.8k)
575,USV,4.0,(1.8k)
576,LivSpace,3.3,(1.8k)
577,HDFC Securities,3.4,(1.8k)
578,Annapurna Finance,3.8,(1.8k)
579,XBP Global,3.2,(1.8k)
580,Stellar Migration,1.3,(1.8k)
581,Kalyan Jewellers,4.4,(1.8k)
582,Tata Communications Transformation Services,3.8,(1.8k)
583,Security and Intelligence Services (India),4.1,(1.8k)
584,BT Business,3.9,(1.8k)
585,Granules India Limited,3.8,(1.8k)
586,Hitachi Astemo,4.1,(1.8k)
587,Bata,3.5,(1.8k)
588,BVG India,4.2,(1.7k)
589,Cushman & Wakefield,4.1,(1.7k)
590,NielsenIQ,3.4,(1.7k)
591,TTEC India,3.7,(1.7k)
592,Vedantu,3.2,(1.7k)
593,Orange Business,4.0,(1.7k)
594,IIFL SAMASTA,3.7,(1.7k)
595,Mother Dairy Fruit & Vegetable,4.0,(1.7k)
596,Dhani Loans and Services,3.9,(1.7k)
597,HighRadius,2.4,(1.7k)
598,Future Retail,4.4,(1.7k)
599,Medanta the Medicity,4.0,(1.7k)
600,FactSet,3.6,(1.7k)
601,Metro Cash & Carry,4.0,(1.7k)
602,Caterpillar Inc,4.1,(1.7k)
603,Cavinkare,3.9,(1.7k)
604,Sysnet Global Technologies,3.6,(1.7k)
605,Indian Navy,4.6,(1.7k)
606,Tata 1mg,3.6,(1.7k)
607,Frankfinn Institute of Air Hostess Training,3.9,(1.7k)
608,Patanjali Foods,3.7,(1.7k)
609,Clover Infotech,3.3,(1.7k)
610,Health Care Global Enterprises,4.4,(1.7k)
611,Compass Group Support Services,4.0,(1.7k)
612,NEC,4.0,(1.7k)
613,L.G.Balakrishnan & Bros,3.5,(1.7k)
614,KONE,4.1,(1.7k)
615,Shriram Life Insurance,3.5,(1.7k)
616,Rane (Madras),3.8,(1.7k)
617,ReNew,4.2,(1.7k)
618,Yamaha Motor,4.1,(1.7k)
619,MagicBricks,3.9,(1.7k)
620,DHL Express,4.1,(1.7k)
621,CG Power and Industrial Solutions,3.8,(1.7k)
622,BA Continuum,3.9,(1.7k)
623,Suryoday Small Finance Bank,3.9,(1.7k)
624,Vardhman Fabrics,4.0,(1.7k)
625,JSW Bhushan Power & Steel,4.0,(1.7k)
626,Matrimony.com,3.9,(1.7k)
627,Toyota Kirloskar Motor,4.3,(1.7k)
628,Labmentix,4.5,(1.6k)
629,Procter & Gamble,4.0,(1.6k)
630,Coronis Ajuba Solutions,3.9,(1.6k)
631,Belrise Industries,3.7,(1.6k)
632,Goldman Sachs,3.3,(1.6k)
633,Johnson & Johnson,3.9,(1.6k)
634,Arvind Group,4.0,(1.6k)
635,CMA CGM,4.0,(1.6k)
636,Krishna Maruti,3.8,(1.6k)
637,Wipro Enterprises Ltd,3.8,(1.6k)
638,Veritas Finance,4.2,(1.6k)
639,Dixon Technologies,3.9,(1.6k)
640,Chegg,4.1,(1.6k)
641,Urban Company,3.3,(1.6k)
642,Godrej Industries Group,3.9,(1.6k)
643,Teva Pharmaceuticals,3.9,(1.6k)
644,Marico,3.8,(1.6k)
645,Sanofi,4.0,(1.6k)
646,Satin Creditcare Network,3.9,(1.6k)
647,Welspun Living Limited,3.9,(1.6k)
648,mPokket,4.5,(1.6k)
649,Tata Play,4.0,(1.6k)
650,HERE Technologies,3.8,(1.6k)
651,Hero Motors Company,3.9,(1.6k)
652,Supreme Industries,4.0,(1.6k)
653,iOPEX Technologies,3.1,(1.6k)
654,IndiaFirst Life Insurance,3.8,(1.6k)
655,Asahi India Glass,3.8,(1.6k)
656,ZF Commercial Vehicle Control Systems,3.8,(1.6k)
657,Broadridge Financial Solutions,3.8,(1.6k)
658,Emami,3.8,(1.6k)
659,Kotak Mahindra Prime,3.9,(1.6k)
660,Relaxo Footwear,4.0,(1.6k)
661,Cemindia Projects,4.2,(1.6k)
662,KFC,4.0,(1.6k)
663,Wockhardt,3.8,(1.6k)
664,Mercer,3.6,(1.6k)
665,PharmEasy,3.7,(1.6k)
666,Hinduja Leyland Finance,3.9,(1.6k)
667,IFB,3.5,(1.6k)
668,SHYAM METALICS AND ENERGY,3.4,(1.6k)
669,Marriott International,4.1,(1.6k)
670,Lumax Industries,3.9,(1.6k)
671,Amul India,4.0,(1.6k)
672,Gujarat Fluorochemicals,3.9,(1.6k)
673,Muthoot Microfin,4.2,(1.6k)
674,Tata Consumer Products,3.5,(1.6k)
675,Bisleri,4.2,(1.6k)
676,Patra India,3.5,(1.6k)
677,Bajaj Capital,3.5,(1.6k)
678,Karur Vysya Bank,3.5,(1.6k)
679,Honda,4.0,(1.6k)
680,Suguna Foods,3.9,(1.5k)
681,Steel Strips Wheels,3.7,(1.5k)
682,Dainik Bhaskar Group,4.1,(1.5k)
683,Evalueserve,3.0,(1.5k)
684,GE VERNOVA,4.1,(1.5k)
685,Tesco,3.6,(1.5k)
686,American Broadcasting Company,4.0,(1.5k)
687,Piramal Pharma,3.9,(1.5k)
688,XL Dynamics,3.6,(1.5k)
689,SAI Life Sciences,3.9,(1.5k)
690,Nayara Energy,4.2,(1.5k)
691,Canara Bank,3.6,(1.5k)
692,Sonata Software,3.4,(1.5k)
693,Oracle Cerner,3.3,(1.5k)
694,GMR Group,3.9,(1.5k)
695,Page Industries,4.1,(1.5k)
696,Tanishq,4.2,(1.5k)
697,QualityKiosk Technologies,3.2,(1.5k)
698,Wheelseye Technology,3.4,(1.5k)
699,PNB Housing Finance,3.7,(1.5k)
700,Ashoka Buildcon,4.1,(1.5k)
701,Devyani International,3.8,(1.5k)
702,V5 Global Services,3.9,(1.5k)
703,Acuity Analytics,3.1,(1.5k)
704,Gland Pharma,3.9,(1.5k)
705,Airtel Payments Bank,3.8,(1.5k)
706,Chetu,3.7,(1.5k)
707,HCL Infosystems,4.0,(1.5k)
708,Heritage Foods,4.1,(1.5k)
709,Amneal Pharmaceuticals,4.2,(1.5k)
710,Valeo,3.9,(1.5k)
711,Max Fashion,4.0,(1.5k)
712,SBFC Finance,3.8,(1.5k)
713,Daimler India Commercial Vehicles,3.9,(1.5k)
714,ALTEN,3.5,(1.5k)
715,Happiest Minds Technologies,3.4,(1.5k)
716,Indoco Remedies,3.5,(1.5k)
717,Apco Infratech,3.8,(1.5k)
718,Honeywell Technology Solutions,3.6,(1.5k)
719,ISS Facility Services,4.0,(1.5k)
720,Apexon,3.3,(1.5k)
721,Aon,3.8,(1.5k)
722,Chandigarh University,4.2,(1.5k)
723,Altimetrik,3.5,(1.5k)
724,Bharat Forge,3.7,(1.5k)
725,Oberoi Group of Hotels,4.0,(1.5k)
726,Aumovio,3.7,(1.5k)
727,Taurus BPO Services,4.0,(1.5k)
728,Narayana Educational Society,3.6,(1.5k)
729,Jaquar,4.1,(1.5k)
730,NIIT,3.5,(1.5k)
731,Hyatt Regency,4.1,(1.5k)
732,AB InBev India,3.3,(1.5k)
733,Morningstar,3.7,(1.4k)
734,CIE Automotive India Limited (Formerly known as Mahindra CIE Automotive Limited),3.6,(1.4k)
735,Indegene,3.3,(1.4k)
736,Sony,4.2,(1.4k)
737,Fusion Finance,3.9,(1.4k)
738,VOIS,3.7,(1.4k)
739,City Union Bank,2.9,(1.4k)
740,Amara Raja Energy & Mobility,4.0,(1.4k)
741,Agilus Diagnostics,4.1,(1.4k)
742,Nykaa,3.4,(1.4k)
743,Tieto,4.1,(1.4k)
744,Acmegrade,3.9,(1.4k)
745,Aerial Telecom Solutions,4.2,(1.4k)
746,MedPlus,3.5,(1.4k)
747,Slk Software Services,3.2,(1.4k)
748,Vfs Global Services,3.4,(1.4k)
749,TEKsystems,3.1,(1.4k)
750,Adobe,3.7,(1.4k)
751,DCM Shriram,4.1,(1.4k)
752,Eaton,3.9,(1.4k)
753,Hire In Global,4.9,(1.4k)
754,AtkinsRealis,3.7,(1.4k)
755,Xiaomi,3.7,(1.4k)
756,TÜV SÜD,4.0,(1.4k)
757,Sansera Engineering,4.0,(1.4k)
758,Tenarai,3.5,(1.4k)
759,EOSGlobe,3.0,(1.4k)
760,VLCC,3.2,(1.4k)
761,VLCC,3.2,(1.4k)
762,Kantar,3.5,(1.4k)
763,Oracle Financial Services Software,3.2,(1.4k)
764,Tata Group,4.2,(1.4k)
765,Unisys,3.4,(1.4k)
766,Citco,3.1,(1.4k)
767,Rashmi Metaliks,3.1,(1.4k)
768,The Muthoot Group,3.6,(1.4k)
769,FedEx Express,4.0,(1.4k)
770,IDC Technologies,3.1,(1.4k)
771,Worley,4.1,(1.4k)
772,Novo Nordisk,3.6,(1.4k)
773,Sunknowledge Services,3.4,(1.4k)
774,R Systems International,3.7,(1.4k)
775,JSW Cement,4.1,(1.4k)
776,Fino Payments Bank,3.8,(1.4k)
777,iMerit,3.2,(1.4k)
778,Sharekhan,3.7,(1.4k)
779,Troikaa Pharmaceuticals,4.1,(1.4k)
780,Amity University,3.6,(1.4k)
781,TCS iON,3.8,(1.4k)
782,Incedo,2.9,(1.4k)
783,Bajaj Housing Finance,3.5,(1.4k)
784,INDIUM,3.9,(1.4k)
785,Paytm Payments Bank,3.9,(1.4k)
786,Aforeserve,3.4,(1.4k)
787,Iffco Tokio General Insurance Co.,3.8,(1.4k)
788,Faurecia,3.9,(1.4k)
789,The Ramco Cements,4.1,(1.4k)
790,TE Connectivity,4.1,(1.4k)
791,Unichem Laboratories,3.7,(1.4k)
792,Bharat FIH,3.7,(1.4k)
793,Grant Thornton,3.4,(1.4k)
794,Burger King,3.9,(1.4k)
795,Aptara,3.1,(1.4k)
796,Sheenlac Paints,4.1,(1.4k)
797,Viraj Profiles,4.1,(1.4k)
798,FDC,3.7,(1.4k)
799,DEXIT Global,3.4,(1.4k)
800,ZF Steering Gear,3.7,(1.3k)
801,Brillio,3.4,(1.3k)
802,Hindware Limited,3.9,(1.3k)
803,Hatsun Agro Product,3.8,(1.3k)
804,CreditAccess Grameen,3.9,(1.3k)
805,GE,4.1,(1.3k)
806,Decathlon,3.7,(1.3k)
807,CenturyPly,3.8,(1.3k)
808,GEP Worldwide,3.6,(1.3k)
809,Collabera Talent Solutions,3.5,(1.3k)
810,RBL FinServe,3.9,(1.3k)
811,ManpowerGroup,3.6,(1.3k)
812,JioMart,3.9,(1.3k)
813,NetAmbit,4.0,(1.3k)
814,Baroda Global Shared Services,3.9,(1.3k)
815,More Supermarket,3.6,(1.3k)
816,VIBGYOR Group of Schools,3.5,(1.3k)
817,Nippon Paint India,4.0,(1.3k)
818,Punjab National Bank,3.9,(1.3k)
819,Cinépolis,3.8,(1.3k)
820,Shubham Housing Development Finance,4.0,(1.3k)
821,OM Logistics,3.9,(1.3k)
822,SK Finance Limited,3.8,(1.3k)
823,Spicejet,3.3,(1.3k)
824,Atul,3.9,(1.3k)
825,Big Bazaar,4.4,(1.3k)
826,NxtWave,3.5,(1.3k)
827,Ion Exchange India,3.7,(1.3k)
828,Mondelez International,4.1,(1.3k)
829,ICICI Prudential Mutual Fund,3.9,(1.3k)
830,Astral Pipe,4.0,(1.3k)
831,Royal Migration Solutions,4.9,(1.3k)
832,Globant,3.4,(1.3k)
833,Centre for Development of Advanced Computing,3.6,(1.3k)
834,Fabindia,3.7,(1.3k)
835,OpenText Technologies,3.3,(1.3k)
836,Samsung Research,3.0,(1.3k)
837,Bluestock ™,4.5,(1.3k)
838,Luminous Power Technologies,4.1,(1.3k)
839,Pantaloons,4.1,(1.3k)
840,Aarvee Associates,3.7,(1.3k)
841,Hindustan Construction Company,4.2,(1.3k)
842,Jakson Group,4.1,(1.3k)
843,T-Systems ICT India,3.7,(1.3k)
844,Apex Group,2.6,(1.3k)
845,Vestas,4.1,(1.3k)
846,ANZ Banking Group,3.7,(1.3k)
847,Tenneco,3.6,(1.3k)
848,Spandana Sphoorty Financial,3.8,(1.3k)
849,Sigma Electric Manufacturing Corporation,4.0,(1.3k)
850,Godrej Consumer Products,4.0,(1.3k)
851,Fresenius Kabi,4.0,(1.3k)
852,Panasonic,4.0,(1.3k)
853,SKF,4.0,(1.3k)
854,Electronics Corporation of India Limited,4.2,(1.3k)
855,Automotive Manufacturers,3.8,(1.3k)
856,H.G. Infra Engineering,4.0,(1.3k)
857,AGS Transact Technologies,2.8,(1.3k)
858,KIMS Hospital,3.7,(1.3k)
859,PNC Infratech,3.8,(1.3k)
860,Intertek,3.8,(1.3k)
861,Dell EMC,3.8,(1.3k)
862,Dassault Systemes,3.7,(1.3k)
863,Zoho,4.1,(1.3k)
864,DP World,3.8,(1.3k)
865,iSON Xperiences,3.1,(1.3k)
866,Shriram Pistons & Rings,4.0,(1.3k)
867,Prodapt,3.5,(1.3k)
868,Mu Sigma,2.5,(1.3k)
869,Kalpataru Limited,4.2,(1.3k)
870,AIIMS,4.2,(1.2k)
871,Synchrony,4.2,(1.2k)
872,Colliers India,3.9,(1.2k)
873,Diageo,3.8,(1.2k)
874,DLF,4.0,(1.2k)
875,Jindal X,3.5,(1.2k)
876,Nielsen,3.1,(1.2k)
877,Oil And Natural Gas Corporation,4.4,(1.2k)
878,Indostar Capital Finance Limited,4.3,(1.2k)
879,Parexel International,3.8,(1.2k)
880,Rockman Industries,3.8,(1.2k)
881,Rupeek,4.1,(1.2k)
882,Fidelity Investments,4.1,(1.2k)
883,Wind World,4.0,(1.2k)
884,ExcelR,3.6,(1.2k)
885,JTEKT,4.1,(1.2k)
886,Qualcomm,3.7,(1.2k)
887,Kirloskar Oil Engines,4.1,(1.2k)
888,Ahluwalia Contracts India,4.0,(1.2k)
889,EbixCash Limited,3.6,(1.2k)
890,DENSO,4.1,(1.2k)
891,Strides Pharma,3.9,(1.2k)
892,JK Lakshmi Cement,3.7,(1.2k)
893,Best Sellers,4.1,(1.2k)
894,Fidelity National Financial,3.7,(1.2k)
895,Genius HRTech,3.8,(1.2k)
896,ACG Worldwide,3.8,(1.2k)
897,Innova Solutions,3.3,(1.2k)
898,PHN Technology,4.2,(1.2k)
899,Federal Bank,3.6,(1.2k)
900,Zetwerk,4.0,(1.2k)
901,Leadec India,4.1,(1.2k)
902,Intel,4.1,(1.2k)
903,Baazar Retail Private Limited,4.5,(1.2k)
904,Sri Chaitanya Techno Schools,3.5,(1.2k)
905,Balkrishna Industries,4.0,(1.2k)
906,Schaeffler India,4.0,(1.2k)
907,Indira IVF Hospital,3.9,(1.2k)
908,Thyrocare Technologies,3.7,(1.2k)
909,Aptiv,3.4,(1.2k)
910,HFCL Limited,3.8,(1.2k)
911,Electronica Finance,4.1,(1.2k)
912,Prism Johnson,3.7,(1.2k)
913,PayPal,3.7,(1.2k)
914,Meril,3.6,(1.2k)
915,Aparna Constructions and Estates,3.9,(1.2k)
916,Salesforce,3.9,(1.2k)
917,FOCUS EDUMATICS,2.9,(1.2k)
918,Birla Corporation,4.0,(1.2k)
919,Apollo Health and Lifestyle Limited,4.3,(1.2k)
920,London Stock Exchange Group,3.6,(1.2k)
921,Podar International School,4.0,(1.2k)
922,The Jaypee Group,3.8,(1.2k)
923,MDIndia Health Insurance TPA,3.6,(1.2k)
924,Johnson Lifts,3.9,(1.2k)
925,Imperial Auto Industries,3.8,(1.2k)
926,Barclays Shared Services,3.8,(1.2k)
927,IIFL Home Finance,3.8,(1.2k)
928,Ocwen Financial Solutions,3.8,(1.2k)
929,Coca-Cola Company,4.0,(1.2k)
930,Nilkamal,3.7,(1.2k)
931,Dhoot Transmission,3.7,(1.2k)
932,Deccan Fine Chemicals,3.6,(1.2k)
933,Motilal Oswal Home Finance,4.3,(1.2k)
934,Stanza Living,3.4,(1.2k)
935,Biocon Biologics,3.7,(1.2k)
936,CaratLane - A Tata Product,4.0,(1.2k)
937,Dishtv,3.4,(1.2k)
938,Bajaj Motors,3.9,(1.2k)
939,Edelweiss,3.6,(1.1k)
940,Edelweiss Life Insurance,3.7,(1.1k)
941,Kohler,3.6,(1.1k)
942,INDO-MIM,4.0,(1.1k)
943,Jacobs Engineering Group,4.2,(1.1k)
944,Navitasys India,4.0,(1.1k)
945,Unicharm,3.9,(1.1k)
946,Barbeque Nation,3.9,(1.1k)
947,Piaggio,3.6,(1.1k)
948,Advantmed,4.0,(1.1k)
949,Jabil Circuit India,4.0,(1.1k)
950,Onward Technologies Inc,2.8,(1.1k)
951,Asirvad Microfinance,3.8,(1.1k)
952,Svatantra Microfin,3.9,(1.1k)
953,Air India Sats Airport Services,3.6,(1.1k)
954,V2 Retail,3.3,(1.1k)
955,TÜV NORD,3.7,(1.1k)
956,TK Elevator,3.8,(1.1k)
957,1Point1 Solutions Ltd,3.5,(1.1k)
958,Birla Opus,4.1,(1.1k)
959,Zydus Wellness,4.1,(1.1k)
960,Sundaram Finance,3.9,(1.1k)
961,MG Motor,3.9,(1.1k)
962,MAHLE ANAND Filter Systems,3.9,(1.1k)
963,Hyundai Mobis,3.7,(1.1k)
964,Wonder Home Finance,4.6,(1.1k)
965,ICON Plc,4.0,(1.1k)
966,Innodata India Private Limited,3.7,(1.1k)
967,Wistron,4.0,(1.1k)
968,Kirloskar Brothers,3.7,(1.1k)
969,Godrej Agrovet,3.9,(1.1k)
970,Knorr-Bremse,3.2,(1.1k)
971,Hikal,3.8,(1.1k)
972,Tube Investments of India,3.8,(1.1k)
973,Vedanta Aluminium Metal,3.8,(1.1k)
974,Syngenta,4.2,(1.1k)
975,Sri Chaitanya Educational Institutions,3.6,(1.1k)
976,Unity Small Finance Bank,3.6,(1.1k)
977,Aarvi Encon,3.9,(1.1k)
978,Hinduja Housing Finance,3.7,(1.1k)
979,HPCL-Mittal Energy Limited,4.3,(1.1k)
980,Tata Capital Housing Finance,3.9,(1.1k)
981,Saipem,4.2,(1.1k)
982,CALIBEHR,3.9,(1.1k)
983,VMware Software,4.4,(1.1k)
984,Gmmco,4.0,(1.1k)
985,Adani Ports and SEZ,3.6,(1.1k)
986,TKIL,4.1,(1.1k)
987,Hitachi Energy,4.0,(1.1k)
988,Pernod Ricard,3.5,(1.1k)
989,SLMG Beverages,3.9,(1.1k)
990,Northcorp Software,4.8,(1.1k)
991,Thermo Fisher Scientific,3.8,(1.1k)
992,GAIL,4.4,(1.1k)
993,Malabar Gold and Diamonds,4.1,(1.1k)
994,Metropolis Healthcare,3.9,(1.1k)
995,Vayona Energy,4.0,(1.1k)
996,Power Grid Corporation of India,4.3,(1.1k)
997,Dana Anand,4.0,(1.1k)
998,Xyz Company,3.8,(1.1k)
999,Crompton Greaves Consumer Electricals,3.7,(1.1k)
1000,BDR Pharmaceuticals International,4.2,(1.1k)
1001,Fractal Analytics,4.0,(1.1k)
1002,Aspire Systems,3.8,(1.1k)
1003,Shyam Steel Group,3.5,(1.1k)
1004,Bajaj Capital Insurance Broking Limited,4.3,(1.1k)
1005,QX Global Group,3.0,(1.1k)
1006,Greenko Group,3.9,(1.1k)
1007,Hindustan Zinc,3.7,(1.1k)
1008,Jet Airways,4.6,(1.1k)
1009,Writer Information Management Services,3.2,(1.1k)
1010,Nexa,3.9,(1.1k)
1011,Zf Rane Automotive,3.9,(1.1k)
1012,Gharda Chemicals Limited,4.0,(1.1k)
1013,Vertiv,3.7,(1.1k)
1014,Wheels,3.9,(1.1k)
1015,Klm Axiva Finvest,4.4,(1.1k)
1016,Netcracker Technology,3.0,(1.1k)
1017,ValueMomentum,3.2,(1.1k)
1018,Otis Elevator,4.1,(1.1k)
1019,BirlaNu,3.8,(1.1k)
1020,IB Group,3.7,(1.1k)
1021,Thomas Cook,4.1,(1.1k)
1022,GlobalData,3.3,(1.1k)
1023,Bharat Sanchar Nigam,3.8,(1.1k)
1024,GVPR Engineers,3.8,(1.1k)
1025,Spencer's Retail,3.7,(1.1k)
1026,Lakshmi Machine Works,3.8,(1.1k)
1027,Atlas Copco,4.1,(1.1k)
1028,ALLEN Career Institute,3.7,(1.1k)
1029,Uber,4.1,(1k)
1030,Nippon Life India Asset Management,4.6,(1k)
1031,Allianz Technology,4.0,(1k)
1032,NBC Bearings,3.9,(1k)
1033,Hitachi Payment Services,3.6,(1k)
1034,Kinara Capital,4.2,(1k)
1035,Amara Raja Group,4.1,(1k)
1036,Syrma SGS Technologies,4.0,(1k)
1037,Tata Cummins,4.4,(1k)
1038,Ceasefire Industries,3.1,(1k)
1039,Vistaar Finance,3.9,(1k)
1040,Skipper,3.9,(1k)
1041,Suzuki Motorcycle,4.0,(1k)
1042,United Breweries,3.3,(1k)
1043,SitusAMC,3.3,(1k)
1044,MakeMyTrip,3.5,(1k)
1045,iQor Global Services,3.4,(1k)
1046,Siemens Energy,4.1,(1k)
1047,Perfetti Van Melle,4.2,(1k)
1048,Fortrea Development India Private Limited,3.9,(1k)
1049,Skoda Auto Volkswagen India,3.9,(1k)
1050,Secure Meters,3.9,(1k)
1051,Comviva Technology,2.7,(1k)
1052,Visionet Systems,3.3,(1k)
1053,Zudio,3.9,(1k)
1054,Arohan Financial Services,3.9,(1k)
1055,Motherson Sumi Wiring,3.7,(1k)
1056,Sahara India Pariwar,3.9,(1k)
1057,Westside,3.7,(1k)
1058,Bounteous x Accolite,3.2,(1k)
1059,Lemon Tree Hotels,4.0,(1k)
1060,Vaco Binary Semantics,3.1,(1k)
1061,TradeIndia (Infocom Network Private Limited),3.4,(1k)
1062,Star Cement,4.0,(1k)
1063,Colgate Palmolive,4.0,(1k)
1064,MasterCard,3.8,(1k)
1065,AstraZeneca,3.8,(1k)
1066,Aparajitha Corporate Services,3.8,(1k)
1067,Temenos,3.2,(1k)
1068,Incheon Motors,4.7,(1k)
1069,Merino Industries,3.7,(1k)
1070,Pristyn Care,3.1,(1k)
1071,Cult.fit,3.5,(1k)
1072,Mastek,3.6,(1k)
1073,eClinicalWorks,3.5,(1k)
1074,Tiger Analytics,3.7,(1k)
1075,Collins Aerospace,3.8,(1k)
1076,VeeTechnologies,4.0,(1k)
1077,Amazon Web Services,3.7,(1k)
1078,Xebia,3.0,(1k)
1079,CarDekho Group,3.6,(1k)
1080,SYSKA LED Lights,2.9,(1k)
1081,C&S Electric,4.0,(1k)
1082,JSW Group,3.9,(1k)
1083,Mahindra Automotives,3.8,(1k)
1084,Wonder Cement,4.2,(1k)
1085,Quantiphi Analytics Solutions Private Limited,3.1,(1k)
1086,Rebel Foods,3.7,(1k)
1087,Lumina Datamatics,3.2,(1k)
1088,National Payments Corporation of India,4.0,(999)
1089,Entain,3.5,(999)
1090,Softenger,3.9,(998)
1091,Lowe's,4.0,(998)
1092,Capacit'e Infraprojects,3.7,(998)
1093,Jyothy Labs,4.0,(998)
1094,Everest Industries,3.8,(997)
1095,J B Chemicals And Pharmaceuticals,3.9,(997)
1096,KEI Industries,4.3,(996)
1097,Technip Energies,4.0,(996)
1098,JW Marriott,4.2,(996)
1099,Marsh McLennan,3.8,(996)
1100,General Mills,4.1,(994)
1101,Yokohama Off-Highway Tires,3.7,(994)
1102,Natco Pharma,4.0,(992)
1103,Psp Projects,3.8,(992)
1104,TechnipFMC,3.9,(991)
1105,Pizza Hut,4.0,(990)
1106,Salcomp Manufacturing,4.0,(990)
1107,Barclays Global Service Centre,3.9,(989)
1108,Napino Auto & Electronics,3.9,(987)
1109,Hiranandani Financial Services,4.4,(987)
1110,Kendriya Vidyalaya Sangathan,4.3,(986)
1111,Financial Software & Systems,3.6,(986)
1112,VIP Industries,3.7,(985)
1113,Guidehouse,3.6,(984)
1114,Defence Research & Development Organisation,4.4,(984)
1115,LOREAL,3.8,(982)
1116,Pricol,3.9,(981)
1117,Astral Adhesives,3.8,(981)
1118,Shriram General Insurance,3.6,(979)
1119,Altisource,3.5,(978)
1120,JSW Paints,3.8,(973)
1121,Xceedance,3.5,(972)
1122,Adani Enterprises,3.7,(968)
1123,Pramerica Life Insurance,3.7,(967)
1124,Cohance Lifesciences,3.9,(966)
1125,Gannon Dunkerley & Co.,3.3,(965)
1126,LanceSoft,3.2,(964)
1127,Jaro Education,3.2,(963)
1128,Navayuga Engineering Company,3.9,(963)
1129,Signify,3.4,(963)
1130,SFO Technologies,3.4,(962)
1131,Amphenol Interconnect,4.2,(961)
1132,Timken,3.9,(961)
1133,Velocis Systems,3.8,(960)
1134,Nasser S. Al Hajri Corporation,3.6,(960)
1135,KMV Projects Limited,4.3,(959)
1136,ICCS,3.0,(959)
1137,Knight Frank,4.0,(958)
1138,Aristo Pharmaceuticals,3.9,(955)
1139,Mando Automotive,4.0,(955)
1140,Regulated Council of Immigration Consultants,4.9,(953)
1141,Episource,3.9,(952)
1142,Petrofac,4.3,(951)
1143,FLSmidth,3.6,(950)
1144,Reliance Power,4.1,(950)
1145,Tikona Infinet,3.4,(950)
1146,FastInfo,4.2,(950)
1147,Bhanzu,3.7,(950)
1148,Volvo,4.0,(949)
1149,"Commonwealth Bank of Australia, India",2.7,(949)
1150,Sandhar Technologies,3.7,(949)
1151,Jubilant Pharmova,3.7,(949)
1152,Godfrey Phillips India,4.0,(948)
1153,Hathway,3.4,(946)
1154,CIEL HR,3.9,(946)
1155,Bayer,4.0,(943)
1156,Medhaj Techno Concept,4.0,(942)
1157,Tafe Motors & Tractors,3.9,(942)
1158,Medha Servo Drives,4.2,(941)
1159,Target,4.0,(941)
1160,Apotex Research,3.7,(940)
1161,Steag Energy Services,4.3,(938)
1162,Naukri,4.1,(937)
1163,OCS Group,4.1,(935)
1164,MAS Financial Services Ltd,3.6,(934)
1165,Intellipaat Software Solutions,3.9,(934)
1166,Schlumberger,3.7,(933)
1167,Greenlam Industries,4.1,(933)
1168,SKH Metals,4.0,(932)
1169,Re Sustainability Limited,3.8,(930)
1170,Deepak Fertilisers and Petrochemicals,4.0,(930)
1171,Sundaram Clayton,3.9,(929)
1172,GE Healthcare,3.9,(929)
1173,M3M India,4.1,(929)
1174,Nirma,4.2,(928)
1175,Aviva Life Insurance India,3.4,(928)
1176,Netscribes,2.7,(928)
1177,HomeLane,3.3,(928)
1178,Test Yantra Software Solutions,3.0,(928)
1179,Wakefit,3.9,(927)
1180,Simplilearn,3.8,(924)
1181,Experis IT,3.0,(924)
1182,Aircel,4.4,(923)
1183,Amazon Sellers Services,4.0,(923)
1184,Ashirvad Pipes,3.8,(923)
1185,HT Media,3.0,(922)
1186,Orient Electric,3.7,(922)
1187,Neel Metal Products,4.0,(921)
1188,Alok Industries,3.6,(921)
1189,Nityo Infotech,3.2,(921)
1190,Yashoda Hospitals,3.9,(918)
1191,Michelin,3.7,(917)
1192,Vijay Sales,4.0,(916)
1193,Bosch Chassis Systems,4.1,(911)
1194,Sona Comstar,4.0,(911)
1195,Egis India Consulting Engineers,4.2,(910)
1196,Ageas Federal Life Insurance,3.5,(908)
1197,Updater Services,3.7,(907)
1198,Musashi Auto Parts,3.8,(906)
1199,ACL Digital,3.6,(906)
1200,Nibav Lifts,4.0,(902)
1201,Carborundum Universal Limited,3.7,(901)
1202,Volkswagen,4.1,(900)
1203,Ups Logistics,3.5,(900)
1204,Wipro PARI,3.2,(900)
1205,Integra Software Services,3.9,(899)
1206,Centum Electronics,3.5,(899)
1207,TNQ Tech Private Limited,3.5,(899)
1208,RAMTeCH Software Solutions,3.7,(899)
1209,Truhome Finance,3.6,(899)
1210,Satya MicroCapital,3.7,(899)
1211,WSP,4.2,(898)
1212,H&M,3.8,(897)
1213,Acme Cleantech Solutions,4.0,(897)
1214,Alorica,3.0,(897)
1215,Nlb Services,3.6,(893)
1216,Silaris Informations,2.9,(893)
1217,AJIO,3.6,(893)
1218,Apar Industries,4.1,(892)
1219,Tata Chemicals,3.9,(891)
1220,IDEMIA,3.8,(891)
1221,Epsilon,3.6,(891)
1222,Marks & Spencer,3.8,(889)
1223,BGR Energy Systems,3.8,(888)
1224,Ather Energy,4.1,(887)
1225,Fedbank Financial Services,4.0,(887)
1226,India Shelter Finance Corporation,3.8,(886)
1227,Magna International,3.9,(886)
1228,Shilpa Medicare,3.4,(885)
1229,Parag Milk Foods,3.9,(884)
1230,Panacea Biotec,3.5,(883)
1231,MOURI Tech,3.6,(883)
1232,Tata Starbucks,4.1,(883)
1233,Athena BPO,3.3,(882)
1234,Nexdigm,3.7,(880)
1235,Vedanta Limited,3.7,(880)
1236,UKG,2.9,(880)
1237,National Health Mission,3.5,(880)
1238,Next Education India,3.2,(879)
1239,C.R.I. Pumps,3.9,(877)
1240,Metso,4.1,(877)
1241,Torry Harris Integration Solutions,4.1,(876)
1242,Future Focus Infotech,3.3,(876)
1243,Patel Infrastructure Limited,4.4,(876)
1244,Rohan Builders,4.1,(876)
1245,Parekh Integrated Services,4.0,(874)
1246,Victura Technologies Private Limited,4.0,(874)
1247,Tata Hitachi Construction Machinery,4.0,(873)
1248,Porter,3.5,(872)
1249,enGen Global,3.8,(871)
1250,Tata Power Solar,4.1,(871)
1251,Swaraj Tractors,4.0,(869)
1252,Shaktiman Tirth Agro Technology,3.9,(869)
1253,Casagrand,3.8,(868)
1254,Rico Auto Industries,3.8,(867)
1255,Jaya Hind Industries,3.7,(866)
1256,Precision Infomatic M Pvt Ltd,3.8,(866)
1257,Shivalik Small Finance Bank,4.2,(866)
1258,Sutherland Healthcare Solutions,3.7,(866)
1259,Union Bank of India,3.9,(865)
1260,Clarivate,3.7,(865)
1261,KGISL,3.0,(863)
1262,LEAD School,3.2,(863)
1263,Impact Infotech Pvt. Ltd.,3.4,(860)
1264,Bechtel,3.9,(860)
1265,HP India,3.8,(857)
1266,Mahindra First Choice,3.8,(856)
1267,IBS Software Services,3.5,(856)
1268,AuthBridge Research Services,3.1,(856)
1269,Sanden Vikas,4.0,(854)
1270,Lumen Technologies,3.9,(854)
1271,Rockwell Automation,3.7,(853)
1272,Royal Sundaram General Insurance,3.7,(853)
1273,Mahindra Tractors,4.1,(852)
1274,Fareportal,3.0,(852)
1275,BDO,3.2,(851)
1276,Eris Lifesciences,3.6,(851)
1277,Guardian India,3.8,(851)
1278,RR kabel,4.1,(850)
1279,Ascendion,3.2,(848)
1280,Bank of India,4.0,(847)
1281,Luxoft,3.6,(847)
1282,Greaves Cotton,4.0,(846)
1283,Serco,4.2,(846)
1284,Principal Global Services,3.6,(845)
1285,Syneos Health,3.6,(845)
1286,Five-Star Business Finance,4.1,(845)
1287,Orion Edutech,4.1,(844)
1288,K Raheja Corp,4.1,(844)
1289,Medusind Solutions,3.5,(844)
1290,Baxter International,3.8,(844)
1291,Duck Creek Technologies,4.5,(843)
1292,Petpooja,4.0,(843)
1293,Encore Capital Group,3.8,(842)
1294,Poly Medicure,3.5,(840)
1295,Freshworks,3.3,(840)
1296,Zydus Healthcare,4.0,(840)
1297,Rodic Consultants,4.2,(839)
1298,eTeam,3.2,(838)
1299,Rashmi Group,3.5,(838)
1300,Artech Infosystems,3.3,(838)
1301,Waaree Energies,4.0,(838)
1302,Consolidated Contractors,4.3,(836)
1303,Feedback Infrastructure Services,3.4,(836)
1304,FIITJEE,3.2,(835)
1305,Advik Hi Tech,3.7,(834)
1306,Arvind Lifestyle Brands,4.0,(834)
1307,Teamware Solutions,4.1,(834)
1308,Vastu Housing Finance,4.1,(834)
1309,Sunbeam Auto,3.9,(833)
1310,Bpo Convergence,3.4,(833)
1311,Ford Business Solutions,4.1,(833)
1312,Dineshchandra R. Agrawal Infracon,4.0,(832)
1313,DBG Technology,3.6,(832)
1314,Ugro Capital,3.7,(831)
1315,Linde India,3.9,(829)
1316,Ramco Systems,3.7,(829)
1317,Y-Axis Overseas Careers,4.1,(829)
1318,Praj Industries,4.0,(828)
1319,JK Paper,3.8,(827)
1320,Prama Hikvision India,3.5,(827)
1321,Huhtamaki,3.9,(826)
1322,Amber Enterprises India,3.9,(826)
1323,Credence Resource Management,3.0,(826)
1324,Qualitest,3.6,(826)
1325,Universal Sompo General Insurance,4.4,(824)
1326,Bill Gosling Outsourcing India,3.5,(822)
1327,Ramkrishna Forgings,3.4,(821)
1328,Qinecsa Solutions,2.7,(821)
1329,Punj Lloyd,4.0,(820)
1330,Novac Technology Solutions,3.5,(820)
1331,Jio-bp,3.6,(819)
1332,Vijaya Diagnostic Centre,3.8,(818)
1333,Border Security Force,4.5,(818)
1334,Aequs,3.4,(817)
1335,Prince Pipes & Fittings,4.1,(815)
1336,Zuventus Healthcare,3.8,(815)
1337,Investors Clinic,3.6,(814)
1338,AISIN,4.1,(813)
1339,THE LEELA PALACES HOTELS & RESORTS,4.0,(812)
1340,RenewBuy,3.3,(812)
1341,Fluor Corporation,4.1,(811)
1342,IFFCO,4.1,(810)
1343,Progressive Techserve,3.2,(810)
1344,Ask Automotive,4.2,(810)
1345,Nippon Koei India,4.7,(810)
1346,PUMA,4.1,(809)
1347,Somany Ceramics,4.2,(809)
1348,Eveready Industries,3.9,(807)
1349,Radical Minds,2.8,(807)
1350,Chennai Radha Engineering Works,3.9,(806)
1351,Wipro Consumer Care & Lighting,3.6,(806)
1352,Hitachi,3.8,(806)
1353,Engineers India,4.2,(805)
1354,Zidio Development,4.4,(805)
1355,Maveric Systems,3.3,(805)
1356,Hilti,3.3,(804)
1357,JM Financial,3.8,(803)
1358,Action Construction Equipment,3.7,(803)
1359,Rallis India,4.0,(803)
1360,Intex Technologies,3.6,(802)
1361,Intex Technologies,3.6,(802)
1362,Careernet,3.6,(802)
1363,Franklin Templeton Investments,3.8,(802)
1364,Indo Autotech,3.9,(802)
1365,Travel Food Services Ltd,4.0,(801)
1366,Denave,3.4,(800)
1367,Microtek International,3.7,(800)
1368,Jai Balaji Group,3.2,(799)
1369,Creative Synergies Group,3.9,(797)
1370,First Advantage,3.4,(796)
1371,Hitachi Digital Services,3.5,(796)
1372,Toyo Engineering,4.0,(795)
1373,People Tech Group,2.3,(794)
1374,Wabtec,3.8,(794)
1375,Wapcos,3.1,(793)
1376,Forever Living Products,4.2,(793)
1377,Lea Associates South Asia,4.3,(793)
1378,Pratap Technocrats,3.7,(792)
1379,Lenovo,4.0,(791)
1380,Edubridge Learning,3.8,(790)
1381,Ksb Pumps,3.7,(789)
1382,Fleetguard Filters Private Limited,4.3,(788)
1383,Neurealm,3.4,(788)
1384,NTT,3.9,(788)
1385,Padget Electronics,3.7,(787)
1386,Reliance Smart,4.1,(786)
1387,Allied Digital Services,3.2,(786)
1388,Celebal Technologies,3.0,(786)
1389,ManipalCigna Health Insurance,3.7,(786)
1390,Fidelity International,3.5,(786)
1391,Forvia Hella,3.7,(784)
1392,Alivus Life Sciences,3.8,(784)
1393,JioStar,3.5,(783)
1394,Quatrro Business Support Services,3.2,(782)
1395,Skill Lync,3.1,(781)
1396,Protiviti,3.0,(781)
1397,Bses Rajdhani Power,3.8,(780)
1398,VA Tech Wabag,3.8,(780)
1399,Amadeus,3.7,(780)
1400,Bunge India,3.9,(780)
1401,Transrail Lighting,4.0,(780)
1402,ESL Steel,3.8,(779)
1403,Eastman Auto and Power Limited,3.9,(779)
1404,Central Industrial Security Force,4.3,(779)
1405,Creambell,3.9,(779)
1406,Aurigo Software Technologies,4.6,(778)
1407,Neuland Laboratories,4.0,(777)
1408,National Informatics Centre,3.9,(776)
1409,Assystem,3.2,(776)
1410,Times Internet,3.4,(775)
1411,Exicom,4.0,(774)
1412,Ameriprise Financial,3.7,(774)
1413,Volkswagen Group Digital Solutions [India],3.9,(773)
1414,BNP Paribas India Solutions,3.6,(773)
1415,Vaaman Engineers,3.7,(773)
1416,Sharda Motor Industries,3.7,(772)
1417,Mott MacDonald,3.9,(772)
1418,Mindsprint,3.5,(772)
1419,Steel Authority Of India,4.1,(771)
1420,Wipro Infrastructure Engineering,3.7,(770)
1421,Zee Entertainment Enterprises,3.4,(770)
1422,CMS Computers Limited (INDIA),3.7,(769)
1423,India Japan Lighting,4.1,(769)
1424,Veradigm,3.7,(769)
1425,TO THE NEW,3.6,(769)
1426,Sterling Tools,4.5,(769)
1427,UnitedLex,2.6,(768)
1428,HSBC Software Development,4.0,(768)
1429,McDermott International,4.1,(768)
1430,Greenply,3.8,(767)
1431,Finolex Cables,3.7,(764)
1432,Google Operations Center,3.5,(763)
1433,Samsung E&A,4.0,(762)
1434,Livguard,3.9,(762)
1435,Integreon,3.2,(761)
1436,Better.com,3.0,(760)
1437,JSW Energy,4.1,(760)
1438,Religare,3.6,(761)
1439,Stellantis,3.4,(760)
1440,LifeCell International,3.3,(759)
1441,BCD Travel,4.3,(759)
1442,Brane Enterprises,2.1,(759)
1443,Smollan Group,3.9,(759)
1444,Eugia Pharma Specialities,4.0,(759)
1445,Bitwise Solutions,3.5,(758)
1446,Trianz,3.7,(758)
1447,Rackspace,3.7,(758)
1448,India Cements,3.8,(758)
1449,Hapag-Lloyd,3.8,(757)
1450,RITES,3.9,(757)
1451,Electrosteel Casting,3.6,(756)
1452,LG Soft India,2.6,(756)
1453,Primus Global Technologies,3.7,(755)
1454,R.V.R. PROJECTS,3.8,(755)
1455,Boeing,3.8,(754)
1456,Dunzo,3.5,(754)
1457,EMERSON PROCESS MANAGEMENT,4.0,(753)
1458,Care Hospital,4.1,(752)
1459,CADD Centre Training Services,3.9,(752)
1460,Isuzu Motors,4.2,(751)
1461,Deepak Nitrite,3.8,(751)
1462,1 India Family Mart,4.6,(751)
1463,B. G. Shirke Construction Technology,4.1,(749)
1464,ASG Eye Hospital,3.5,(748)
1465,Mswipe Technologies,3.2,(748)
1466,Redcliffe Labs,4.0,(746)
1467,Sun Life Financial,3.8,(746)
1468,V-Trans,3.8,(746)
1469,BDO India LLP,3.1,(745)
1470,Galfar,3.8,(746)
1471,ReSource Pro,3.7,(745)
1472,Genus Power Infrastructures,3.9,(744)
1473,bp,3.7,(744)
1474,KreditBee,3.6,(744)
1475,SLK Global Services,4.0,(743)
1476,The Akshaya Patra Foundation,4.4,(743)
1477,Koch Business Solutions,3.1,(743)
1478,Delta Electronics,3.8,(743)
1479,AI Airport Services,3.2,(743)
1480,Sterlite Power,4.1,(743)
1481,Mitsubishi Electric India,4.2,(742)
1482,Ag Industries,4.0,(741)
1483,OLX India,3.8,(740)
1484,McKinsey & Company,3.8,(740)
1485,Turtlemint,3.7,(740)
1486,Home First Finance Company India,3.5,(739)
1487,Evision Technoserve,4.8,(739)
1488,Wow Momo Foods,4.1,(738)
1489,GirnarSoft,3.6,(737)
1490,Shalby Hospitals,4.2,(737)
1491,Nvidia,3.5,(736)
1492,Indusind Marketing & Financial Services,3.7,(735)
1493,Tredence,3.3,(735)
1494,Tavant Technologies,3.8,(732)
1495,Razorpay,3.4,(732)
1496,Kissht Finance,3.9,(731)
1497,Adidas,3.9,(731)
1498,Molex,3.9,(731)
1499,Expleo Solutions,3.5,(731)
1500,TDK India Private Limited,3.9,(731)
1501,Bikanervala,3.8,(730)
1502,Bristlecone,3.6,(730)
1503,URC Construction,3.6,(729)
1504,Rentokil Pest Control,3.5,(727)
1505,DuPont,4.2,(726)
1506,Vertex Customer Solutions,3.5,(725)
1507,Bahwan CyberTek,3.3,(725)
1508,Lavender Technology,4.9,(724)
1509,Thriveni Earthmovers,3.9,(724)
1510,Cotiviti,3.5,(723)
1511,NecLife,3.5,(721)
1512,Medreich,3.9,(721)
1513,Infor Global Solution,3.9,(721)
1514,Visteon,3.1,(721)
1515,Biba Apparels,3.5,(721)
1516,Jubilant Ingrevia,3.8,(721)
1517,Central Bank of India,3.9,(720)
1518,BSH Home Appliances Group,3.8,(720)
1519,Gartner,3.8,(719)
1520,BDO RISE Private Limited,3.6,(719)
1521,Amrit Cement,3.9,(718)
1522,Goodyear,3.4,(717)
1523,Apple,4.3,(717)
1524,ffreedom app,3.4,(716)
1525,Diebold Nixdorf,3.6,(716)
1526,Ramky Infrastructure,4.2,(716)
1527,PrimEra Medical Technologies,3.5,(716)
1528,Raychem RPG,3.7,(714)
1529,Lovely Professional University,3.3,(714)
1530,Dodla Dairy,4.2,(714)
1531,Vindhya Telelinks,4.0,(714)
1532,CtrlS,3.7,(713)
1533,Wolters Kluwer,3.8,(713)
1534,Ness Digital Engineering,3.2,(713)
1535,uFaber,2.3,(713)
1536,Patel Engineering,4.1,(711)
1537,Progressive Infovision,3.9,(711)
1538,Asb International,3.7,(711)
1539,TTK Prestige,3.8,(710)
1540,Vizag Steel,3.9,(709)
1541,Mynd Solutions Private,3.7,(709)
1542,Moglix,3.3,(709)
1543,Joyalukkas,4.6,(709)
1544,Technotask Business Solutions,3.4,(709)
1545,Radico Khaitan,4.0,(708)
1546,XcelServ Solutions,4.4,(708)
1547,TransUnion,3.6,(708)
1548,IHG,3.6,(707)
1549,Bharat Serums and Vaccines,3.9,(707)
1550,Magic Bus India Foundation,3.9,(707)
1551,Nomura Holdings,3.6,(706)
1552,Wuerth,3.5,(706)
1553,HRH Next Services,3.0,(706)
1554,Nephroplus,3.8,(704)
1555,Bisk Farm,4.0,(704)
1556,Kaar Tech,4.3,(703)
1557,Elite Elevators,4.2,(703)
1558,PPG Asian Paints,3.8,(702)
1559,Lohia Corp,4.0,(702)
1560,SG Analytics,2.5,(701)
1561,Transsion,3.9,(701)
1562,Revolut,2.5,(701)
1563,TCNS Clothing Company,4.1,(701)
1564,Emami Agrotech,3.8,(700)
1565,Flash Electronics,3.5,(700)
1566,Keventer,3.7,(700)
1567,Capco Technologies,3.8,(700)
1568,Csc E Governance Services,3.8,(699)
1569,LEAP India Limited,4.6,(699)
1570,Autoliv,3.9,(698)
1571,Blue Yonder,3.5,(698)
1572,North East Small Finance Bank,3.5,(698)
1573,Bridgestone - Global Capability Center,4.0,(698)
1574,Samunnati,4.5,(698)
1575,Micro Turners,3.8,(697)
1576,Quislex Legal Services,4.1,(697)
1577,VRL Logistics,3.7,(697)
1578,Leverage Edu,4.0,(696)
1579,Titan Eye Plus,4.1,(696)
1580,Sykes Business Services Of India,3.4,(696)
1581,BASF,4.2,(695)
1582,ChannelPlay,3.8,(695)
1583,HSBC Bank,4.0,(695)
1584,YOKOGAWA,3.8,(695)
1585,Caparo Engineering India,3.9,(695)
1586,Rane NSK Steering Systems,4.0,(694)
1587,Tejas Networks,3.8,(694)
1588,Magic EdTech,3.5,(694)
1589,Mahindra Integrated Business Solutions,3.4,(694)
1590,NSB Bpo Solutions,2.8,(694)
1591,Triveni Engineering & Industries,4.1,(693)
1592,Medtronic,3.9,(693)
1593,Orient Technologies,3.7,(692)
1594,TVS Electronics,3.7,(691)
1595,Surya Roshni,4.1,(691)
1596,Teamlease Digital,3.3,(691)
1597,Testbook.com,3.3,(691)
1598,Cohesity,3.9,(691)
1599,Doosan Power Systems,4.3,(690)
1600,R.S. Infraprojects,4.0,(690)
1601,Orient Cement,4.4,(690)
1602,Neeyamo Enterprise Solutions,3.5,(689)
1603,Lionbridge Technologies,3.5,(689)
1604,MPS Limited,3.5,(689)
1605,Bayer Crop Science Vegetable Seeds,4.2,(688)
1606,Wissen Infotech,3.5,(688)
1607,Kurlon,4.3,(688)
1608,Welspun World,3.7,(688)
1609,HCL Healthcare,4.6,(688)
1610,Livpure,3.8,(687)
1611,CJ Darcl Logistics Limited,4.0,(687)
1612,Corteva Agriscience,4.3,(687)
1613,Wissen Technology,3.8,(687)
1614,Vasudha Pharma Chem,4.0,(687)
1615,Solv,3.4,(686)
1616,Embibe,3.4,(685)
1617,PCBL Chemical Limited,3.9,(685)
1618,BrightCHAMPS,4.3,(683)
1619,Dhanuka Agritech,3.7,(683)
1620,Toppr,3.4,(682)
1621,Office Beacon,4.5,(682)
1622,CSC,3.6,(682)
1623,Narayana e-Techno School,3.6,(681)
1624,Redington,4.0,(681)
1625,EPL Limited,3.8,(681)
1626,Grihum Housing Finance,3.7,(681)
1627,SMC Global Securities,3.5,(680)
1628,Impetus Technologies,3.2,(680)
1629,ANAROCK Property Consultants,3.5,(680)
1630,Housing.com,3.5,(679)
1631,Saint Gobain Glass,3.9,(679)
1632,JoulestoWatts Business Solutions,3.4,(679)
1633,Quess IT Staffing Solutions,3.2,(678)
1634,Osource Global,3.5,(677)
1635,InternEzy,4.9,(676)
1636,Krsnaa Diagnostics,3.5,(675)
1637,Ingram Micro,3.6,(675)
1638,My Home Industries,4.1,(674)
1639,Optimum Infosystem,3.2,(674)
1640,Snapdeal,3.5,(673)
1641,DAV Public School,3.9,(673)
1642,Nihilent,3.2,(672)
1643,Surin Automotive,3.8,(672)
1644,Indorama,3.9,(672)
1645,Government of India,4.2,(671)
1646,TCI Express,3.9,(671)
1647,Licious,3.5,(671)
1648,Belstar Microfinance,3.9,(670)
1649,Sintex BAPL,3.6,(670)
1650,NextComm Corporation,4.8,(669)
1651,DeHaat,3.5,(669)
1652,Quality Austria Central Asia,3.5,(668)
1653,Careon Healthcare Solutions,3.9,(668)
1654,Sigma Engineered Solutions,3.9,(667)
1655,Centaur Pharmaceuticals,3.5,(667)
1656,Carrier,3.7,(667)
1657,TDS Lithium-Ion Battery,4.2,(667)
1658,Omaxe,4.2,(666)
1659,Future Supply Chain Solutions,4.4,(666)
1660,PeopleStrong,3.3,(665)
1661,Tata Power Delhi Distribution,3.8,(665)
1662,Corporate Infotech,3.7,(665)
1663,BankBazaar,3.2,(665)
1664,MAQ Software,3.0,(662)
1665,Marlabs,3.5,(662)
1666,Epicenter Technologies,3.4,(662)
1667,Finova Capital,3.8,(662)
1668,NiCE,3.6,(662)
1669,Kutumbh Care,4.0,(662)
1670,Suroj Buildcon,4.0,(661)
1671,Inspirisys Solution,3.7,(661)
1672,Collegedunia,3.3,(660)
1673,Celebi Aviation Holding,4.0,(660)
1674,L&T Power,4.0,(660)
1675,Healthians,4.0,(660)
1676,Anudip Foundation,4.1,(659)
1677,National Stock Exchange of India,3.5,(659)
1678,Yatra,3.3,(659)
1679,Qatar Airways,3.4,(659)
1680,Times Group,3.7,(658)
1681,Chaitanya India Fin Credit,4.1,(658)
1682,Welspun Corp,4.0,(656)
1683,RealPage,3.6,(656)
1684,Hetero Healthcare,3.5,(656)
1685,Cogoport,3.2,(656)
1686,Pennar Industries,3.5,(655)
1687,SOLAR INDUSTRIES INDIA,3.7,(655)
1688,Vikram Solar,3.6,(655)
1689,FCC Clutch,3.9,(655)
1690,TIAA Global Business Services,3.7,(655)
1691,Gainwell Commosales,4.0,(654)
1692,3M,3.9,(654)
1693,Ramboll,4.0,(654)
1694,Fiat India Automobiles,3.5,(653)
1695,Kaizen IT Services,3.8,(653)
1696,Forbes Marshall,3.9,(652)
1697,ICA Edu Skills,3.8,(652)
1698,Alshaya Group,3.7,(652)
1699,Me n Moms,4.1,(651)
1700,Monte Carlo,4.2,(651)
1701,Myk Laticrete,3.8,(651)
1702,AML RightSource,2.5,(651)
1703,Airports Authority of India,4.3,(650)
1704,Danfoss Industries,3.8,(649)
1705,Talentpro,3.8,(649)
1706,GKN,3.9,(648)
1707,Kiya.ai,4.0,(648)
1708,Avaada Group,4.3,(648)
1709,South Indian Bank,3.3,(648)
1710,Uno Mindarika,4.0,(648)
1711,Geojit Financial Services,3.4,(648)
1712,Motilal Oswal Wealth Management,4.4,(647)
1713,Philips Innovation Campus,3.7,(647)
1714,Blackrock,3.5,(647)
1715,TVS Eurogrip,3.6,(647)
1716,The Lalit,3.3,(646)
1717,Ferrero,3.9,(646)
1718,Ebixcash Global Services,3.2,(646)
1719,ACKO,3.3,(646)
1720,NoBrokerHood,2.7,(646)
1721,Videocon d2h,3.8,(645)
1722,Sir H. N. Reliance Foundation Hospital and Research,4.3,(645)
1723,B.L. Kashyap & Sons,3.7,(644)
1724,Global Healthcare Billing Partners,3.3,(644)
1725,Avalon Technologies,3.8,(644)
1726,Sandvik Asia,4.1,(643)
1727,NRB Bearings,4.0,(643)
1728,Varun Motors,3.7,(643)
1729,UKB Electronics Limited,3.5,(643)
1730,Varthana,4.0,(643)
1731,ExportersIndia,4.9,(642)
1732,Sapphire Foods India,3.8,(642)
1733,Electrotherm,4.2,(641)
1734,Khazana Jewellery,3.9,(641)
1735,InsuranceDekho,3.5,(641)
1736,Maharashtra Seamless,3.5,(640)
1737,NetConnectGlobal,3.1,(640)
1738,Emids Technologies Limited,3.6,(639)
1739,Data Entry,4.2,(639)
1740,Mount Litera Zee School,3.7,(639)
1741,Data Entry,4.2,(639)
1742,Manjushree Technopack,3.5,(639)
1743,Tecnimont,3.8,(638)
1744,Suraksha Diagnostic,3.7,(638)
1745,Sasken,3.6,(637)
1746,Continental,3.7,(637)
1747,Central Reserve Police Force,4.6,(637)
1748,Serum Institute of India,4.2,(637)
1749,Schwing Stetter,3.8,(637)
1750,Reliance Jewels,3.9,(637)
1751,IDBI Intech Limited,3.2,(636)
1752,Hamilton Housewares,3.8,(635)
1753,Turbo Energy,4.1,(635)
1754,Kirloskar Ferrous Industries,3.6,(635)
1755,Cashify,3.9,(634)
1756,Action Tesa,3.9,(634)
1757,Suma Soft,3.5,(632)
1758,Infinity Learn,4.2,(632)
1759,Annalect,3.4,(631)
1760,Trigent Software,3.3,(631)
1761,Sapiens,3.1,(631)
1762,Shriram Automall,4.0,(630)
1763,HDFC Asset Management Company,4.1,(630)
1764,Sl Lumax,3.4,(630)
1765,Pyramid IT Consulting,3.1,(629)
1766,Nucleus Software Exports,3.2,(628)
1767,HashedIn by Deloitte,3.8,(628)
1768,Medcode,3.8,(628)
1769,Adani Cement,3.4,(628)
1770,Finastra,3.7,(628)
1771,Varindera Constructions,4.4,(628)
1772,Sterling Oil Exploration & Energy Production,3.6,(628)
1773,Godrej Industries,4.0,(627)
1774,Kajaria Ceramics,3.8,(627)
1775,Einfochips,3.5,(627)
1776,Sudarshan Chemical Industries,3.9,(627)
1777,Crowne Plaza,4.1,(627)
1778,Eli Lilly and Company,3.3,(627)
1779,IRB Infrastructure,3.9,(627)
1780,Royaloak Incorporation,3.6,(627)
1781,Aster Dm Healthcare,3.7,(626)
1782,Finolex Industries,3.7,(626)
1783,Jubilant Agri and Consumer Products,3.9,(626)
1784,Zaalima Development,4.3,(626)
1785,Dr. Batras' Positive Health Clinic,3.7,(625)
1786,Nspira Management Services,3.7,(625)
1787,Cyfuture,2.9,(624)
1788,Okaya Power,3.7,(624)
1789,Renovision Automation Services,3.3,(624)
1790,CSM Technologies,3.9,(624)
1791,Karvy Stock Broking,3.6,(623)
1792,Shivam Autotech,3.5,(623)
1793,Mrs Bector's Food Specialities,3.8,(623)
1794,The Saraswat Co-operative Bank,3.2,(622)
1795,Fiem Industries,3.7,(622)
1796,Sintex Industries,3.9,(622)
1797,EaseMyTrip.com,4.0,(621)
1798,Mavenir Systems,3.3,(621)
1799,Becton Dickinson,3.9,(621)
1800,BMC Software,3.9,(620)
1801,Family Health Plan,3.7,(620)
1802,Rocket India,4.0,(620)
1803,Super Smelters,3.7,(620)
1804,ThoughtWorks,3.9,(619)
1805,Hpl Electric & Power,3.7,(619)
1806,C5i,4.3,(618)
1807,Toyoda Gosei Minda,4.2,(618)
1808,IKEA,4.0,(618)
1809,BT E Serv,3.9,(618)
1810,AgroStar,4.0,(618)
1811,Heidelberg Cement,4.0,(618)
1812,Ongc Petro Additions,4.0,(617)
1813,DHL Global Forwarding,3.8,(616)
1814,Anmol Industries,3.9,(616)
1815,ITC Limited Foods Division,3.9,(616)
1816,Netmeds.com,3.9,(616)
1817,Jayaswal Neco Industries Limited,4.1,(616)
1818,Gestamp,3.7,(616)
1819,Hitachi Systems Micro Clinic,4.0,(614)
1820,CSG International,3.5,(614)
1821,Consulting Engineers Group,4.0,(614)
1822,HLL Lifecare,3.7,(613)
1823,Pinnacle,3.4,(613)
1824,Bharat Biotech International,3.1,(613)
1825,Ofbusiness,2.9,(613)
1826,VDA Infosolutions,3.8,(612)
1827,APL Apollo Tubes,4.1,(612)
1828,Jain Irrigation Systems,3.7,(611)
1829,Grab A Grub Services,4.0,(611)
1830,Royal Caribbean International,4.1,(610)
1831,Lulu International Shopping Mall,3.7,(610)
1832,FNP,3.7,(610)
1833,Holiday Inn,3.9,(609)
1834,EdgeVerve Systems,3.2,(609)
1835,Jaipur Rugs,4.2,(608)
1836,United Colors of Benetton,4.4,(608)
1837,BAXY Limited,4.0,(608)
1838,Carnival Cruise Lines,4.1,(608)
1839,Blackberrys,3.7,(607)
1840,MothersonSumi INfotech & Designs,3.4,(607)
1841,Blackberrys,3.7,(607)
1842,Laxmi Organic Industries,3.6,(607)
1843,Hettich,3.6,(606)
1844,Expleo Group,3.5,(606)
1845,Pathkind Diagnostics Private Limited,3.9,(606)
1846,Accion Labs,3.5,(606)
1847,DealShare,3.6,(606)
1848,Infotact Solutions,4.4,(605)
1849,Aurionpro Solutions,3.4,(604)
1850,Vedang Cellular Services,3.8,(604)
1851,Orra Fine Jewellery,3.5,(604)
1852,Dhani Services,3.6,(603)
1853,Allianz Services,4.0,(603)
1854,Iron Mountain Inc,3.7,(603)
1855,SIS Prosegur Holdings,3.5,(603)
1856,Polaris Consulting,4.2,(602)
1857,Maxicus,3.9,(601)
1858,Kauvery Hospital,3.9,(601)
1859,Inspira Enterprise India Limited,3.6,(600)
1860,NLC India Limited,4.4,(599)
1861,Dr. Reddy's Foundation,3.7,(599)
1862,Colt Technology Services,4.2,(598)
1863,Medley Pharmaceuticals,3.8,(598)
1864,Apitoria Pharma,4.2,(598)
1865,IDP Education Limited,3.6,(598)
1866,IKF Finance,4.0,(597)
1867,Ascent HR Technologies Private Limited,3.6,(596)
1868,Ambit Finvest,4.0,(596)
1869,Bridge & Roof Co,3.4,(596)
1870,Vadilal Industries,4.2,(596)
1871,Excitel Broadband,3.7,(596)
1872,Premier Energies,4.0,(596)
1873,HUDL,3.2,(596)
1874,Fenesta Building Systems,4.0,(595)
1875,QSpiders,3.7,(595)
1876,Ugam Solution,3.5,(594)
1877,Cvent,3.2,(594)
1878,ArcelorMittal,4.0,(594)
1879,Affinity Express,2.8,(594)
1880,ShareChat,3.6,(594)
1881,Saudi Aramco,4.4,(594)
1882,Columbia Asia,4.6,(594)
1883,Coal India,3.9,(593)
1884,Efs Facilities Services,3.8,(593)
1885,Maharashtra State Electricity Distribution Company,4.3,(592)
1886,Pamac Finserve,3.1,(592)
1887,Country Delight,3.9,(592)
1888,Magma General Insurance Limited,3.7,(592)
1889,Jubilant Generics,3.9,(591)
1890,PayU Payments,3.3,(591)
1891,PTC,4.2,(591)
1892,PureSoftware,2.9,(591)
1893,Congruex Asia Pacific,3.7,(591)
1894,Kellogg,4.2,(590)
1895,Crystal Crop Protection,3.9,(590)
1896,Gandhi Automations,3.9,(590)
1897,Jindal Poly Films,3.6,(591)
1898,Capital Numbers Infotech,4.1,(589)
1899,SAEL Industries Limited,3.9,(589)
1900,Prochant,3.8,(589)
1901,Empower,4.0,(589)
1902,AVTEC,3.5,(588)
1903,Alcon,3.8,(588)
1904,Damco Solutions,3.4,(588)
1905,McCain Foods,4.0,(588)
1906,Axiscades,3.1,(587)
1907,Army Public School,4.0,(587)
1908,Voyants Solutions,3.6,(586)
1909,Equifax,4.0,(586)
1910,Titan Engineering & Automation,3.8,(586)
1911,Quest Retail Private Limited,3.9,(586)
1912,Sandoz,4.0,(585)
1913,Vishwa Samudra Engineering,3.6,(585)
1914,Hilton,4.1,(585)
1915,Maxop Engineering Co.,4.1,(585)
1916,Prestige Group,4.3,(585)
1917,smartData Enterprises,3.9,(584)
1918,Paramount Health Services Tpa,3.9,(584)
1919,J K Fenner,3.8,(584)
1920,Matrimonialsindia,4.9,(584)
1921,Wood Group,3.7,(584)
1922,BEML,3.6,(583)
1923,MR.DIY,3.4,(583)
1924,UTL Solar,3.6,(582)
1925,Genesys International Corporation,3.1,(582)
1926,Toyota Industries Engine India,4.3,(581)
1927,Paytm Payments Services,3.2,(581)
1928,Baker Hughes,4.0,(580)
1929,Unified Mentor,4.1,(580)
1930,Dishman Carbogen Amcis,3.6,(580)
1931,GAMMON INDIA,3.8,(580)
1932,Andritz Hydro Location India,3.9,(580)
1933,Icl Fincorp,4.7,(580)
1934,Applied Materials,3.7,(579)
1935,AVIOM,4.0,(579)
1936,Mahendra NextWealth IT,3.3,(578)
1937,Lear Corporation,4.0,(578)
1938,TSYS|Total System Services,4.1,(578)
1939,Hitachi Cash Management Services,3.2,(578)
1940,Datamatics Business Solutions,3.3,(578)
1941,Marelli,3.5,(577)
1942,Transport Corporation Of India,3.7,(577)
1943,Paras Dairy,3.4,(577)
1944,BUSINESSNEXT,3.4,(577)
1945,NAV Backoffice,3.8,(576)
1946,HBL Power Systems,4.0,(576)
1947,Western Refrigeration,3.8,(576)
1948,WayCool Foods and Products,3.4,(575)
1949,AM Infoweb,3.8,(575)
1950,Larsen & Toubro Group,4.0,(574)
1951,Vindhya e-Info Media,3.9,(574)
1952,DB Schenker,4.3,(574)
1953,Levi Strauss & Co.,4.2,(574)
1954,Amway India Enterprises,4.1,(573)
1955,Bajaj Consumer Care,3.8,(573)
1956,FiveS Digital,3.3,(573)
1957,Kirloskar Pneumatic,4.0,(572)
1958,"DATAMARK, Inc.",3.5,(572)
1959,SoftAge Information Technology,3.6,(572)
1960,Navin Fluorine International,3.8,(572)
1961,Navin Fluorine International,3.8,(572)
1962,AVEVA,4.0,(572)
1963,Solara Active Pharma Sciences,3.7,(572)
1964,MITS Global Consulting,4.5,(570)
1965,WPP Media,3.6,(569)
1966,LendingKart,3.6,(569)
1967,Innovaccer,2.7,(568)
1968,Renault,3.9,(568)
1969,Micromax Informatics,3.9,(567)
1970,My Home Constructions,4.3,(566)
1971,Haldiram Snacks,3.8,(566)
1972,Carlsberg,3.9,(566)
1973,The Times of India,3.6,(565)
1974,GSPANN Technologies,4.0,(565)
1975,Amara Raja Infra,4.0,(565)
1976,Virtual Employee,3.2,(565)
1977,Craftsman Automation,3.7,(565)
1978,Allianz Partners,3.7,(565)
1979,United Spirits,4.0,(564)
1980,Kellogg Brown and Root,4.1,(564)
1981,Kellogg Brown and Root,4.1,(564)
1982,L & W Constructions,4.0,(564)
1983,Macawber Beekay,4.2,(563)
1984,Vimta Labs,3.4,(563)
1985,Innominds Software,3.2,(563)
1986,Sulzer,3.9,(563)
1987,Hitachi Systems,3.9,(563)
1988,BLK Super Speciality Hospital,3.9,(561)
1989,MUTHOOT HOMEFIN (I) LTD.,3.8,(561)
1990,Roop Polymers,4.0,(560)
1991,Bharat Fritz Werner,3.9,(560)
1992,Artemis Hospitals,4.1,(560)
1993,Unimoni,3.9,(559)
1994,Practo,2.9,(559)
1995,Saksoft,3.4,(559)
1996,Enco Engineers Combine,3.7,(559)
1997,Innovatiview India Ltd,4.2,(559)
1998,Herbalife International,4.0,(559)
1999,RAK Ceramics,3.8,(558)
2000,Courtyard by Marriott,4.2,(557)
2001,Welspun Enterprises,4.2,(557)
2002,Fena,4.0,(555)
2003,Regalix,2.6,(556)
2004,Legrand,3.7,(555)
2005,Indecomm Global Services,4.1,(554)
2006,Tracxn,2.6,(554)
2007,BOBCARD Ltd.,4.0,(554)
2008,Propertypistol Realty,3.8,(554)
2009,ThoughtSol Infotech Limited,4.6,(554)
2010,Ralson Tyres Limited,3.7,(554)
2011,Offshore Infrastructures,4.0,(554)
2012,Brigade Group,4.1,(553)
2013,RuralShores,3.6,(553)
2014,Z X Learning,4.3,(553)
2015,Yokohama,3.6,(552)
2016,Kidzee,4.0,(552)
2017,National Australia Bank,3.0,(552)
2018,Eicher Motors,4.1,(551)
2019,Inox Wind,3.7,(551)
2020,General Motors,4.0,(551)
2021,RadiSys,3.8,(551)
2022,General Motors,4.0,(551)
2023,Hi Tech Gears,4.0,(551)
2024,Zolo,3.4,(551)
2025,Vidal Health Insurance,3.6,(551)
2026,Scaler Academy,3.5,(551)
2027,DFM Foods,4.0,(551)
2028,Sterling,3.9,(550)
2029,Micron Electricals,4.0,(550)
2030,Sanmina Sci,4.1,(550)
2031,FMC Corporation,3.9,(549)
2032,GUS Education India,3.1,(549)
2033,Maini Precision Products,3.4,(549)
2034,Gayatri Projects,3.9,(548)
2035,NMDC Limited,4.1,(547)
2036,Reliance Life Sciences,3.7,(547)
2037,Dusters Total Solutions Services,4.0,(546)
2038,Bharat Gears,4.0,(546)
2039,Zycus Infotech,2.5,(546)
2040,ExxonMobil,3.7,(546)
2041,Pierian Services,3.2,(546)
2042,Aptus Value Housing Finance India,4.0,(546)
2043,Utility Powertech,3.9,(546)
2044,Insolutions Global,3.3,(546)
2045,Head Field Solutions,4.3,(545)
2046,Voya India,3.6,(545)
2047,Maxgen Technologies,4.5,(545)
2048,Emaar India Limited,3.5,(544)
2049,Vedanta Resources,3.6,(544)
2050,Canon,4.0,(544)
2051,Hafele,3.9,(543)
2052,Adda 247,3.4,(543)
2053,Pitti Engineering,3.7,(543)
2054,Mobikwik,3.4,(542)
2055,Dr. Agarwal's Eye Hospital,3.7,(542)
2056,5paisa Capital Ltd.,4.1,(542)
2057,RMC Readymix,3.6,(541)
2058,Mecon,3.8,(541)
2059,Spectrum Talent Management,3.6,(541)
2060,Suprajit Engineering,3.8,(541)
2061,PC Solutions,4.4,(540)
2062,Castrol,4.3,(540)
2063,Cpf India,4.0,(540)
2064,Capital Business Systems,3.5,(540)
2065,Dhani Healthcare,3.4,(540)
2066,S P Singla Constructions,3.4,(539)
2067,Insuremile,4.7,(539)
2068,N.C.L. Industries,3.7,(539)
2069,Hamdard,3.9,(539)
2070,Tuaman Engineering,4.3,(539)
2071,V.S.T Tillers Tractors,3.5,(539)
2072,RSB Transmissions,3.9,(538)
2073,Consero Global Solutions,3.0,(537)
2074,CompuCom,3.8,(537)
2075,Systra Consulting,4.0,(537)
2076,Chemplast Sanmar,3.4,(537)
2077,RSM India,3.3,(537)
2078,OutworX,3.5,(536)
2079,Infiniti Research,3.3,(536)
2080,Satyam Auto Components,3.8,(536)
2081,Atomberg Technologies,3.8,(536)
2082,Vestige,4.3,(535)
2083,Statusneo,4.1,(535)
2084,Bharti Infratel,4.7,(535)
2085,Uttar Pradesh Power Corporation,4.0,(535)
2086,CDK Global,3.8,(534)
2087,Wellness Forever Medicare,3.8,(534)
2088,House Of Anita Dongre,3.9,(534)
2089,SunTec Web Services,3.2,(533)
2090,Metro Group of Hospitals,3.8,(533)
2091,F1 Info Solutions and Services,3.6,(533)
2092,Sheela Foam,4.0,(533)
2093,Stylebaazar,3.9,(533)
2094,Wockhardt Hospital,3.8,(532)
2095,Alight Solutions,3.2,(531)
2096,Galaxy Surfactants,3.9,(531)
2097,Stock Holding Corporation of India,3.6,(531)
2098,Kokilaben Dhirubhai Ambani Hospital,3.8,(531)
2099,BharatPe,3.4,(531)
2100,Metalman Auto,3.9,(531)
2101,DM Immigration Consultant,1.0,(530)
2102,Morepen Laboratories,3.8,(530)
2103,EC-Council,4.0,(530)
2104,Williams Lea,3.6,(530)
2105,Chaayos,3.3,(530)
2106,Coats,3.6,(530)
2107,India Private Driver,,
2108,Macquarie Group,3.1,(529)
2109,Webskitters,3.6,(529)
2110,African Industries,4.0,(529)
2111,Hitech Projects Limited,4.6,(529)
2112,Dalmia Bharat Group,3.8,(529)
2113,Metriqe Solutions,3.9,(529)
2114,JK Tech,3.8,(528)
2115,FinThrive,3.4,(528)
2116,Addverb Technologies,3.5,(528)
2117,TÜV Rheinland,4.1,(527)
2118,Ramraj Cotton,4.1,(527)
2119,Amar Ujala,3.8,(526)
2120,CTS Consulting & Technical Support,3.7,(526)
2121,Jindal Power Limited,4.2,(526)
2122,Lakme,4.2,(526)
2123,Telenor,4.1,(525)
2124,AT&T,3.7,(525)
2125,Foray Software,3.5,(525)
2126,Hero Cycles,3.2,(524)
2127,Walkaroo International,3.6,(524)
2128,Ge India Industrial,4.2,(523)
2129,HSBC Global Banking and Markets,3.9,(523)
2130,LearningMate Solutions,2.9,(523)
2131,Tradeshala,4.5,(522)
2132,ACTE,4.6,(522)
2133,Kalyani Technoforge,3.8,(522)
2134,Safari Industries India,4.0,(522)
2135,Vivanta by Taj,4.2,(522)
2136,Ascent Business Solutions,3.4,(522)
2137,Muthoot MCred,3.5,(522)
2138,PEGATRON,3.9,(521)
2139,Ziqitza Health Care,3.8,(521)
2140,Alchemy Techsol India,3.4,(521)
2141,Axa XL,3.7,(521)
2142,CMR Green Technologies,3.4,(521)
2143,Great Learning,3.4,(521)
2144,Kandhari Beverages,3.7,(521)
2145,Micron Technology,3.7,(521)
2146,ATS Infrastructure,4.1,(520)
2147,Signature Global,3.8,(520)
2148,MindGate Solutions,3.1,(519)
2149,Karvy Data Management Services,4.0,(519)
2150,Akal Information Systems,4.4,(519)
2151,Hindusthan National Glass,3.8,(519)
2152,ServiceNow,3.8,(518)
2153,MathCo,3.1,(518)
2154,BCG,3.6,(518)
2155,Mobile Programming,2.8,(518)
2156,OMICS International,2.5,(517)
2157,BKT Tyres,4.2,(517)
2158,ZEISS India,3.7,(517)
2159,Nivea,4.1,(517)
2160,DiGibizz,,
2161,Sarovar Hotels & Resorts,4.1,(516)
2162,Securitas,3.8,(516)
2163,Quikr,3.6,(515)
2164,Johnson Matthey,3.8,(515)
2165,Gyan Dairy,4.0,(515)
2166,Deloitte Digital,3.8,(515)
2167,TRINAMIX,4.4,(515)
2168,QHTalbros,3.8,(514)
2169,RapiPay,3.6,(514)
2170,Cuemath,3.4,(514)
2171,Aparna Enterprises,3.9,(514)
2172,Mars International India,4.2,(514)
2173,Ministry of Defence,4.4,(513)
2174,Bluestone.com,3.3,(513)
2175,InCred Finance,3.9,(513)
2176,Rusan Pharma,3.5,(513)
2177,Yardi Systems,3.6,(513)
2178,Poorvika Mobiles,3.9,(513)
2179,QUICK HEAL TECHNOLOGIES,3.6,(512)
2180,Voltech,3.5,(512)
2181,Epiroc,4.0,(512)
2182,Lotus Herbals Private Limited,4.2,(512)
2183,Vishvaraj Environment,4.1,(511)
2184,Communications Test Design,3.7,(511)
2185,Rakuten,3.5,(511)
2186,LIC Housing Finance,3.9,(511)
2187,Pace Setters Business Solutions,3.4,(510)
2188,Orcapod Consulting Services,3.0,(510)
2189,Centum Learning,3.8,(510)
2190,Nelito System,3.2,(510)
2191,Markets and Markets,2.7,(510)
2192,Athenahealth Technology,3.9,(510)
2193,Protium Finance,3.7,(510)
2194,IDS Infotech,3.7,(509)
2195,Tractebel,4.1,(509)
2196,Hinduja Tech,3.1,(509)
2197,Cairn Vedanta Oil and Gas,3.7,(509)
2198,Techwave Consulting,3.6,(508)
2199,Par Health,4.1,(508)
2200,Emerson Electric Co.,4.0,(507)
2201,Sri Krishna Pharmaceuticals,3.9,(507)
2202,Pepperfry,3.0,(506)
2203,QBurst Technologies,4.2,(506)
2204,Kirby Building Systems,3.9,(505)
2205,ASM Technologies,3.5,(505)
2206,CARE,4.3,(504)
2207,Leighton Contractors,4.0,(504)
2208,2COMS,3.1,(504)
2209,MediBuddy,3.3,(504)
2210,Global Autotech,3.9,(504)
2211,Varuna Integrated Logistics,3.7,(504)
2212,BharatMatrimony.com,3.9,(504)
2213,Gilbarco Veeder Root,3.7,(503)
2214,Value Point Systems,3.5,(502)
2215,Romsons Group Of Industries,3.7,(502)
2216,EID Parry (India),3.9,(502)
2217,Moon Beverages,3.8,(502)
2218,N+A,3.8,(502)
2219,Vakrangee,3.6,(501)
2220,India Post,3.7,(501)
2221,Iol Chemicals & Pharmaceuticals,3.8,(501)
2222,TAO Digital,3.5,(501)
2223,KRBL Limited,3.8,(501)
2224,Welspun Transformation Services Limited,4.1,(500)
2225,CollegeDekho,2.7,(500)
2226,Mahanagar Gas,4.2,(500)
2227,Invesco,3.6,(500)
2228,Infovision,3.6,(500)
2229,LogixHealth,3.4,(500)
2230,Texmo Industries,3.8,(499)
2231,Flowserve,3.7,(499)
2232,Buzzworks Business Services,3.6,(499)
2233,House of EdTech,4.3,(499)
2234,Future Lifestyle Fashion,4.2,(498)
2235,L. N. Malviya Infra Projects Group,3.1,(498)
2236,Otsuka Pharmaceutical India Private Limited,4.1,(498)
2237,Kellton,2.9,(498)
2238,Symbiotec Pharmalab,4.0,(498)
2239,Medikabazaar,4.2,(498)
2240,Knowledgeworks Global,2.9,(498)
2241,Cosmo Films,3.7,(497)
2242,Everforth Quinnox,3.9,(497)
2243,Sterling Holiday Resort,3.8,(497)
2244,Allana Group of Companies,3.7,(497)
2245,Encube Ethicals,3.7,(497)
2246,Visa,3.3,(496)
2247,Comcast,3.9,(496)
2248,C-Edge Technologies,3.7,(496)
2249,Maersk Line,4.0,(496)
2250,Siemens Healthineers,3.9,(496)
2251,India Glycols,4.0,(496)
2252,GD Goenka Public School,3.4,(496)
2253,Think Gas Ludhiana,3.6,(496)
2254,Equiniti,3.6,(496)
2255,SUEZ Group,4.2,(496)
2256,Namaste India Foods,3.9,(495)
2257,HealthifyMe,2.7,(495)
2258,Realty Assistant,3.6,(495)
2259,NJ India Invest,3.7,(495)
2260,Paradeep Phosphates,3.8,(494)
2261,Paradeep Phosphates,3.8,(494)
2262,Titagarh Rail Systems,2.6,(494)
2263,WM Universal Solutions Private Limited,3.6,(494)
2264,Saxo Bank,3.7,(493)
2265,Mediamint,2.8,(493)
2266,Brainvire,2.8,(493)
2267,Ppap Automotive,3.8,(493)
2268,Lite Bite Foods,4.4,(493)
2269,Jiva Ayurvedic Pharmacy,3.7,(492)
2270,Bira 91,3.3,(492)
2271,Fynd,2.9,(492)
2272,AIG Hospital,4.2,(492)
2273,Giesecke & Devrient,3.4,(491)
2274,Jumbotail Technologies,3.6,(491)
2275,Aditya Birla Housing Finance,3.8,(491)
2276,Matrix Business Services,3.5,(490)
2277,SBI Mutual Fund,3.7,(490)
2278,Grindwell Norton,3.6,(489)
2279,Aludecor Lamination,3.8,(489)
2280,Alpla,3.9,(489)
2281,Thales,3.6,(488)
2282,Numeric UPS,4.0,(488)
2283,Plastic Omnium,3.7,(488)
2284,Mediterranean Shipping Company,4.0,(488)
2285,Akamai Technologies,4.4,(488)
2286,NTPC GE Power Services,3.9,(488)
2287,Technico Industries,3.6,(487)
2288,TresVista,2.3,(487)
2289,Go First,3.9,(487)
2290,Common Service Centres,4.4,(487)
2291,Clix Capital Services,4.0,(487)
2292,Juniper Networks,4.2,(487)
2293,RND Softech,3.1,(487)
2294,Bridgestone India Automotive Products,4.1,(487)
2295,Trimax IT Infrastructure Services,3.7,(486)
2296,Ivrcl Infrastructures & Projects,4.3,(486)
2297,Cadbury,4.3,(486)
2298,Clove Dental,4.0,(486)
2299,ZF Friedrichshafen,3.8,(486)
2300,National Commodities Management Services,4.0,(486)
2301,ESDS Software Solutions,3.3,(486)
2302,Westin,4.0,(485)
2303,Xerox,3.7,(485)
2304,Sadbhav Engineering,4.2,(485)
2305,Gopal Snacks Limited,4.2,(485)
2306,Xanadu,3.6,(484)
2307,Godrej Interio,3.9,(484)
2308,Sany Heavy Industry,3.7,(484)
2309,Honda Logistics,3.6,(484)
2310,Avalara Technologies,2.7,(484)
2311,Saud Bahwan Group,3.7,(483)
2312,Onshore Construction,3.7,(483)
2313,MKC Infrastructure Ltd.,3.4,(483)
2314,Dow Chemical International Private Limited,3.5,(483)
2315,Jindal Aluminium,3.9,(482)
2316,Landis+Gyr,2.9,(482)
2317,Avery Dennison,3.7,(482)
2318,Tetra Pak,4.1,(482)
2319,Mikuni,4.1,(482)
2320,Meghmani Organics,3.8,(482)
2321,Cloud4C,3.5,(482)
2322,Confidence Petroleum India,3.2,(482)
2323,Thought Focus,3.2,(482)
2324,Keysight Technologies,3.8,(481)
2325,Suzlon Global Services,3.8,(481)
2326,Bhilosa Industries,3.6,(481)
2327,Nash Industries,3.4,(481)
2328,Teradata,3.5,(480)
2329,CS TECH Ai,3.9,(480)
2330,Cera Sanitaryware,4.0,(480)
2331,Speridian Technologies,3.5,(479)
2332,Paharpur Cooling Towers,3.9,(479)
2333,Atyati Technologies,3.9,(479)
2334,Star Bazaar,3.7,(479)
2335,Purplle.com,3.6,(479)
2336,Kaynes Technology,3.2,(478)
2337,Ramco Industries,4.1,(478)
2338,Riya Travel,3.6,(478)
2339,Central Public Works Department,4.1,(478)
2340,Shalimar Paints,3.5,(478)
2341,Tata International,3.5,(477)
2342,Liberty General Insurance,3.6,(477)
2343,Prime Focus Technologies,3.0,(477)
2344,GM Modular,3.8,(477)
2345,Visaka Industries,3.8,(478)
2346,Gulf Oil Lubricants,4.1,(477)
2347,Greenpanel Industries,3.9,(477)
2348,Sayaji Hotels,4.1,(477)
2349,Allied Blenders & Distillers,4.0,(476)
2350,Grant Thornton Bharat,3.4,(476)
2351,Henkel Adhesives Technologies,4.1,(476)
2352,Yethi Consulting,3.4,(476)
2353,McNally Bharat Engineering,3.9,(476)
2354,MagicPin,2.5,(476)
2355,LuLu Group International,3.4,(476)
2356,Hyundai Glovis,3.6,(476)
2357,Qcon,4.3,(476)
2358,NBTC GROUP,3.4,(476)
2359,AIRBUS,3.6,(475)
2360,Anthem Biosciences,3.9,(475)
2361,Bahwan Engineering,4.0,(475)
2362,In Time Tec Visionsoft,3.2,(475)
2363,Stryker,3.8,(475)
2364,Jupiter Hospital,3.9,(475)
2365,Dana India,4.0,(474)
2366,Espire Infolabs,2.3,(473)
2367,Oriental Structural Engineers,4.3,(473)
2368,Symphony,4.6,(473)
2369,British Council,3.5,(472)
2370,Stovekraft,3.9,(472)
2371,Magneti Marelli Motherson Auto System,3.9,(472)
2372,Bharat Seats,3.7,(472)
2373,LT Foods,3.8,(471)
2374,GHCL Limited,3.9,(471)
2375,Seoyon E-hwa Automotive,3.5,(471)
2376,CommScope,3.8,(471)
2377,Bandhan Life,3.2,(471)
2378,iNurture Education Solutions,2.5,(471)
2379,Zypp Electric,4.0,(471)
2380,Kiswok Industries,3.3,(471)
2381,Revent Group,3.8,(471)
2382,Bandhan Life,3.2,(471)
2383,Realme,3.6,(471)
2384,Bhagwati Products,3.5,(470)
2385,Texmaco Rail and Engineering,3.8,(470)
2386,Gaurs Group,4.2,(470)
2387,Loadshare Networks,3.5,(470)
2388,Torrent Gas,3.1,(470)
2389,Pratham Education Foundation,4.2,(469)
2390,Mymd Healthcare,4.2,(469)
2391,Mahle Anand Thermal Systems,4.1,(469)
2392,Dharampal Premchand,4.3,(469)
2393,Paper Boat(Hector Beverages Pvt. Ltd.),3.9,(468)
2394,NKG Infrastructure,3.2,(468)
2395,Kyungshin Industrial Motherson,3.3,(467)
2396,Sulekha.com,3.3,(467)
2397,Anunta Technology Management Services,3.3,(467)
2398,Venky's,3.7,(467)
2399,Pocket FM,2.7,(467)
2400,Iksula,3.1,(466)
2401,Gokaldas Exports,3.9,(466)
2402,Aimil Pharmaceuticals,3.6,(466)
2403,SBI Capital Markets,3.7,(466)
2404,Aizant Drug Research Solutions,4.2,(466)
2405,Balmer Lawrie,3.5,(466)
2406,SISL Infotech,3.5,(465)
2407,Synopsys,3.5,(465)
2408,Del Monte Foods,4.0,(465)
2409,SMEC,3.7,(465)
2410,Eurokids,4.0,(465)
2411,Kolte Patil Developers,4.1,(465)
2412,Puravankara,3.4,(465)
2413,Caresoft Global,3.3,(465)
2414,Sahyadri Hospital,4.2,(465)
2415,Novotel Hotels,4.0,(465)
2416,St. Xavier's High School,3.7,(465)
2417,AQM Technologies,3.1,(465)
2418,Emergys,3.4,(464)
2419,RPG Life Sciences,3.6,(464)
2420,Willis Towers Watson,3.7,(464)
2421,Ergode,3.2,(464)
2422,Indofil Industries,4.1,(464)
2423,Essjay Ericsson,4.2,(463)
2424,Subex,3.4,(463)
2425,Flamingo Pharmaceuticals,3.1,(463)
2426,Bada Business,4.0,(463)
2427,Prodair Air Products,3.7,(462)
2428,Honour Lab,3.9,(462)
2429,Yusen Logistics,4.0,(461)
2430,Polestar Analytics,4.1,(461)
2431,Orion Innovation,3.5,(461)
2432,Railtel Corporation Of India,3.6,(461)
2433,Ashapura Group Of Industries,4.1,(461)
2434,ITI,3.7,(460)
2435,Saudi Binladin Group,4.2,(460)
2436,CodeClouds,3.9,(460)
2437,Red Hat,4.4,(460)
2438,Birla White,4.0,(460)
2439,Vision India Services,4.0,(460)
2440,Miracle Software Systems,3.8,(459)
2441,Bharat Bijlee,4.2,(459)
2442,Allegis Group,3.5,(459)
2443,JNS Instruments,3.9,(459)
2444,Kataria Automobiles,3.6,(459)
2445,HealthKart,3.9,(458)
2446,B. Braun Medical,4.1,(458)
2447,Nuvama Wealth and Investment,3.3,(458)
2448,Haleon,3.5,(458)
2449,Tutopia,4.5,(457)
2450,Rapido,3.5,(457)
2451,Neilsoft,3.0,(457)
2452,ELGI Equipments,4.0,(457)
2453,Echobooom Management & Entrepreneurial Solutions,4.0,(457)
2454,Flatworld Solutions,3.3,(457)
2455,SirionLabs,3.9,(457)
2456,TruBridge Healthcare Private Limited,3.8,(457)
2457,ByteDance,4.1,(457)
2458,Prism Cement,4.1,(456)
2459,Rieter,3.4,(456)
2460,Corona Remedies,4.2,(456)
2461,Prism Cement,4.1,(456)
2462,LKQ INDIA,3.3,(456)
2463,Go Colors,3.9,(455)
2464,NetApp,3.6,(456)
2465,Freecharge,3.7,(455)
2466,Midland Microfin Limited,3.5,(455)
2467,Khadims,3.6,(455)
2468,Cipla Health,4.2,(455)
2469,Brembo Brake India,4.0,(455)
2470,Godrej Jersey,4.1,(455)
2471,OLX Autos,3.9,(454)
2472,Ozone Overseas,3.9,(454)
2473,Zscaler Softech,3.3,(455)
2474,AVAYA,3.2,(454)
2475,Ciena,3.9,(454)
2476,Majesco,2.9,(454)
2477,Toyota,4.1,(453)
2478,BSCPL Infrastructure,3.9,(453)
2479,Reliance Infrastructure,4.1,(453)
2480,Portea Medical,3.7,(453)
2481,Portea Medical,3.7,(453)
2482,Vijai Electricals,3.6,(452)
2483,Usha Martin,4.0,(452)
2484,The Indian Hotels Company,4.0,(453)
2485,Mjunction Services,3.8,(451)
2486,Bajaj Auto Credit,3.9,(451)
2487,Fuji Electric,3.6,(450)
2488,Tata Steel Downstream Products,3.6,(450)
2489,Meyer Organics,3.6,(450)
2490,Kaya Skin Clinic,3.3,(450)
2491,InfoBeans,3.3,(450)
2492,Dun & Bradstreet,3.0,(450)
2493,Knack RCM,3.0,(450)
2494,Tekion,3.4,(450)
2495,Impact Guru,3.6,(450)
2496,TriGeo Technologies,3.3,(449)
2497,Tata Steel Utilities and Infrastructure Services,3.6,(449)
2498,Indian Immunologicals,4.0,(449)
2499,Thrillophilia,3.7,(449)
2500,Konexions Back Office Services,2.6,(449)
2501,Transasia Bio-Medicals,3.3,(449)
2502,Clean Harbors,3.3,(449)
2503,Mashreq Global Services,3.1,(448)
2504,Tata Steel Colors,3.7,(448)
2505,Cimpress,3.8,(448)
2506,TCL,4.1,(448)
2507,Flipkart Health+,3.6,(448)
2508,Orient Craft,3.8,(447)
2509,NOON.COM,3.3,(447)
2510,FabHotels,3.1,(447)
2511,Mungi Group,3.9,(447)
2512,SPAR Hypermarkets,3.9,(447)
2513,Karvy Data Management,3.1,(447)
2514,NR Switch N Radio Services,3.8,(446)
2515,Regency Hospital Ltd,4.0,(446)
2516,Fossil Group,3.9,(446)
2517,DB Power Limited,4.7,(446)
2518,Montecarlo Construction,4.2,(445)
2519,Alankit,3.2,(445)
2520,SABIC,4.1,(445)
2521,Indian Political Action Committee,2.8,(445)
2522,Deluxe Entertainment,3.5,(445)
2523,Falcon Autotech,3.8,(445)
2524,Webkul Software,3.9,(445)
2525,Sunwoda Electronic India Pvt Ltd,3.9,(444)
2526,Group Bayport,4.2,(444)
2527,Premium Transmission,3.3,(444)
2528,DesignTech Systems,3.3,(444)
2529,GS Lab,3.7,(444)
2530,Intercontinental Exchange,3.2,(444)
2531,NIFTEL COMMUNICATIONS,3.6,(444)
2532,Talbros,3.8,(444)
2533,Dee Piping System,4.1,(443)
2534,Ingersoll Rand,3.7,(443)
2535,Aptech,3.3,(443)
2536,Tyger Capital,4.0,(443)
2537,e2open,3.4,(443)
2538,SMFG India Home Finance Co,3.7,(442)
2539,Axis Finance,3.8,(442)
2540,T.v. Sundram Iyengar & Sons,3.9,(442)
2541,FM LOGISTIC,4.0,(442)
2542,H & R Johnson,3.5,(442)
2543,State Street Bank,3.4,(441)
2544,Nexteer Automotive,3.8,(441)
2545,ZUCOL Services,3.8,(441)
2546,Infosys Consulting,3.4,(441)
2547,Adani Logistics,3.7,(441)
2548,OnePlus,3.8,(441)
2549,Chettinad Cements,3.8,(441)
2550,Siyaram Silk Mills,3.9,(440)
2551,Mahindra Lifespace Developers,4.2,(440)
2552,Arvind Fashions,3.8,(440)
2553,Lambda Therapeutic Research,3.8,(439)
2554,SoftwareOne,3.8,(439)
2555,Kothari Agritech,4.2,(439)
2556,Skillmine Technology Consulting,3.9,(439)
2557,TotalEnergies,3.7,(438)
2558,K D Hospital,4.5,(438)
2559,Western Union,2.8,(438)
2560,Fitelo,3.1,(438)
2561,Asian Granito India,3.6,(438)
2562,Fitelo,3.1,(438)
2563,AppInventiv Technologies,3.9,(438)
2564,UNIVO Education,3.3,(438)
2565,Yutika Natural,3.4,(438)
2566,Rakuten Symphony,3.6,(438)
2567,PULSUS HealthTech Group,3.2,(438)
2568,Ami Lifesciences,3.7,(438)
2569,Theobroma Foods,3.9,(438)
2570,NeoGrowth Credit,2.9,(438)
2571,Motilal Oswal Private Wealth Management,4.5,(437)
2572,Mazagon Dock,4.2,(437)
2573,ZTE Corporation,4.1,(437)
2574,Aker Solutions,4.0,(437)
2575,Vcare Trichology,3.5,(437)
2576,A. O. Smith India Water Products Private Limited,3.5,(437)
2577,KLAY Preschool and Daycare,3.5,(437)
2578,Honeywell International India,4.0,(436)
2579,CMA CGM Global Business Services,4.0,(436)
2580,National Organic Chemical Industries,3.8,(436)
2581,Calsoft,2.8,(436)
2582,International Automotive Components,3.9,(436)
2583,Learning Routes,4.5,(436)
2584,IL&FS Engineering and Construction,4.4,(436)
2585,Bonfiglioli Transmissions Limited,3.5,(436)
2586,Jyoti CNC Automation,3.9,(436)
2587,IndusInd Capital,3.9,(436)
2588,Imarticus Learning,3.9,(436)
2589,Marksans Pharma,3.4,(436)
2590,Nous Infosystems,3.4,(435)
2591,Nidec Corporation,3.6,(435)
2592,Freyr Solutions,3.6,(435)
2593,360 Realtors,3.5,(435)
2594,Bmm Ispat,3.9,(434)
2595,Ind-Swift Laboratories,3.9,(434)
2596,IIMI Image Management Private Limited,4.0,(434)
2597,Groupon,3.0,(434)
2598,GTL Infrastructure,4.2,(434)
2599,Entrata,3.8,(434)
2600,Citykart Retail,3.7,(434)
2601,Mann And Hummel Filter,3.8,(434)
2602,Kutchina,3.5,(434)
2603,Nagarjuna Fertilizers and Chemicals,4.1,(433)
2604,Ramada,3.8,(433)
2605,Haldia Petrochemicals,3.7,(433)
2606,Paynearby Technologies,3.9,(433)
2607,Powerweave,3.3,(433)
2608,Nowfloats Technologies,3.8,(433)
2609,Shiprocket Private Limited,3.4,(433)
2610,Orient Bell,3.4,(433)
2611,Self Practice,4.4,(433)
2612,Baramati Agro,3.8,(433)
2613,Tessolve,3.3,(432)
2614,CWT,3.5,(432)
2615,ARMSOFTECH.AIR,3.4,(432)
2616,Flipkart Wholesale,3.9,(431)
2617,Tally Solutions,4.0,(431)
2618,Capital Foods,4.2,(431)
2619,Carrier Midea,3.5,(431)
2620,FCM Travel,3.3,(431)
2621,India Nippon Electricals,3.6,(431)
2622,Le Méridien,4.0,(431)
2623,Carrier Midea,3.5,(431)
2624,Desun Hospital & Heart Institute,3.7,(431)
2625,Reshamandi,3.5,(430)
2626,Eurofins It Solutions,2.9,(430)
2627,Samsung C&T,4.2,(430)
2628,Pon Pure Chemical,3.6,(430)
2629,Europa Locks,3.8,(430)
2630,Ensono,4.1,(430)
2631,Hero Housing Finance,3.8,(430)
2632,Lotte India Corporation,4.0,(430)
2633,Chambal Fertilisers And Chemicals,3.8,(430)
2634,IMS People,3.6,(429)
2635,Mintifi,3.4,(429)
2636,ABCI Infrastructures,3.3,(429)
2637,Silver Touch Technologies,3.0,(429)
2638,Buhler,3.8,(428)
2639,Ashiana Housing,4.0,(428)
2640,Novartis Healthcare,4.0,(428)
2641,YKK,3.7,(428)
2642,Intelizign Lifecycle Services,3.8,(428)
2643,Astra Microwave Products,3.9,(427)
2644,Spice Money,4.1,(427)
2645,Aculife Healthcare,2.9,(427)
2646,CES,3.3,(427)
2647,TTK Healthcare,4.1,(427)
2648,B.C. Jindal Group of Companies,3.9,(427)
2649,Samsung SDS,3.0,(426)
2650,ANR Software Private Limited,4.1,(426)
2651,Oberoi Realty,4.3,(426)
2652,Systems Plus,4.2,(426)
2653,Prolifics Corporation,3.6,(426)
2654,Pawzz,4.5,(426)
2655,Nettur Technical Training Foundation,3.6,(425)
2656,Samsonite,4.1,(425)
2657,Shyam Sel & Power,3.7,(425)
2658,Secure Value,3.4,(424)
2659,Franchise India Brands,2.9,(424)
2660,Uniparts Group,3.7,(424)
2661,DataMetica,3.0,(423)
2662,Educomp Solutions,3.4,(423)
2663,Universal Corporation,3.6,(423)
2664,Indiafilings,3.9,(423)
2665,Capital Trust,3.3,(422)
2666,Saama Technologies,3.7,(422)
2667,Global Indian International School,4.2,(422)
2668,Motherhood Hospital,3.6,(422)
2669,Bonace Engineers,4.0,(422)
2670,Tagros Chemicals,3.5,(422)
2671,Hike Education Private Limited,4.3,(421)
2672,Roca Bathroom Products,3.7,(421)
2673,myGate,3.0,(421)
2674,Metrochem Api,3.1,(421)
2675,Owens Corning,3.6,(421)
2676,Bangalore International Airport,4.3,(422)
2677,Gtpl Hathway,4.0,(421)
2678,CogentHubCX.AI,3.2,(420)
2679,Medica Superspecialty Hospital,3.9,(420)
2680,Pole To Win,3.2,(420)
2681,Starbucks,4.1,(420)
2682,Qwik Supply Chain,3.8,(420)
2683,MyMoneyMantra,3.1,(420)
2684,National Bulk Handling Corporation,4.1,(420)
2685,Aka Logistics,3.1,(420)
2686,Venus Remedies,4.2,(420)
2687,Sagar Cements,4.3,(420)
2688,Mahindra Last Mile Mobility,3.8,(420)
2689,Zealous Services,2.6,(420)
2690,Essar Group,3.8,(419)
2691,ArisGlobal,2.8,(419)
2692,Adani Infra,3.8,(419)
2693,Apex Laboratories,3.9,(419)
2694,Aliens Group,3.9,(419)
2695,Viva Composite Panel,4.5,(419)
2696,Rama Medical College Hospital & Research Centre,3.7,(419)
2697,AIMLAY,4.7,(419)
2698,The Belgian Waffle co,4.4,(418)
2699,Accelya Solutions India Limited,3.4,(418)
2700,Havmor Ice Cream,4.1,(418)
2701,ITC Limited - Paperboards Specialty Papers Division,3.9,(418)
2702,Indigo Paints,3.8,(418)
2703,NCSI Technologies Pvt Ltd,3.6,(419)
2704,Daimler Truck,3.6,(418)
2705,HYT Engineering Company Pvt Ltd,3.2,(418)
2706,Agro Tech Foods,4.0,(417)
2707,Magus Customer Dialog,3.7,(417)
2708,Odessa,3.6,(417)
2709,PC Jewellers,3.8,(417)
2710,Enphase Energy,2.6,(417)
2711,P.D. Hinduja National Hospital and Medical Research Centre,3.9,(417)
2712,Fortis Escorts Hospital,4.3,(416)
2713,Jubilant Biosys,3.5,(416)
2714,Copeland,3.9,(416)
2715,Virchow Biotech,3.3,(416)
2716,Raptakos Brett and Company,3.4,(416)
2717,BPTP,4.1,(416)
2718,Ipsos,3.1,(415)
2719,Aramex,3.3,(415)
2720,Gujarat Ambuja Exports,3.3,(415)
2721,Indus Net Technologies,3.0,(414)
2722,Core Integra Consulting Services,3.4,(414)
2723,Dodsal Engineering & Construction,4.5,(414)
2724,Himatsingka Seide,3.5,(414)
2725,SKH Y-TEC,3.9,(414)
2726,GRT Jewellers,4.1,(414)
2727,SHARE Microfin,4.1,(414)
2728,Indian Space Research Organisation,4.6,(414)
2729,V-Xpress,3.9,(413)
2730,M Baazar,3.8,(413)
2731,Invensis Technologies,3.4,(413)
2732,V-bazaar Retail,3.9,(413)
2733,PowerSchool India,3.3,(413)
2734,VRB Consumer Products Private Limited,4.1,(413)
2735,Merck,4.1,(412)
2736,Greet Technologies,2.7,(412)
2737,RDC Concrete (India),3.9,(412)
2738,Workcell Solutions,3.5,(412)
2739,Balaji Wafers,4.3,(412)
2740,Win Medicare,4.1,(412)
2741,Win Medicare,4.1,(412)
2742,Oda Class,2.9,(411)
2743,Recpdcl.ltd,4.1,(411)
2744,STUDDS Accessories Limited,4.0,(411)
2745,Indian Overseas Bank,3.3,(411)
2746,NR Consulting,4.6,(411)
2747,Piramal Swasthya,4.1,(411)
2748,Onsitego,3.6,(411)
2749,Schoolnet India,3.8,(411)
2750,Kanpur Fertilizers & Chemicals,3.7,(411)
2751,CapeStart,4.5,(411)
2752,ICFAI University,3.6,(410)
2753,Gold Plus Glass,3.4,(410)
2754,Eversendai,3.5,(410)
2755,Munjal Showa,3.2,(409)
2756,Bank of Maharashtra,3.3,(409)
2757,Bharat Aluminium Company (BALCO),3.9,(409)
2758,Manhattan Associates,3.3,(409)
2759,Black Knight,3.5,(409)
2760,Bses Yamuna Power,3.7,(409)
2761,Slice,3.2,(409)
2762,Kailash Hospital,3.9,(408)
2763,SML Isuzu,4.1,(408)
2764,Sarvodaya Hospital,3.8,(408)
2765,Euler Motors,3.6,(408)
2766,PGP Glass,4.0,(408)
2767,Hexagon Nutrition,4.1,(407)
2768,Unilever Global,3.6,(407)
2769,Stanley Black & Decker,3.7,(407)
2770,LOGISTEED India Pvt. Ltd.,4.0,(407)
2771,RCM,4.1,(407)
2772,UCAL Fuel Systems,3.8,(407)
2773,Cheil India,2.9,(407)
2774,Acadecraft,3.7,(407)
2775,MAYORA,3.9,(407)
2776,Hanon Systems,4.0,(407)
2777,Al Turki Enterprises,3.5,(406)
2778,eNoah iSolution,3.8,(406)
2779,Dorset Industries,4.4,(406)
2780,MRF Vapocure Paints,4.0,(406)
2781,Gravita,4.4,(406)
2782,Hindustan Foods,3.6,(406)
2783,L&T Heavy Engineering,3.7,(406)
2784,Dixit Infotech Services,3.5,(406)
2785,Azentio,3.1,(406)
2786,Auro Realty Private Limited,4.4,(406)
2787,SMS India Private Limited,4.0,(406)
2788,Etech Global Services,3.6,(405)
2789,Venkateshwara Hatcheries,3.8,(405)
2790,Broadcom,3.2,(405)
2791,American Axle & Manufacturing,4.3,(405)
2792,The Phoenix Mills,3.9,(405)
2793,National Fertilizers,4.3,(405)
2794,Adroit Synergies,3.2,(405)
2795,Uplers,3.6,(405)
2796,Roop Automotives,4.2,(405)
2797,Welspun Flooring,3.8,(404)
2798,Thyssenkrupp Industrial Solutions,4.1,(404)
2799,Connectwise India,3.3,(404)
2800,The Hans Foundation,4.1,(404)
2801,Nyati Group,4.2,(404)
2802,Aeries Technology,3.1,(404)
2803,Air Liquide,3.5,(404)
2804,ABC Consultants,3.9,(404)
2805,Pearson Education India,3.9,(403)
2806,ClearTax,3.0,(403)
2807,Mettler-Toledo,3.5,(403)
2808,TVS Mobility,4.0,(402)
2809,Writer Corporation,3.4,(402)
2810,CEVA Logistics,3.8,(402)
2811,Huron,3.6,(402)
2812,Christian Medical College,4.1,(402)
2813,Sunstone,3.7,(402)
2814,GE Vernova T&D India,4.2,(402)
2815,Wonderla Holidays,4.4,(402)
2816,Burns & McDonnell,4.1,(401)
2817,GMR Hyderabad International Airport,4.1,(401)
2818,Tirumala Milk Products,4.2,(401)
2819,S. M. Auto Engineering,3.4,(401)
2820,Mantra Properties,4.3,(401)
2821,Dorf Ketal Chemicals,4.0,(400)
2822,Kuehne + Nagel,3.6,(401)
2823,CANTABIL RETAIL INDIA,3.9,(400)
2824,Muthoot Housing Finance Company,4.1,(400)
2825,Karamtara Engineering Limited,3.6,(400)
2826,Evoke Technologies,3.7,(399)
2827,Triumphant Institute of Management Education,3.7,(399)
2828,Icertis,3.3,(399)
2829,Mindlance,3.6,(399)
2830,Parksons Packaging,4.0,(399)
2831,Netlink Software,3.2,(399)
2832,Bosch Rexroth India,3.9,(398)
2833,Shree Baidyanath Ayurved Bhawan,3.9,(398)
2834,Federal Mogul Goetze,4.0,(398)
2835,Gps Renewables,4.0,(398)
2836,Nuziveedu Seeds,3.8,(398)
2837,Marelli Motherson Automotive Lighting,3.7,(397)
2838,Hajee A P Bava Construction,3.8,(397)
2839,Publicis,3.5,(397)
2840,ABM Knowledgeware,3.7,(397)
2841,BCH Electric,4.0,(397)
2842,Karvy DigiKonnect,3.2,(397)
2843,Agilent Technologies,3.9,(396)
2844,Thermax Babcock Wilcox Energy Solutions,4.1,(396)
2845,Indian Metals & Ferro Alloys,3.7,(396)
2846,SPRINKLR,2.9,(396)
2847,VTP Realty,3.5,(396)
2848,Jamna Auto Industries,3.8,(396)
2849,Examity,3.3,(396)
2850,Nobel Hygiene,3.9,(396)
2851,Accel Frontline,4.3,(395)
2852,Call 2 Connect,2.5,(395)
2853,AccorHotels,4.3,(395)
2854,Ambuja Neotia,3.8,(395)
2855,Supertech,3.9,(395)
2856,Kcc Buildcon,4.0,(395)
2857,Scientific Publishing Services,3.8,(395)
2858,Medline Industries India Private Limited,3.8,(395)
2859,D.p. Jain & Co. Infrastructure Pvt .,3.2,(395)
2860,Repco Home Finance,3.5,(395)
2861,Ess Kay Fincorp,4.2,(395)
2862,Hexagon Capability Center,4.0,(395)
2863,Hurix Digital,3.0,(395)
2864,Wellness Forever Lifestyle Chemist,3.9,(395)
2865,Park Hospital,3.7,(394)
2866,Konecranes,3.8,(394)
2867,Alfa Laval,3.9,(394)
2868,Nissan,3.6,(394)
2869,Merck Life Science,3.9,(394)
2870,LeadSquared,2.7,(394)
2871,Amri Hospital,4.0,(394)
2872,JBS Enterprises,3.2,(393)
2873,Shakti Pumps,3.7,(393)
2874,Fosroc India,4.3,(393)
2875,GSP Crop Science,4.0,(393)
2876,Teamspace Financial Services,4.0,(393)
2877,Imarque Solutions,3.1,(393)
2878,Rosmerta Technologies,3.3,(392)
2879,XL Health,4.2,(392)
2880,Kennametal,3.6,(392)
2881,Arjas Steel,3.9,(392)
2882,Diverse Lynx,3.4,(392)
2883,Acme Generics LLP,3.3,(392)
2884,Sedemac Mechatronics,3.9,(392)
2885,Coronis Health,3.3,(392)
2886,Bharat Rasayan,3.9,(391)
2887,Sumitomo Chemical,4.0,(391)
2888,VIT University,4.1,(391)
2889,Healthcare At Home,3.8,(391)
2890,Sangeetha Mobile,3.6,(391)
2891,Jeeves Consumer Services,3.5,(390)
2892,Vidal Health Tpa,3.3,(390)
2893,Elentec Power India (EPI) Pvt. Ltd.,3.9,(390)
2894,Smartworks,3.3,(390)
2895,Watertec India,3.7,(390)
2896,GE Aerospace,4.1,(390)
2897,Everest Spices,3.8,(390)
2898,Dynacons Systems & Solutions,3.6,(390)
2899,NTT Global Data Centers and Cloud Infrastructure,3.9,(389)
2900,IPE Global,3.8,(389)
2901,Phenom,3.3,(389)
2902,HL Mando,4.0,(389)
2903,Ryan,3.9,(389)
2904,TrueBlue,3.5,(389)
2905,US Tech Solutions,3.6,(389)
2906,AgreeYa Solutions,3.1,(388)
2907,Jade Global,3.4,(388)
2908,Moolchand Hospital,4.1,(388)
2909,MSCI,3.6,(388)
2910,Cooper Corporation,3.9,(388)
2911,Grey Orange,3.1,(388)
2912,Sleek International,3.5,(388)
2913,Intelliswift - An LTTS Company,3.3,(388)
2914,World Vision,4.3,(388)
2915,Epsilon Carbon,3.8,(388)
2916,Transact Global,4.6,(388)
2917,Servion Global Solutions,3.0,(387)
2918,G. D. Foods MFG (TOPS),3.8,(387)
2919,Intercontinental Consultants & Technocrats,4.1,(387)
2920,Duroshox,4.1,(387)
2921,Sandvik Mining and Rock Technology,4.0,(387)
2922,RSM US in India,3.4,(387)
2923,JUSTO Realfintech,4.4,(387)
2924,G. D. Foods MFG (TOPS),3.8,(387)
2925,Polybond India,3.7,(387)
2926,Navi Technologies,3.1,(387)
2927,SRM University,3.5,(386)
2928,Neuberg Diagnostics,3.4,(386)
2929,Indraprastha Gas,3.9,(386)
2930,OodlesTechnologies,3.2,(386)
2931,Mobileum,3.2,(386)
2932,Siemens Healthcare,4.0,(386)
2933,ANTOLIN,3.7,(386)
2934,SYSTRA,3.9,(386)
2935,Arcesium,3.4,(386)
2936,S2 Infotech,3.6,(385)
2937,Agarwal Packers and Movers Limited,3.3,(385)
2938,Expedia Group,3.6,(385)
2939,Eisai Pharmaceuticals,4.0,(385)
2940,Berkadia,3.8,(385)
2941,Elecon Engineering,4.2,(385)
2942,Berkadia,3.8,(385)
2943,Hathi Cement,4.0,(384)
2944,Runwal Group,3.9,(384)
2945,Helloverify,2.8,(384)
2946,Richa Global Export,3.9,(384)
2947,Xdbs,2.7,(384)
2948,Veeda Clinical Research,3.4,(384)
2949,Alfanar,4.1,(384)
2950,Vectus Industries,4.1,(384)
2951,Rubicon Research,3.4,(384)
2952,Synokem Pharmaceuticals,3.9,(384)
2953,Methodex,3.9,(384)
2954,RNFI Services,3.2,(383)
2955,Eclat Health Solutions,3.7,(383)
2956,Capri Global Housing Finance,3.5,(383)
2957,Kaddacon Systems,4.6,(383)
2958,Glaze Trading India,4.3,(383)
2959,Srei Equipment Finance,4.2,(383)
2960,Tudip Technologies,3.7,(383)
2961,AQuity Solutions India,3.7,(383)
2962,Bliss Gvs Pharma,4.1,(383)
2963,Krishna Group,3.9,(383)
2964,People Prime Worldwide,4.1,(382)
2965,The Hershey Company,4.0,(382)
2966,Técnicas Reunidas,3.9,(382)
2967,Rail Vikas Nigam,3.5,(382)
2968,Kirloskar Toyota Textile Machinery,4.5,(382)
2969,Milkbasket,3.8,(382)
2970,VXI Global Solutions,3.3,(382)
2971,Omnicom Global Solutions,3.3,(381)
2972,Centre For Sight,3.8,(381)
2973,Ultra Corpotech,3.9,(381)
2974,Brick&Bolt,3.3,(381)
2975,Labournet Services,4.0,(381)
2976,Paragon Footwear,4.0,(381)
2977,MCM Telecom Equipment,3.9,(381)
2978,Motherson Technology Services,3.3,(381)
2979,Hays Business Solutions,3.3,(380)
2980,Tega Industries,3.6,(380)
2981,SolarSquare Energy,3.0,(380)
2982,Dimension Data,4.5,(380)
2983,Sharda University,3.7,(380)
2984,Computacenter,3.9,(380)
2985,K L University,3.9,(380)
2986,Indifi Technologies,3.7,(379)
2987,Foundit,3.2,(379)
2988,SRMB SRIJAN,3.5,(379)
2989,Lumino Industries,3.8,(379)
2990,SiliconIndia,2.7,(378)
2991,Capital Small Finance Bank,3.6,(378)
2992,Heavy Engineering Industries & Shipbuilding,3.9,(378)
2993,PropTiger.com,3.8,(378)
2994,Andromeda Sales ans Distribution PVT LTD,3.2,(378)
2995,Concord Biotech,3.8,(378)
2996,Rainbow Hospital,3.7,(377)
2997,SATTVA,4.3,(377)
2998,Leixir Dental Group,4.5,(377)
2999,Pharmarack Technologies,3.5,(377)
3000,Yellow Diamond,4.0,(377)
3001,Bss Microfinance,3.8,(376)
3002,KaaShiv InfoTech Company,4.8,(376)
3003,Captain Steel India Limited,3.7,(376)
3004,Civica India,3.0,(376)
3005,Columbia Petro Chem,4.1,(376)
3006,Jawahar Navodaya Vidyalaya,4.4,(375)
3007,Cashpor Micro Credit,3.6,(375)
3008,Rahee Group,3.9,(375)
3009,Sunflag Iron and Steel,3.7,(375)
3010,Wildcraft,3.6,(375)
3011,Data-Core Systems,2.9,(375)
3012,Aquasub Engineering,3.8,(375)
3013,Lloyds Metals And Energy,3.8,(375)
3014,Hilex,3.8,(375)
3015,Priya Cement,4.2,(375)
3016,Apcer Life Sciences,3.4,(375)
3017,OneSource Specialty Pharma Limited,3.8,(375)
3018,Lauritz Knudsen Electrical & Automation,4.2,(375)
3019,Apmosys Technologies,3.1,(375)
3020,Karvy Innotech,2.9,(374)
3021,TCG Lifesciences,4.1,(374)
3022,Royal Orchid Hotels,4.1,(374)
3023,Mahendra’s Institute,3.1,(374)
3024,Bellsonica Auto Component,3.9,(374)
3025,Ven Consulting,3.2,(373)
3026,Awign Enterprises,3.6,(373)
3027,T&M Services consulting,3.6,(373)
3028,Associated Road Carriers,4.1,(373)
3029,Adani Electricity,3.5,(373)
3030,Johnson Controls Hitachi Air Conditioning,3.7,(372)
3031,Moser Baer,3.9,(372)
3032,Toshiba JSW Power Systems,4.3,(372)
3033,Zara,3.5,(372)
3034,Pranav Vikas India Private Limited,3.8,(372)
3035,Campus Activewear,4.1,(372)
3036,Planetcast,3.6,(372)
3037,Satyam Venture Engineering Services,3.4,(372)
3038,Utkarsh India,3.6,(372)
3039,Berar Finance,3.6,(372)
3040,TRL Krosaki Refractories,3.9,(372)
3041,Wagh Bakri Tea Group,4.2,(372)
3042,Maxxis Rubber,3.5,(372)
3043,Sri Aurobindo Society,4.0,(371)
3044,Trident Hotels,4.0,(371)
3045,RedBus,4.1,(371)
3046,QUADRANT TECHNOLOGIES INDIA PRIVATE LIMITED,3.7,(371)
3047,Toshiba Transmission & Distribution Systems,3.8,(371)
3048,Uneecops Technologies,3.7,(371)
3049,Department of Agriculture,4.2,(371)
3050,Vedant Fashions,4.1,(371)
3051,Kokuyo Camlin,3.7,(371)
3052,Evolent Health International,3.9,(371)
3053,Mitra SK,3.8,(371)
3054,Actalent Services,3.6,(371)
3055,Enterprise Growth Accelerator,3.5,(370)
3056,Mobiloitte Technologies,3.0,(370)
3057,Endava,3.4,(370)
3058,Descon Engineering,4.0,(370)
3059,Offshoot Agency,3.3,(370)
3060,Sj Contracts,4.2,(370)
3061,Birla Cement,4.1,(370)
3062,Teachnook,2.8,(370)
3063,Hitachi Vantara,3.5,(370)
3064,N Ranga Rao And Sons,3.8,(369)
3065,INOX Air Products,4.1,(369)
3066,Subway,4.2,(369)
3067,TMF Group,3.7,(369)
3068,Health India Tpa Services,3.2,(369)
3069,WPP,2.8,(369)
3070,Caparo Maruti,4.1,(369)
3071,Amoli Organics,3.7,(369)
3072,ITSource Technologies,2.8,(369)
3073,RWS Group,3.6,(369)
3074,Choice Consultancy Services,3.7,(369)
3075,Hollister Medical,4.0,(368)
3076,Hyundai Engineering and Construction,4.3,(368)
3077,Tribhovandas Bhimji Zaveri,3.9,(368)
3078,Rithwik Projects,3.9,(368)
3079,Gujarat Alkalies & Chemicals,4.5,(368)
3080,GTPL-KCBPL,4.0,(368)
3081,Time Technoplast,3.7,(367)
3082,EXEDY,3.8,(367)
3083,Vaibhav Global,3.2,(367)
3084,Light Microfinance,3.8,(367)
3085,SEIL Energy India,4.0,(367)
3086,New Opportunity Consultancy,4.2,(366)
3087,Tata Toyo Radiator,,
3088,Syncfusion,3.4,(366)
3089,Duroflex,3.8,(366)
3090,SBI Payment Services,3.9,(366)
3091,Swiss Re,3.8,(366)
3092,Gufic Biosciences,3.2,(366)
3093,Tata Digital,2.3,(366)
3094,Ryan International School,3.2,(365)
3095,Watchyourhealth.com,4.6,(365)
3096,Pegasystems,3.5,(365)
3097,Avineon India,4.0,(365)
3098,Hitachi Hi-Rel Power Electronics,3.8,(365)
3099,VST Industries,3.7,(365)
3100,Eaton India Innovation Center,3.7,(365)
3101,Hygienic Research Institute,3.8,(365)
3102,Treebo Hotels,3.2,(365)
3103,Harjai Computers,3.2,(364)
3104,People Group,3.4,(364)
3105,Lalitha Jewellery,4.0,(364)
3106,Cedcoss Technologies,2.9,(364)
3107,GGS Information Services,3.9,(364)
3108,HBL Global,4.3,(363)
3109,Suzuki,3.8,(363)
3110,TCI Supply Chain Solutions,3.9,(363)
3111,McNROE,4.0,(363)
3112,NCCCL,3.4,(363)
3113,Carraro,3.9,(363)
3114,Emami Paper Mills,4.1,(363)
3115,Parul University,3.4,(363)
3116,Yamaha Motor India Sales,4.1,(363)
3117,Woodenstreet.com,3.4,(363)
3118,Audi,3.7,(362)
3119,Jaguar Security Services,4.5,(362)
3120,Vini Cosmetics,4.0,(362)
3121,Vini Cosmetics,4.0,(362)
3122,Ben Franklin Opticians,3.9,(362)
3123,Qentelli,3.6,(362)
3124,A-1 Fence Products,4.0,(362)
3125,Lam Research,3.7,(361)
3126,Ample Technologies,3.7,(361)
3127,DotPe,3.1,(361)
3128,METRO Global Solutions Center,3.4,(361)
3129,Wipro GE Health Care,4.0,(361)
3130,Aarti Drugs,3.5,(361)
3131,Zoomcar,3.6,(361)
3132,6D Technologies,2.8,(361)
3133,Autocomp Corporation Panse,3.4,(361)
3134,Council of Scientific and Industrial Research,4.1,(360)
3135,Godrej Infotech,3.7,(360)
3136,Ssipl Lifestyle,4.0,(360)
3137,Technocon Services,3.3,(360)
3138,Deenanath Mangeshkar Hospital,3.8,(360)
3139,Borosil Glass Works,3.7,(360)
3140,Al Tasnim Enterprises,3.5,(360)
3141,R.K.M Powergen,3.9,(360)
3142,Kalkine Solutions,4.4,(360)
3143,DCM Shriram Industries,4.1,(359)
3144,Lido Learning,2.1,(360)
3145,The Park Hotels,3.9,(359)
3146,Hindustan Syringes & Medical Devices,4.0,(359)
3147,Oil India,4.1,(359)
3148,Lobo Staffing Solutions,4.1,(359)
3149,Halonix Technologies,3.8,(359)
3150,Protiviti India Member,2.7,(359)
3151,RV Solutions,3.7,(359)
3152,SMC Corporation,3.7,(359)
3153,Groww,3.7,(359)
3154,B S R & Co Llp,3.1,(359)
3155,Balrampur Chini Mills Limited,4.0,(359)
3156,Roquette Riddhi Siddhi,3.8,(359)
3157,Coditas Technologies,3.9,(359)
3158,Seth M R Jaipuria School,3.5,(359)
3159,Udaan India - The Original Visa Company,4.2,(358)
3160,Adarsh Credit Co-Operative Society,4.3,(358)
3161,Netcore Pvt. Ltd.,4.1,(358)
3162,Yalamanchili Software Exports,3.0,(358)
3163,Udaan India - The Original Visa Company,4.2,(358)
3164,Adarsh Credit Co-Operative Society,4.3,(358)
3165,Worldline,3.6,(358)
3166,Yara Fertilisers,3.8,(358)
3167,Zydex Industries,3.7,(358)
3168,Sequel Logistics,4.0,(358)
3169,Shaadi.com,3.4,(358)
3170,Jumio,3.9,(358)
3171,AVL,3.5,(358)
3172,Mitsubishi Electric Automotive India,4.4,(358)
3173,Red Tape,3.3,(358)
3174,Ventura Securities,4.0,(357)
3175,doodleblue innovation,4.1,(357)
3176,Windlas Biotech,4.0,(357)
3177,Medall Healthcare,3.6,(357)
3178,Akumentis Healthcare,3.5,(357)
3179,Holcim,3.5,(357)
3180,Padmini VNA Mechatronics,3.9,(357)
3181,Zebronics,3.9,(357)
3182,Prem Motors,3.7,(357)
3183,Adient,4.0,(357)
3184,Advanced Micro Devices,3.7,(357)
3185,Yubi,4.2,(357)
3186,MSP Steel & Power,3.8,(357)
3187,Trane Technologies,3.9,(356)
3188,ACB (India),3.8,(356)
3189,Hyperpure,3.6,(356)
3190,Schaeffer & Sam,3.3,(355)
3191,Cotmac Electronics,3.7,(355)
3192,Debtcare Enterprises,4.3,(355)
3193,e-Zest,3.8,(355)
3194,Compunnel,3.7,(355)
3195,Ace Designers,4.0,(355)
3196,NXP Semiconductors,3.6,(355)
3197,Jay Chemical Industries,4.0,(355)
3198,Asti Electronics India,4.1,(355)
3199,Nabard Financial Services,4.1,(355)
3200,Orchid Pharma,3.7,(355)
3201,Universal Mep Projects & Engineering Services,3.7,(354)
3202,MAHLE Behr India,3.6,(354)
3203,CityMall,3.3,(354)
3204,UNext,3.0,(354)
3205,VGM Consultants,3.3,(354)
3206,Vijay Nirman Company,3.7,(353)
3207,MapmyIndia,3.4,(353)
3208,Rashtriya Chemicals and Fertilizers,4.4,(353)
3209,Stefanini,2.7,(353)
3210,DEN Networks,3.9,(353)
3211,EPIQ Systems,3.5,(353)
3212,Pharmed,4.7,(353)
3213,Muthoot Capital Services,3.6,(353)
3214,Sekisui Dljm Molding,3.9,(353)
3215,Zee Laboratories,3.8,(353)
3216,Zenex Animal Health,4.6,(353)
3217,Shiash Info Solutions,3.0,(353)
3218,Hical Technologies,3.5,(352)
3219,Toyota Financial Services,3.6,(352)
3220,Motilal Oswal Asset Management Company,4.3,(352)
3221,Gupta Power Infrastructure,3.0,(352)
3222,Adama,4.1,(352)
3223,Bain & Company,3.7,(352)
3224,Oceaneering International,4.0,(352)
3225,Kraft Heinz,3.0,(352)
3226,Vascon Engineers,3.8,(352)
3227,Escon Elevators,3.5,(352)
3228,Aegis Logistics,3.6,(352)
3229,Control Print,4.1,(353)
3230,Infocepts Technologies,3.5,(352)
3231,NU Vista,4.2,(351)
3232,BLS International Services,3.4,(351)
3233,Telstra,3.8,(351)
3234,Ceat Specialty Tyres,3.8,(351)
3235,Paperchase Accountancy,3.0,(351)
3236,Kushal's Fashion Jewellery,4.3,(351)
3237,Festo,3.6,(351)
3238,Bal Pharma,3.2,(352)
3239,L&T Defence,3.8,(351)
3240,Multiplier Brand Solutions,3.6,(351)
3241,MYCPE ONE,3.8,(351)
3242,SOPAN,4.0,(351)
3243,Stellar Innovations,3.4,(351)
3244,Synergies Castings,3.8,(350)
3245,Mars,3.7,(350)
3246,Shah Technical Consultants,3.6,(350)
3247,Savista Global Solutions,4.1,(350)
3248,Globtier Infotech Limited,3.3,(350)
3249,MUFG Bank,3.5,(350)
3250,Park Plus,2.7,(349)
3251,Fluper,4.0,(349)
3252,TMEIC,3.8,(349)
3253,National Highways Authority of India,3.9,(349)
3254,Network 18,3.4,(349)
3255,TestingXperts,3.6,(349)
3256,Cygnet Infotech,3.4,(349)
3257,Versuni India Home Solutions,3.3,(349)
3258,M K Agrotech Private Limited,4.5,(349)
3259,eMudhra,3.5,(349)
3260,Valvoline Cummins,4.0,(349)
3261,Valvoline Cummins,4.0,(349)
3262,Theme Engineering Services,3.7,(349)
3263,Ircon International,3.9,(349)
3264,International Game Technology,3.3,(349)
3265,Adglobal360,3.3,(349)
3266,Coding Ninjas,3.8,(349)
3267,Clariant Chemicals,4.2,(349)
3268,MSM Unify,3.9,(349)
3269,Avantor,3.6,(349)
3270,Rio Tinto,3.6,(348)
3271,Volvo Trucks,4.0,(348)
3272,Allegis Global Solutions,3.3,(348)
3273,Mahindra Insurance Brokers,3.3,(348)
3274,Kimberly-Clark,3.9,(348)
3275,Sata Vikas India,3.5,(348)
3276,VIKRAN Engineering & Exim,4.1,(348)
3277,Taco Bell,4.1,(347)
3278,Zuari Cement,4.3,(347)
3279,Zf Wind Power,4.1,(347)
3280,Clarus Rcm Infotech,2.7,(347)
3281,Kyndal India,3.7,(347)
3282,Gyproc,3.9,(347)
3283,L&T Valves,3.7,(347)
3284,GIVA Jewellery,3.0,(347)
3285,Kpmg Resource Centre,3.5,(347)
3286,Sri Sri Tattva,3.5,(347)
3287,Urban Ladder,3.7,(346)
3288,Bluechip Corporate Investment Centre,3.8,(346)
3289,Aloha Technology,2.6,(346)
3290,ShopKirana,3.9,(346)
3291,Satin Finserv,3.9,(346)
3292,DSV - Global Transport and Logistics,3.7,(346)
3293,Inventys Research,4.3,(345)
3294,AceMicromatic Group,4.2,(345)
3295,CESC,3.8,(345)
3296,KLJ GROUP,3.3,(345)
3297,Jaypee Cement,4.0,(345)
3298,Recipharm Pharmaservices,3.8,(345)
3299,Khimji Ramdas,3.8,(345)
3300,MJ Biopharm,3.4,(345)
3301,Sarvagram Fincare,3.9,(345)
3302,63 Moons Technologies,3.6,(345)
3303,Gtpl Broadband,3.8,(345)
3304,SOTC Travel Limited,4.1,(345)
3305,Hindustan Urvarak & Rasayan,3.4,(345)
3306,InfodriveIndia,4.0,(345)
3307,Pitaara,4.1,(345)
3308,Unique Identification Authority of India,3.7,(344)
3309,Teleysia Networks,3.4,(344)
3310,Sakthi Auto Components,3.2,(344)
3311,ICRA Analytics,3.0,(344)
3312,Halliburton,3.6,(344)
3313,ADNOC,4.3,(344)
3314,CKA Birla Group,4.0,(344)
3315,Fidelis Technology Services,3.5,(344)
3316,Indchemie Health Specialities,3.8,(344)
3317,Country Holidays Inn & Suites,4.2,(343)
3318,Polyhose,3.7,(343)
3319,Satguru Travels and Tour Services,2.8,(343)
3320,Merit Data and Technology,3.7,(343)
3321,DISYS,3.1,(343)
3322,Dentsu Aegis Network,3.2,(343)
3323,Praxis Services,3.3,(343)
3324,ESAF CO-OPERATIVE,3.5,(343)
3325,Zet Town,3.4,(343)
3326,Modern V.R. Security Force,3.9,(343)
3327,Essilor,4.0,(342)
3328,Arabian Industries,3.8,(342)
3329,Zopper,3.0,(342)
3330,Lion Engineering Consultants,3.4,(342)
3331,Can Fin Homes,2.7,(342)
3332,Accel IT Services,3.5,(342)
3333,Aeronautical Development Agency,4.2,(342)
3334,Aptean,3.0,(342)
3335,Kerala State Electricity Board,4.2,(342)
3336,Furukawa Minda Electric,4.0,(342)
3337,Somic ZF Components,4.2,(342)
3338,Mahindra Teqo,4.1,(342)
3339,Darwinbox,3.3,(342)
3340,Technicolor,3.5,(341)
3341,Vem Technologies,3.6,(341)
3342,Technicolor,3.5,(341)
3343,Silverlink Technologies,3.8,(341)
3344,Springer Nature in India,4.0,(341)
3345,Aarti Steels,3.7,(341)
3346,Evelyn Learning Systems,3.9,(340)
3347,Kalyani Motors,3.3,(340)
3348,NIKE,4.0,(340)
3349,Irclass Systems And Solutions,4.2,(340)
3350,Techno Electric & Engineering Company,4.0,(340)
3351,ESAB,3.9,(340)
3352,R&R Limousine And Bus,4.0,(339)
3353,SNVA Group,3.4,(339)
3354,IIT Bombay,4.4,(339)
3355,Walplast Products,4.0,(339)
3356,EXO Edge,3.5,(339)
3357,Patil Group,3.5,(339)
3358,Listenlights,3.8,(339)
3359,Integrated Wireless Solutions,3.8,(339)
3360,Sub-K IMPACT Solutions,4.1,(338)
3361,Global Aluminium,3.8,(338)
3362,IIC Technologies,3.5,(338)
3363,Signode,3.8,(338)
3364,Rushil Decor,4.1,(338)
3365,Selec Controls,3.5,(338)
3366,Plasser India,4.0,(338)
3367,Banco Products,3.6,(337)
3368,Entab Infotech,3.1,(337)
3369,Path Infotech,3.4,(337)
3370,Lucas Indian Service,4.1,(337)
3371,Lloyd Insulations,3.5,(337)
3372,o9 Solutions,3.4,(337)
3373,Polyplastics Industries (I),3.8,(337)
3374,Corizo,3.6,(337)
3375,AVASOFT,2.7,(337)
3376,Jtekt Sona Automotive India,4.3,(337)
3377,Pps Motors,3.9,(337)
3378,Mahindra Truck and Bus,3.6,(337)
3379,Labcorp,4.0,(337)
3380,Cadence Design Systems,3.8,(337)
3381,Delhi Metro Rail Corporation,4.1,(336)
3382,Newt Global,4.3,(336)
3383,Himadri Speciality Chemical Limited,3.5,(336)
3384,IndusInd Securities,3.7,(336)
3385,Hyundai Construction Equipment,4.2,(336)
3386,Pricol Precision Products,3.9,(336)
3387,Dinshaws,3.9,(336)
3388,Gi Group,3.7,(336)
3389,Futurense Technologies,4.1,(336)
3390,Senvion,4.0,(336)
3391,Brawn Group,3.6,(336)
3392,EqualizeRCM Services,3.7,(336)
3393,Aurigene Pharmaceutical Services,4.1,(336)
3394,Abbott Nutrition International,4.0,(335)
3395,Cardinal Health,4.3,(335)
3396,Scaleneworks,3.6,(335)
3397,Nutricia,3.5,(335)
3398,Vasan Eye Care Hospitals,3.9,(335)
3399,Pfizer Products India,3.9,(335)
3400,Shree Renuka Sugars,4.1,(335)
3401,OneBanc Technologies,4.9,(335)
3402,Hindustan Wellness,3.2,(335)
3403,Biz 2 Credit Info Services,3.4,(335)
3404,Aabasoft,4.0,(334)
3405,Maharashtra Hybrid Seed Company,4.0,(334)
3406,MNC Group,4.1,(334)
3407,Himedia Laboratories,4.1,(334)
3408,Xpheno,3.5,(334)
3409,E-Solutions,3.4,(334)
3410,Nava Limited,3.8,(334)
3411,Agility,4.0,(333)
3412,Rajsriya Automotive Industries,3.2,(333)
3413,Moder Solutions,3.4,(333)
3414,Dvara KGFS,3.8,(333)
3415,JUNIPER GREEN ENERGY,4.5,(333)
3416,Fluentgrid,3.5,(333)
3417,Technosoft Engineering Projects Limited,3.8,(333)
3418,Harsha Engineers,3.9,(333)
3419,RHI Magnesita,3.8,(333)
3420,L&T–MHI Power Boilers,4.0,(333)
3421,Machino Plastics,3.6,(333)
3422,MobileComm Technologies India,3.8,(333)
3423,Rao IIT Academy,3.5,(332)
3424,Decimal Point Analytics,2.7,(332)
3425,CareEdge Ratings,3.0,(332)
3426,Cox & Kings,3.4,(332)
3427,Minda Kosei Aluminum Wheel,4.1,(332)
3428,Centre for Good Governance,4.1,(332)
3429,Inventia Healthcare,4.0,(332)
3430,MTR Foods,3.9,(332)
3431,Hitech Digital Solutions,3.7,(332)
3432,Groz Engineering Tools,4.2,(332)
3433,Tumbledry Solutions,4.4,(332)
3434,Holisol Logistics,3.8,(332)
3435,Jms Mining Services,3.9,(332)
3436,BIC Cello,4.0,(332)
3437,TP Central Odisha Distribution,3.7,(332)
3438,Savex Technologies,4.1,(331)
3439,Global Calcium,3.3,(331)
3440,Tamilnad Mercantile Bank,2.5,(331)
3441,UCO Bank,3.7,(331)
3442,Rainbow Childrens Hospital,3.6,(331)
3443,Greentech Industries,3.6,(331)
3444,Han Digital,2.7,(331)
3445,Nitco,4.0,(331)
3446,Vee Healthtek,3.8,(331)
3447,Anaptyss,4.0,(331)
3448,Boehringer-Ingelheim,4.0,(331)
3449,Sureti Insurance Marketing,3.2,(331)
3450,Lincoln Pharmaceuticals,3.4,(330)
3451,GITAM University,3.6,(330)
3452,Cohizon Life Sciences Limited,3.5,(330)
3453,Sundaram Motors,4.0,(330)
3454,AAJ Supply Chain Management,4.0,(330)
3455,KJS Cement,3.6,(330)
3456,Victora Tool Engineers,3.8,(329)
3457,You Broadband,3.7,(329)
3458,Telecom Network Solutions,4.1,(329)
3459,Awfis,4.3,(329)
3460,VSoft Technologies,3.1,(329)
3461,MIOT INTERNATIONAL,3.4,(329)
3462,Genisys Group,3.6,(329)
3463,Louis Philippe,4.4,(329)
3464,Oriental Aromatics,4.0,(329)
3465,Olectra Greentech,3.4,(329)
3466,Luxor Writing Instruments,3.5,(329)
3467,Kubota Agricultural Machinery India,4.2,(329)
3468,DCDC Kidney Care,4.1,(329)
3469,Vashi Integrated Solutions Limited,3.9,(328)
3470,Robosoft Technologies,3.4,(328)
3471,Veolia Water Technologies,4.2,(328)
3472,IQ BackOffice,3.6,(328)
3473,Glorious Insight,3.6,(327)
3474,VKC Group,3.7,(327)
3475,Ratnamani Metals and Tubes,4.2,(327)
3476,CR3 Group,3.8,(327)
3477,Aristocrat,3.5,(327)
3478,Peregrine Guarding,3.9,(327)
3479,Kusum Healthcare,4.1,(327)
3480,Arzooo.com,2.7,(327)
3481,Ubisoft Entertainment,3.6,(326)
3482,Softcell Technologies,3.8,(326)
3483,Swastika Investmart,3.7,(326)
3484,"Nitor Infotech, an Ascendion company",3.9,(326)
3485,Cognizant Solutions Corp,3.7,(326)
3486,Novel Office,3.9,(326)
3487,Mit World Peace University,3.8,(326)
3488,ILJIN ELECTRONICS,3.8,(326)
3489,Tenon Facility Management,3.5,(326)
3490,Arya Omnitalk,3.6,(326)
3491,Kuwait National Petroleum Company,4.2,(325)
3492,MARK EXHAUST SYSTEMS,4.2,(325)
3493,Sheraton Hotels and Resorts,3.8,(325)
3494,Hindustan Latex Family Planning Promotion Trust,4.0,(325)
3495,Avanse Financial Services,3.8,(325)
3496,TIBCO Software,3.7,(325)
3497,Siti Networks,3.9,(325)
3498,Jasper Colin,3.7,(325)
3499,ITM Group of Institutions,3.3,(325)
3500,Ck Birla Hospitals,4.0,(325)
3501,Mirza International,3.5,(325)
3502,Tata Play Fiber,3.9,(325)
3503,Cactus Communications,3.4,(325)
3504,Adani Gas,3.1,(325)
3505,Kent plc,4.1,(325)
3506,ATLBattery Technology (India) Private Limited,3.7,(325)
3507,Zydus Hospital,4.3,(324)
3508,Radiant Cash Management Services,3.3,(324)
3509,Aujas Cybersecurity-NuSummit company,3.7,(324)
3510,SAR Group,3.9,(324)
3511,Highway Industries,4.0,(324)
3512,Indus Valley Partners,2.8,(324)
3513,Ozone Pharmaceuticals,3.7,(324)
3514,BOLD Technology Systems,3.0,(324)
3515,Alkyl Amines,4.0,(324)
3516,ESIC HOSPITAL,4.0,(323)
3517,Stellar Value Chain Solutions,3.7,(323)
3518,Jaiprakash Power Ventures,4.0,(323)
3519,East African (I) Overseas Dehradun,4.1,(323)
3520,Honda India Power Products,4.2,(323)
3521,VML,3.5,(323)
3522,East African (I) Overseas Dehradun,4.1,(323)
3523,Peel-works,3.5,(322)
3524,SVC Co-Operative Bank,3.8,(322)
3525,Iconic,4.0,(322)
3526,Frigorifico Allana,4.0,(322)
3527,Manba Finance Limited,4.0,(322)
3528,Infiniti Software Solutions,4.4,(322)
3529,Sahayog Multistate Credit Co-operative Society,3.5,(323)
3530,Moody's Analytics,4.0,(322)
3531,Bombay Intelligence Security,4.2,(322)
3532,Opkey,4.6,(322)
3533,Sphinx Worldbiz,3.4,(322)
3534,Taal Tech India,3.9,(322)
3535,Girmiti Software,4.1,(322)
3536,Deepak Phenolics,4.4,(322)
3537,IFFCO Kisan Sanchar,3.7,(321)
3538,Myk Schomburg,3.8,(321)
3539,AI Variant,4.2,(321)
3540,ClaySys,3.7,(321)
3541,ClaySys,3.7,(321)
3542,Stellantis Avtec Powertrain,3.6,(321)
3543,Laser Power & Infra,3.6,(321)
3544,ETA Engineering,3.2,(321)
3545,ZIM Laboratories,3.0,(321)
3546,Renewsys India,3.9,(321)
3547,convergys india services,3.5,(320)
3548,ProConnect Integrated Logistics,3.7,(320)
3549,CG Foods,3.5,(320)
3550,Narula Infrastructure,3.5,(320)
3551,Navneet Education,4.0,(320)
3552,Bristol-Myers Squibb,3.5,(320)
3553,Bnp Paribas Securities,3.8,(320)
3554,Laxmi Civil Engineering Services,4.1,(320)
3555,Ms Agarwal Foundries,4.1,(320)
3556,Renom Energy Services,4.2,(320)
3557,Chubb,3.4,(320)
3558,Apisero,4.3,(320)
3559,Silverskills,3.4,(320)
3560,MDC Group of Companies,4.8,(319)
3561,Internshala,3.7,(319)
3562,AXIS MY INDIA,3.2,(319)
3563,Walsons Facility Solutions,3.9,(319)
3564,SGT University,3.5,(319)
3565,TAJSATS AIR CATERING,4.0,(319)
3566,Molecular Connections,3.1,(319)
3567,Resurgent India,3.9,(319)
3568,Jorie Healthcare,3.9,(318)
3569,Elico Healthcare Services,3.3,(318)
3570,JSW Steel Coated Products,3.9,(318)
3571,Sakon,2.9,(318)
3572,Gleneagles Hospital,3.6,(318)
3573,ARDEM Incorporated,3.9,(318)
3574,LANXESS India Private Limited,4.1,(318)
3575,TCPL Packaging,4.0,(318)
3576,DEC Infra,3.7,(318)
3577,Lernx,3.8,(318)
3578,Bharat IT Services,3.4,(318)
3579,Jodas Expoim,3.2,(318)
3580,Annexmed,3.2,(318)
3581,Zeta,3.2,(318)
3582,Sigmoid,3.7,(317)
3583,Hartek Group,4.1,(317)
3584,Outpace Consulting Services,4.5,(318)
3585,Alicon Castalloy,3.4,(317)
3586,Cliantha Research,3.9,(317)
3587,ATMECS Global,3.2,(317)
3588,Danone Foods Beverages,3.5,(316)
3589,Aditya Birla Memorial Hospital,4.4,(316)
3590,Competent Software,3.2,(316)
3591,Omax Autos,3.7,(316)
3592,LatentView Analytics,3.4,(316)
3593,Piramal Foundation,4.2,(316)
3594,Western Digital,3.4,(316)
3595,Telesonic Networks,3.8,(316)
3596,The Indian Hume Pipe Co.,3.8,(316)
3597,ZF India Technology Center,3.7,(316)
3598,Pulse Pharmaceuticals,3.4,(316)
3599,Embee Software,3.7,(316)
3600,Equinox Labs,3.9,(316)
3601,Indo Farm Equipment,3.1,(316)
3602,Adani Energy Solutions,3.6,(316)
3603,InsanelyGood,4.0,(315)
3604,Danske IT,3.6,(315)
3605,Angelique International,4.6,(316)
3606,ITC ABD,3.7,(315)
3607,Princess Cruises,3.9,(315)
3608,Ninestars Information Technologies Pvt. Ltd,3.2,(315)
3609,ArcGate,2.7,(315)
3610,MSD Pharmaceuticals,3.7,(315)
3611,Amrutanjan Health Care,3.9,(315)
3612,Manipal Technologies,3.9,(315)
3613,Miles Education,3.2,(315)
3614,Mindteck,2.9,(315)
3615,UNITILE,4.6,(315)
3616,HungerBox,3.6,(315)
3617,Signutra (Health & Nutrition Division of Win - Medicare Pvt Ltd),4.3,(315)
3618,Paragon Digital Services,3.2,(314)
3619,ABI Showatech,3.5,(314)
3620,Edureka,3.7,(314)
3621,Jaguar Land Rover,3.9,(314)
3622,Cameo Corporate Services,3.3,(314)
3623,CQRA,4.3,(314)
3624,Van Heusen,4.0,(314)
3625,NACL Industries,4.0,(314)
3626,Creative Hands HR Consultancy,4.2,(314)
3627,Bharat Wire Ropes,3.7,(314)
3628,Markelytics Solutions,4.5,(313)
3629,Smaaash Entertainment,4.1,(313)
3630,Essar Projects India,3.8,(313)
3631,Rooman Technologies,3.7,(313)
3632,Hinduja Finance,3.9,(313)
3633,TIDC India,3.7,(313)
3634,Military Engineer Services,4.6,(313)
3635,Transworld Systems,3.1,(313)
3636,Fino Paytech,3.2,(313)
3637,Dainik Jagran,3.3,(313)
3638,H&R Block,4.1,(313)
3639,The Sleep Company,4.2,(313)
3640,Guiltfree Industries,3.5,(313)
3641,AGI Glaspac,3.7,(313)
3642,Nimbus Harbor Facilities Management,4.1,(313)
3643,Prepca Eduserv,4.0,(313)
3644,DynPro,3.7,(313)
3645,Turing,3.0,(313)
3646,Netsmartz Infotech,3.7,(313)
3647,Electrical Research & Development Association,3.7,(313)
3648,DRA Homes,4.5,(313)
3649,Techolution,3.7,(313)
3650,SquadStack,3.3,(313)
3651,KEPCO Plant Service & Engineering,3.7,(313)
3652,Ruby Hall Clinic,4.0,(313)
3653,Azure Power,3.9,(313)
3654,Vinati Organics,3.9,(312)
3655,Micro Plastics Private Limited,3.7,(312)
3656,Sabre,3.9,(312)
3657,Hindustan Times,3.2,(312)
3658,NatWest Markets,3.8,(312)
3659,GMR Energy,3.9,(312)
3660,Gammon Engineers And Contractors,4.0,(312)
3661,Automotive Robotics (India),3.4,(312)
3662,Money View,4.2,(312)
3663,AltezzaSys,3.9,(312)
3664,Airtel DTH Services,4.1,(311)
3665,LetsTransport,3.7,(311)
3666,Tata Marcopolo Motors,3.8,(311)
3667,SBS,2.6,(311)
3668,Koenig Solutions,3.4,(311)
3669,SEABIRD LOGISOLUTIONS,3.8,(311)
3670,Meitra Hospital,4.5,(311)
3671,Rucha Engineers,3.8,(311)
3672,Gaja Engineering,4.2,(311)
3673,ANZ Operations & Technology,3.7,(311)
3674,V2Solutions,3.1,(311)
3675,Amcor Flexibles India,3.7,(311)
3676,Cyber Infrastructure,3.4,(311)
3677,Doha Petroleum Construction Company,3.9,(311)
3678,Gawar Construction,4.1,(310)
3679,Brinton Pharmaceuticals,4.5,(310)
3680,SSF PLASTICS,3.5,(310)
3681,Mirafra Technologies,3.7,(310)
3682,Domino Printech India LLP,4.3,(310)
3683,Aspiro Pharma,3.7,(310)
3684,Futwork,3.7,(310)
3685,Kshema General Insurance,4.3,(310)
3686,Karvy Financial Services,3.9,(310)
3687,Themis Medicare,3.8,(310)
3688,SSF PLASTICS,3.5,(310)
3689,Quintessence Business Solutions & Services,3.8,(309)
3690,Vilas Javdekar Developers,3.8,(309)
3691,Unibic Foods,3.6,(309)
3692,TATWA Technologies,3.3,(309)
3693,Ordnance Factory,4.3,(309)
3694,Alf Engineering,3.9,(309)
3695,VVF,3.9,(309)
3696,RNF Technologies,2.9,(309)
3697,Checkmate Services,4.0,(309)
3698,GSH Group,4.1,(309)
3699,T R Chadha & Co Llp,3.3,(309)
3700,Inlead Electronics,3.9,(309)
3701,Altera Digital Health,3.0,(309)
3702,Dyninno India,4.0,(309)
3703,FCI CCM,4.4,(309)
3704,KnowledgeHut,4.4,(308)
3705,Cure foods,3.4,(308)
3706,BYJU'S Exam Prep,3.7,(308)
3707,ISMT,3.8,(308)
3708,Airbnb,3.6,(308)
3709,Bird Worldwide Flight Services,3.4,(308)
3710,Cavisson Systems,2.3,(308)
3711,Yum!,4.0,(308)
3712,Arabian Construction Company,3.1,(308)
3713,Madina Group,4.5,(308)
3714,LCC Projects,4.3,(308)
3715,Xylem Water Solutions,3.7,(308)
3716,Dosti Realty,4.1,(308)
3717,Junglee Games,4.1,(308)
3718,Goldmedal Electricals,3.7,(307)
3719,Ahresty India,3.8,(307)
3720,Wirtgen India,4.1,(307)
3721,Gemini Solutions,3.4,(307)
3722,NVH India Auto Parts,3.3,(307)
3723,Segula Technologies,3.4,(307)
3724,MN Dastur & Company,3.9,(307)
3725,SS Supply Chain Solutions,3.6,(307)
3726,Nippon Audiotronix,3.4,(307)
3727,Nuclear Power Corporation of India,4.2,(306)
3728,BMW,4.1,(306)
3729,K R Mangalam University,4.5,(306)
3730,Bhandari Automobiles,3.7,(306)
3731,Innoviti Technologies Private Limited,2.9,(306)
3732,Ratnadeep Retail,4.1,(306)
3733,ecare India,3.9,(306)
3734,THE GUARDIANS Real Estate Advisory,3.6,(306)
3735,R L Fine Chem,3.7,(305)
3736,EnFuse Solutions,4.0,(305)
3737,Diya Systems,3.2,(305)
3738,Nissin Brake,4.3,(305)
3739,Katerra,3.5,(305)
3740,HyFun Foods,4.2,(305)
3741,Business Integrity Services,4.2,(305)
3742,Rheinmetall Automotive,3.9,(305)
3743,Orix Auto Infrastructure Services,4.0,(305)
3744,ICRA,3.3,(305)
3745,Smart Value Products And Services,4.1,(305)
3746,Emmvee Photovoltaic Power,3.5,(305)
3747,TJSB Sahakari Bank,3.6,(305)
3748,KHY ELECTRONIC,3.9,(305)
3749,Hudson's Bay Company,3.9,(305)
3750,Spm Autocomp,3.6,(305)
3751,Massmutual Global Business Services,3.9,(305)
3752,Titan Laboratories,3.4,(305)
3753,Garware Technical Fibres,3.5,(304)
3754,Munjal Kiriu Industries,3.8,(304)
3755,Tata Memorial Centre,4.0,(304)
3756,Incture Technologies,2.7,(304)
3757,GlobalStep,2.3,(304)
3758,FUJIFILM,4.1,(304)
3759,SHV Energy,3.9,(304)
3760,Stelmec,3.3,(304)
3761,ARCADIS,4.1,(304)
3762,HostBooks,3.0,(304)
3763,Fleetx.io,3.2,(304)
3764,Innover Digital,4.3,(303)
3765,Murugappa Group,3.9,(303)
3766,Asort Company,3.9,(303)
3767,Soma Enterprises,4.6,(303)
3768,Namdev Finvest,3.7,(303)
3769,Merino Laminates,3.9,(303)
3770,Integra Global Solutions,3.5,(303)
3771,British Biologicals,2.9,(303)
3772,QDegrees,3.2,(303)
3773,Publicis Resources,3.4,(303)
3774,Roki Minda Co,4.5,(303)
3775,Arena Animation,3.5,(302)
3776,Allanasons,3.9,(302)
3777,Shreya Life Sciences,3.9,(302)
3778,Suburban Diagnostics,3.9,(302)
3779,Ang India,3.5,(302)
3780,Mukand Limited,3.6,(302)
3781,IT By Design,3.1,(302)
3782,Citrix,3.2,(302)
3783,Lee Pharma,3.4,(302)
3784,NAFFCO,3.1,(302)
3785,Gracure Pharmaceuticals,3.3,(302)
3786,Dahua Technology India Pvt.Ltd.,3.5,(302)
3787,Hardcastle Restaurants,3.7,(302)
3788,Tata ClassEdge,3.6,(302)
3789,Iscon Balaji Foods,3.9,(302)
3790,IM Gears,3.6,(302)
3791,Softtek,3.9,(301)
3792,Can-Pack,4.3,(301)
3793,Thirumalai Chemicals,3.8,(301)
3794,1K Networks,3.2,(301)
3795,Metric Stream Infotech,3.2,(301)
3796,Efftronics Systems,3.0,(301)
3797,McAfee,3.5,(301)
3798,Toyota Tsusho,3.8,(301)
3799,Hamleys,3.8,(301)
3800,Highbar Technocrat,3.9,(301)
3801,Woodland,3.2,(301)
3802,IndianOil Adani Ventures,3.9,(301)
3803,Sakata Inx,3.9,(301)
3804,Propel Industries,3.7,(301)
3805,ScoreMe Solutions,3.3,(301)
3806,Meinhardt Group,3.4,(301)
3807,Global Opportunities,4.1,(300)
3808,POSCO MAHARASHTRA STEEL,4.2,(300)
3809,Blenheim Chalcot,2.7,(300)
3810,Onida,3.5,(300)
3811,Tata Green Batteries,,
3812,Online Legal India,4.6,(300)
3813,Lanco Infratech,4.5,(300)
3814,Trelleborg,3.7,(300)
3815,Slr Metaliks,4.0,(300)
3816,Knowledge Splice Services pvt ltd.,3.0,(300)
3817,Presto Infosolutions,2.8,(300)
3818,Sam India Built Well,3.4,(300)
3819,The Fern Residency,3.9,(299)
3820,Saregama India,4.0,(299)
3821,The Fern Residency,3.9,(299)
3822,AIS Glass Solutions,3.6,(299)
3823,Ciron Drugs & Pharmaceuticals,3.2,(299)
3824,Peter England,4.1,(299)
3825,Saregama India,4.0,(299)
3826,Bacancy Technology,4.0,(299)
3827,MSPL,4.1,(299)
3828,Crescent Foundry,3.8,(299)
3829,Siegwerk,3.9,(299)
3830,BCT Consulting Private Limited,3.8,(299)
3831,Wallace Pharmaceuticals,3.7,(299)
3832,Perkins,4.2,(299)
3833,Wartsila,4.0,(298)
3834,ANI INTEGRATED SERVICES,3.5,(298)
3835,Impelsys,3.0,(298)
3836,Tradebulls,3.1,(298)
3837,Aurigene Oncology Limited,4.2,(298)
3838,First Flight Couriers,4.6,(298)
3839,Konica Minolta Business Solutions India Pvt. Ltd.,4.1,(298)
3840,Chakr Innovation,3.6,(298)
3841,Chakr Innovation,3.6,(298)
3842,Konica Minolta Business Solutions India Pvt. Ltd.,4.1,(298)
3843,Orient Paper Mill,4.5,(298)
3844,DigiTech Call System,2.7,(297)
3845,CPM India Sales & Marketing,4.0,(297)
3846,Hughes Systique Corporation,3.7,(297)
3847,JMR Infotech,4.1,(297)
3848,Solartis Technology Services,3.5,(297)
3849,Autodesk,3.9,(297)
3850,ABP Group,3.4,(297)
3851,Danfoss Power Solutions,3.9,(297)
3852,Eye-Q Super Speciality Eye Hospitals,3.4,(297)
3853,Automotive Axles,3.9,(297)
3854,Dee Vee Projects,3.7,(297)
3855,Busibud,3.6,(297)
3856,Servotech Renewable Power System Ltd.,3.6,(297)
3857,Wika Instruments India,4.0,(297)
3858,Advance India Projects,4.3,(297)
3859,Karuna Management Services,3.6,(297)
3860,Bajaj Energy,4.3,(297)
3861,HyScaler,4.2,(297)
3862,Virtusa Software Services,3.6,(297)
3863,Ketto,4.3,(296)
3864,Home Centre,3.9,(296)
3865,National Institute for Smart Government,3.6,(296)
3866,INDIABULLS PHARMACEUTICALS,2.8,(296)
3867,Pepe Jeans,3.9,(296)
3868,Verse Innovation,3.4,(296)
3869,Bony Polymers,3.4,(296)
3870,Ador Welding,3.9,(296)
3871,Black Box Limited,2.9,(296)
3872,Indira Gandhi International Airport,3.9,(296)
3873,Balajee Group,3.6,(296)
3874,Munjal Auto Industries,3.6,(296)
3875,OneAssist Consumer Solutions,3.9,(296)
3876,Bandhan KOnnagar,3.3,(296)
3877,Apollo Diagnostics,4.1,(296)
3878,Urbanrise,3.8,(296)
3879,Trackon Courier,3.6,(296)
3880,Interface Microsystems,3.7,(295)
3881,Banswara Syntex,3.8,(295)
3882,Atul Auto,3.8,(295)
3883,Spectranet,3.6,(295)
3884,Trigyn Technologies,3.8,(295)
3885,Diamondpick,3.9,(295)
3886,Doubtnut,3.4,(295)
3887,ERA Group,3.8,(295)
3888,State Bank Operations Support Services,3.4,(295)
3889,Total Environment Building Systems,4.0,(295)
3890,ICICI Direct,3.9,(295)
3891,Gap,3.6,(295)
3892,Emerald Jewel Industry India,3.6,(295)
3893,FOX Solutions,3.7,(295)
3894,Rochem Separation Systems,3.6,(295)
3895,Nilons Enterprises,3.9,(295)
3896,Suntory Global Spirits India,4.0,(295)
3897,Samarth LifeSciences,3.6,(294)
3898,Avanze Technologies,3.6,(294)
3899,Kelly Services,4.2,(294)
3900,Tablets (India),3.8,(294)
3901,Bharat Dynamics,4.5,(294)
3902,Delhi Duty Free Services,3.7,(294)
3903,Easy Home Finance,4.4,(294)
3904,Property Solutions,3.8,(294)
3905,Mas Callnet,2.8,(294)
3906,TourTravelWorld.Com,4.9,(293)
3907,Aurangabad Electricals,3.8,(293)
3908,Keihin Fie,4.3,(293)
3909,Levelshift,3.3,(293)
3910,Bhash Software Labs,4.5,(293)
3911,Nature's Basket,3.9,(293)
3912,DataTrained,3.4,(293)
3913,Utthunga Technologies,2.7,(293)
3914,Dotsquares,2.6,(293)
3915,Popular Vehicles and Services,3.8,(293)
3916,Shyam Indus Power Solutions,3.9,(293)
3917,J.M Baxi & Co,3.9,(293)
3918,Nexval Infotech,2.6,(293)
3919,STYLAM Industries,3.4,(293)
3920,Anand Rathi Share and Stock Brokers Ltd,3.4,(293)
3921,Joyson Safety Systems,4.0,(292)
3922,MTAR Technologies,3.9,(292)
3923,Embitel Technologies,4.0,(292)
3924,Southern Petrochemical Industries Corporation,3.6,(292)
3925,Gautam Solar,3.8,(292)
3926,kipi.ai,3.7,(292)
3927,Locuz Enterprise Solutions,3.6,(292)
3928,Varmora Granito,4.0,(292)
3929,Msi Services,3.9,(292)
3930,Indo Amines,3.2,(292)
3931,Personiv,3.8,(292)
3932,Ummeed Housing Finance,4.0,(292)
3933,Hema Engineering Industries,4.0,(291)
3934,HM Group,4.5,(291)
3935,Kd Logistics,3.7,(291)
3936,Borgwarner Emission System,3.7,(291)
3937,Baoiam Innovations,4.6,(291)
3938,Rupa,3.7,(291)
3939,Consolidated Construction Consortium,4.2,(291)
3940,OSB India,3.5,(291)
3941,Amrita Institute of Medical Sciences and Research,3.8,(291)
3942,Eastern Software Solutions Pvt. Ltd,4.0,(291)
3943,Shriram Chits,3.6,(291)
3944,Worldline Global Services,3.8,(291)
3945,SAVIC Technologies,2.4,(290)
3946,Amartex Industries,3.2,(290)
3947,OnProcess Technology,3.8,(290)
3948,TowerVision India,4.3,(290)
3949,Tommy Hilfiger,3.8,(290)
3950,AirAsia,3.5,(290)
3951,Clifford Chance,3.6,(290)
3952,Pitambari Products,4.2,(290)
3953,Meghalaya Cements,4.1,(290)
3954,Essae Teraoka,3.6,(290)
3955,Imperative Business Ventures,3.7,(290)
3956,Pfizer Healthcare india pvt lit,3.9,(290)
3957,SMR Automotive Systems India,3.8,(290)
3958,Calsonic Kansei Motherson Auto Products,4.1,(290)
3959,Jbm Auto Components,3.9,(290)
3960,Liugong India,3.4,(290)
3961,Fujitec,3.8,(290)
3962,Pfizer Healthcare india pvt lit,3.9,(290)
3963,Shaily Engineering Plastics Ltd,4.0,(290)
3964,Infrastructure Leasing & Financial Services,4.4,(289)
3965,InnovationM,3.8,(289)
3966,Arrow Electronics,4.2,(289)
3967,Think Future Technologies,4.5,(289)
3968,INDIAN PUBLIC SCHOOL,3.9,(289)
3969,Ocrolus East,3.4,(289)
3970,Manappuram Home Finance,4.0,(289)
3971,Vserv Infosystems,3.4,(289)
3972,Sv Creditline,3.7,(289)
3973,Gionee,4.4,(288)
3974,Gupshup,2.8,(288)
3975,Phoenix Contact,4.0,(288)
3976,Jayashree Polymers,3.7,(288)
3977,Infineon Technologies,3.6,(288)
3978,Ambey Mining,3.3,(288)
3979,Confederation of Indian Industry,3.4,(288)
3980,Velnik India,3.2,(288)
3981,Calpion Software Technologies,3.5,(288)
3982,Velnik India,3.2,(288)
3983,Bonn Group,3.9,(288)
3984,I P Integrated Services,3.8,(288)
3985,360 Degree Cloud Technologies,3.8,(288)
3986,Kaleesuwari Refinery,3.9,(288)
3987,MosChip Technologies,3.9,(288)
3988,Star Wire India,4.0,(288)
3989,Ribbon Communication,3.8,(288)
3990,AvenData GmbH,3.8,(287)
3991,Lumax Auto Technologies Ltd,4.3,(287)
3992,Unicorn Infosolutions,3.3,(287)
3993,Vision Rx Lab,3.9,(287)
3994,Veer-O-- Metals,4.2,(287)
3995,Rimjhim Ispat,3.4,(287)
3996,ONPASSIVE,2.5,(287)
3997,Elcamino Software,3.2,(287)
3998,IDP IELTS,3.3,(287)
3999,American Express Global Business Travel,4.1,(287)
4000,LM Wind Power,4.0,(287)
4001,HYUNDAI TRANSYS INDIA,3.8,(287)
4002,Ahana Systems & Solutions,3.7,(287)
4003,Nestaway,3.2,(287)
4004,MetroTelworks,3.6,(286)
4005,Origo Commodities,3.5,(286)
4006,Cremica Food Industries,3.8,(286)
4007,Mindfire Solutions,3.9,(286)
4008,PurpleTalk,3.6,(286)
4009,Kangaro Industries,3.5,(286)
4010,Fourrts,4.1,(286)
4011,Dover India,3.9,(286)
4012,Drydocks World Dubai,3.8,(286)
4013,HDFC Credila Financial Services,3.7,(286)
4014,Annora Pharma,3.8,(286)
4015,Cholamandalam MS Risk Services,3.6,(286)
4016,Eastman Chemical Company,3.9,(286)
4017,Petrocon Engineers & Consultants,3.6,(286)
4018,Sanmarg Projects,3.8,(286)
4019,Healthium Medtech,3.4,(286)
4020,Toyota Material Handling,3.7,(286)
4021,NTF Group,4.0,(286)
4022,Sonata Finance,3.9,(285)
4023,Indian Institute of Science,4.1,(285)
4024,Jetking Infotrain,3.6,(285)
4025,Walchandnagar Industries,3.2,(285)
4026,Boston Scientific,4.0,(285)
4027,Freelancer.com,4.1,(285)
4028,Bihar Rural Livelihoods Promotion Society,3.7,(285)
4029,Quantzig,4.5,(285)
4030,Adani Realty,3.7,(285)
4031,Microsense,3.6,(285)
4032,Vcs Quality Services,3.9,(284)
4033,Adani Solar,3.6,(284)
4034,Nippon Express,3.8,(284)
4035,RM Education Solutions,3.2,(284)
4036,Four Points By Sheraton,4.1,(284)
4037,International Flavors & Fragrances,3.7,(284)
4038,Polyplex,4.0,(284)
4039,Malladi Drugs & Pharmaceuticals,3.6,(284)
4040,Mantra Technologies,3.6,(284)
4041,Vitesco Technologies,4.4,(284)
4042,Anupam Rasayan India,3.6,(284)
4043,Kalinga Commercial Corporation,3.7,(284)
4044,Sanghvi Movers,4.4,(284)
4045,Isc Projects,3.8,(283)
4046,Weblink In,4.1,(283)
4047,Olyv,4.3,(283)
4048,CloudFoundation,4.8,(283)
4049,Asia-Pacific Institute of Management,3.6,(283)
4050,Smart Chip,4.0,(283)
4051,ICFAI Business School,3.5,(283)
4052,Classplus,3.6,(283)
4053,Omkar Realtors & Developers,3.7,(283)
4054,SKETS Studio,4.0,(283)
4055,Chain-Sys,3.1,(283)
4056,Powerica,3.8,(283)
4057,PaySquare Consultancy,3.8,(283)
4058,Superhouse,3.2,(283)
4059,ARCIS e Services,3.6,(283)
4060,Della Adventure Resort,4.0,(283)
4061,MMC Infotech Services,3.6,(283)
4062,Radium Creation,3.8,(283)
4063,Milky Mist Dairy Food,3.9,(283)
4064,Spectraforce Technologies,2.9,(283)
4065,Kirloskar Electric Company,3.8,(283)
4066,ISS SDB Security Services,4.1,(283)
4067,Amber,4.1,(283)
4068,Cholamandalam Securities,3.5,(283)
4069,Ajio Business,3.7,(283)
4070,Tata nexarc,3.0,(282)
4071,Century Pulp & Paper,3.8,(282)
4072,Sun TV Network,3.6,(282)
4073,Bajaj Hindusthan,4.2,(282)
4074,SHL,3.3,(282)
4075,SMS Limited,4.2,(282)
4076,Nalco water,3.7,(282)
4077,Venkateshwar Hospital,3.5,(282)
4078,Apparel Group India Private Limited,3.6,(282)
4079,Government of Maharashtra,4.0,(282)
4080,SasMos HET Technologies,3.6,(282)
4081,Hitachi Astemo Rajasthan Brake Systems,4.3,(282)
4082,Yatharth Hospital,3.8,(281)
4083,Faber India,4.3,(281)
4084,MM Forgings,3.3,(281)
4085,Meenakshi Polymers,3.6,(281)
4086,Roche Diagnostics,3.8,(281)
4087,EGIS,4.0,(281)
4088,Sir Ganga Ram Hospital,4.1,(281)
4089,National Institute of Technology,4.3,(281)
4090,RentoMojo,3.9,(281)
4091,Qualys,3.6,(281)
4092,Befree Business Resourceing,3.2,(281)
4093,Shriram Properties,4.1,(281)
4094,Muthoot Pappachan Group,4.1,(281)
4095,RACL Geartech,4.2,(281)
4096,Keka Technologies,3.0,(281)
4097,Naandi Foundation,3.7,(280)
4098,Star Hospitals,3.9,(280)
4099,The Louis Berger Group,4.4,(280)
4100,Zee Media Corporation,3.4,(280)
4101,FICO,3.3,(280)
4102,Protean eGov Technologies,3.4,(280)
4103,Trivium Education Services,3.7,(280)
4104,Escalon Business Services,3.8,(280)
4105,Immacule Life Sciences,3.2,(280)
4106,Grauer & Weil (i),3.3,(280)
4107,Uniqlo,2.8,(280)
4108,Girlscript Foundation,4.9,(280)
4109,Bajaj Finserv Health,3.6,(280)
4110,Credit Saison India,3.7,(280)
4111,Reliable Autotech,4.1,(280)
4112,Royal Research,2.0,(279)
4113,Kosamattam Finance,3.8,(279)
4114,Centific,3.5,(279)
4115,Madhu Jayanti International,3.6,(279)
4116,MindCraft Software,3.5,(279)
4117,Suresh Surana & Associates,3.2,(279)
4118,Tatva Chintan Pharma Chem,3.6,(278)
4119,Olam Group,3.7,(278)
4120,Videocon Industries Ltd.,3.9,(278)
4121,Lipi Data Systems,3.7,(278)
4122,Naaptol Online Shopping,3.2,(278)
4123,Policyboss.com,3.1,(278)
4124,Operational Energy Group India,3.9,(278)
4125,Everest Fleet,3.0,(278)
4126,Goldstone Cements,3.3,(278)
4127,Butterfly Gandhimathi Appliances,4.0,(278)
4128,Hetero Biopharma,3.8,(278)
4129,TimesPro,3.2,(277)
4130,Noida Power Company,4.3,(277)
4131,Himalaya Opticals,4.4,(277)
4132,InKnowTech,3.1,(277)
4133,EVRY India,4.5,(277)
4134,Rays Power Infra,4.1,(277)
4135,Forbes & Company,3.7,(277)
4136,MAN Truck & Bus,2.5,(277)
4137,Terex,3.9,(277)
4138,Enzene Biosciences,3.9,(277)
4139,Alchem International,3.7,(277)
4140,Sgs Tekniks Manufacturing,4.0,(277)
4141,Indo Count Industries,3.6,(277)
4142,Sgs Tekniks Manufacturing,4.0,(277)
4143,NEC Software Solutions,3.9,(277)
4144,Shivalaya Construction,4.2,(277)
4145,Hero Vired,4.5,(276)
4146,HiyaMee Private Limited,2.9,(276)
4147,Al-Yamama Group,3.6,(278)
4148,Netafim Irrigation India,4.0,(276)
4149,Puzzolana Machinery Fabricators,4.2,(276)
4150,Teachmint,3.9,(276)
4151,99acres,3.6,(276)
4152,Brink's,4.0,(276)
4153,Indian Molasses Company,3.7,(276)
4154,Schneider Electric Infrastructure,4.2,(276)
4155,UBI Services,3.7,(276)
4156,Wishfin,3.3,(276)
4157,Technique Control Facility Management,3.7,(276)
4158,Cogito Tech,2.5,(276)
4159,Any Brand,4.2,(276)
4160,Aqualite India,3.7,(276)
4161,Ginesys,3.7,(276)
4162,Technique Control Facility Management,3.7,(276)
4163,Sumadhura Infracon,4.0,(276)
4164,Don Bosco School,3.4,(275)
4165,STT Global Data Centres India,3.9,(275)
4166,Siddha Group,3.9,(275)
4167,Bacardi,3.7,(275)
4168,Walking Tree,3.2,(275)
4169,Electronic Arts,3.9,(275)
4170,BARC,4.4,(275)
4171,Alivira Animal Health,4.0,(275)
4172,Apna,3.2,(275)
4173,Kunal Structure,3.8,(275)
4174,Big C,3.7,(275)
4175,Synergy Maritime,4.0,(275)
4176,Yakult Danone India,3.8,(275)
4177,StudyIn,4.0,(275)
4178,Centillion Networks,3.6,(275)
4179,Essel Mining & Industries,4.1,(275)
4180,Kanwar Enterprises,3.4,(275)
4181,BuildAHome,4.5,(275)
4182,Mouser Electronics,3.4,(275)
4183,indiagold,4.5,(274)
4184,Accurex Biomedical,4.4,(274)
4185,Hidden Brains InfoTech,3.6,(274)
4186,Profectus Capital,4.2,(274)
4187,Vayam Info Solutions,4.0,(274)
4188,Creamy foods,3.7,(274)
4189,Manipal University,4.0,(274)
4190,Enpro Industries,4.3,(274)
4191,Sentiss Pharma,3.7,(274)
4192,SUN Mobility,3.9,(274)
4193,Century Enka,4.1,(274)
4194,Terralogic Software Solutions,2.8,(274)
4195,Sunteck Realty,3.3,(274)
4196,Stellar Information Technology,3.6,(273)
4197,Ambica Steels,3.5,(273)
4198,Adonmo,4.4,(273)
4199,Jspiders,3.7,(273)
4200,greytHR,3.6,(273)
4201,Ambica Steels,3.5,(273)
4202,greytHR,3.6,(273)
4203,Apex CoVantage,3.1,(273)
4204,S G Encon,3.5,(273)
4205,IPROCESS BUSINESS SOLUTIONS,3.8,(273)
4206,Niine,3.7,(273)
4207,Normet,3.9,(273)
4208,Reliance resQ,3.9,(273)
4209,Mitsuba Sical,4.0,(273)
4210,Winjit Technologies,3.5,(272)
4211,Cargo Service Center India,3.7,(272)
4212,WeRize,3.4,(272)
4213,British Airways,2.9,(272)
4214,Medgenome Labs,3.8,(272)
4215,Hero Electric,4.1,(272)
4216,P&O Cruises,3.6,(272)
4217,Asian Heart Institute,4.1,(272)
4218,Flipspaces,4.0,(272)
4219,JM Financial Home Loans,4.0,(272)
4220,Intech Organics,3.1,(272)
4221,JM Financial Home Loans,4.0,(272)
4222,Medgenome Labs,3.8,(272)
4223,ICICI Foundation for Inclusive Growth,3.6,(272)
4224,Lloyds Technology Centre,3.5,(272)
4225,Nalco,4.1,(271)
4226,Rakon,3.7,(271)
4227,Strada,3.5,(271)
4228,L&T Realty,3.7,(271)
4229,Applus IDIADA,4.0,(271)
4230,Arrow,4.5,(271)
4231,Vesuvius,3.6,(271)
4232,Vistra Corporate Services,3.5,(271)
4233,Armstrong Robotics & Technologies Private Limited,4.0,(271)
4234,Allengers Medical Systems,3.6,(271)
4235,Sonalika Group of Companies,3.8,(271)
4236,Utkarsh Classes,4.1,(271)
4237,Valmet,4.0,(271)
4238,GyanSys Inc,3.1,(271)
4239,Bhilai Engineering Corporation,3.6,(270)
4240,Sakra World Hospital,4.0,(270)
4241,Central Institute of Mining and Fuel Research,3.9,(270)
4242,Caplin Point Laboratories,3.3,(270)
4243,Eastern Condiments,3.8,(270)
4244,Sundaram Business Services,3.7,(270)
4245,Toshiba Software India,3.4,(270)
4246,Vacmet India,4.1,(270)
4247,Gallantt Ispat,3.8,(270)
4248,GGS Engineering Services,3.2,(270)
4249,Numerator,3.9,(270)
4250,Tata Sikorsky Aerospace,3.6,(270)
4251,Insecticides India,4.0,(269)
4252,Dbs Mintek,3.3,(269)
4253,Fashion TV,3.0,(269)
4254,Shivani Locks,3.7,(269)
4255,Vialto Partners,2.9,(269)
4256,Azad Engineering,3.7,(269)
4257,Sahajanand Medical Technologies,3.4,(269)
4258,Nandan Petrochem,3.7,(269)
4259,Pinkerton,3.6,(269)
4260,Dnata,3.2,(269)
4261,Belstar Investment and Finance,4.1,(269)
4262,Latinem,3.7,(269)
4263,Concentrix Catalyst,3.0,(269)
4264,Anthology,3.4,(269)
4265,Vantive,4.5,(269)
4266,Piramal Realty,4.2,(268)
4267,Tata Autocomp Gotion Green Energy Solutions,,
4268,Mitsubishi Elevators,4.1,(268)
4269,Birla Open Minds Education Private Limited,3.1,(268)
4270,Gujarat Gas,3.8,(268)
4271,Tata Strive Skill Development Centre,3.9,(268)
4272,Karnataka Bank,3.7,(268)
4273,Kisna Diamonds - HK Jewels,3.3,(268)
4274,Sigachi Industries,3.8,(268)
4275,Snowman Logistics,4.1,(268)
4276,ACN Health care,3.3,(268)
4277,Arihant Superstructures,4.1,(268)
4278,Expertise Contracting Company,3.5,(268)
4279,Corsearch,3.9,(268)
4280,PG Electroplast,4.0,(267)
4281,Sparsh Hospital,3.6,(267)
4282,Sony India Software Centre,3.7,(267)
4283,Cochin Shipyard,4.2,(267)
4284,Rostfrei Steels,3.7,(267)
4285,Appasamy Associates,3.5,(267)
4286,Niit Foundation,4.0,(267)
4287,Durian Industries,3.7,(267)
4288,iServeU,4.1,(267)
4289,Trimble,3.8,(267)
4290,JP Infra,3.7,(267)
4291,JRG Automotive india,3.2,(267)
4292,Shyam Steel Manufacturing,3.5,(267)
4293,Bombardier Transportation,4.4,(266)
4294,Modi Mundi Pharma,3.9,(266)
4295,UNICEF,3.9,(266)
4296,Shriram Value Services,3.9,(266)
4297,Etisalat,3.2,(266)
4298,OmniActive Health Technologies,3.4,(266)
4299,Fresenius Medical Care,3.8,(266)
4300,Gujarat State Fertilizers & Chemicals,4.3,(266)
4301,AISECT,3.8,(266)
4302,CohnReznick,3.9,(266)
4303,Augmont Goldtech,4.6,(266)
4304,Jeena Sikho Lifecare,3.9,(266)
4305,Decorpot,2.9,(266)
4306,Calderys India Refractories,4.1,(266)
4307,Novonesis,3.8,(266)
4308,Kutch Chemical Industries,3.9,(266)
4309,Sundaram Home Finance,4.2,(266)
4310,Battery Smart,3.3,(266)
4311,Zeetech Management And Marketing,3.8,(266)
4312,Liberty Shoes,3.9,(265)
4313,Fingent,3.9,(265)
4314,Dynamatic Technologies,3.8,(265)
4315,Diffusion Engineers,4.1,(265)
4316,Health Total,3.7,(265)
4317,Unitech,3.7,(265)
4318,LIXIL,3.8,(265)
4319,Danieli,3.5,(265)
4320,Amity Software Limited,4.0,(265)
4321,Unison Pharmaceuticals,3.9,(265)
4322,LIXIL,3.8,(265)
4323,Wilo Mather and Platt Pumps,3.9,(265)
4324,JGC Corporation,4.4,(265)
4325,O P Jindal Global University,3.6,(265)
4326,Steel Infra Solutions,3.5,(265)
4327,KiwiTech,3.6,(265)
4328,Data Marshall,3.2,(265)
4329,Dyson,3.7,(265)
4330,Kovai Medical Center and Hospital,4.2,(265)
4331,Globus Infocom,4.2,(264)
4332,The Professional Couriers,3.4,(264)
4333,MEDOPHARM,3.8,(264)
4334,Leap Finance,3.2,(264)
4335,SCM Garments,3.6,(264)
4336,Epigral,4.1,(264)
4337,GfK MODE,3.3,(264)
4338,Roha Dyechem,3.5,(264)
4339,Apollo 247,3.3,(264)
4340,Searce Cosourcing Services,3.0,(264)
4341,Reliance Cement Company,4.1,(264)
4342,Perfios Software Solutions,3.5,(264)
4343,Indian Railway Catering and Tourism,3.8,(264)
4344,Pahal Financial Services,4.1,(264)
4345,Mamaearth,3.8,(264)
4346,Lafarge,4.6,(263)
4347,Reliance Fresh,4.3,(263)
4348,The KCP,4.1,(263)
4349,Rossell Techsys,4.1,(263)
4350,Amazon Distributors,3.8,(263)
4351,Rosenberger Electronic,4.0,(263)
4352,Vamani Overseas Pvt Ltd,3.4,(263)
4353,Hawkins Cookers,3.7,(263)
4354,PMT Machines,3.2,(263)
4355,IndustryBuying.com,3.4,(263)
4356,British Paints,3.7,(263)
4357,Eaton Power Quality,4.0,(263)
4358,Madhucon Projects,3.6,(263)
4359,ZIGRAM,3.4,(263)
4360,Rajiv Gandhi Cancer Institute & Research Centre,3.8,(263)
4361,Rajiv Gandhi Cancer Institute & Research Centre,3.8,(263)
4362,MBD GROUP,3.2,(262)
4363,Riddhi Corporate Services,3.9,(262)
4364,Rehau Polymers,3.3,(262)
4365,Supermax Personal Care,3.5,(263)
4366,Government of Andhra Pradesh,3.7,(262)
4367,Birla Tyres,3.7,(262)
4368,Kinetic Engineering,3.4,(262)
4369,Super Auto Forge,3.9,(262)
4370,Tractor Junction,4.1,(262)
4371,Metacube Software,3.9,(262)
4372,Ujala Cygnus,3.6,(262)
4373,Amantya Technologies,4.0,(262)
4374,Teleindia Networks,3.7,(262)
4375,JSG Group,3.6,(262)
4376,Omega Healthcare Solutions,3.6,(261)
4377,Vinove Software & Services,3.4,(261)
4378,i-exceed technology solutions,3.5,(261)
4379,MRO,3.0,(261)
4380,Gatewaypark Business,4.6,(261)
4381,Leeford Healthcare,4.1,(261)
4382,Saurav Chemicals,3.7,(261)
4383,Apothecon Pharmaceuticals,4.4,(261)
4384,J. C. Penney,3.9,(261)
4385,Hindware Home Innovation,3.5,(261)
4386,AAFT,4.1,(261)
4387,Mogli labs,3.5,(261)
4388,Meghmani Industries,3.4,(260)
4389,Binary Semantics,3.3,(260)
4390,Mahagun India,3.0,(260)
4391,Weddingz.in,2.8,(260)
4392,Objectways Technologies,3.1,(260)
4393,Zee Learn,3.5,(260)
4394,Dataflow Group,2.9,(260)
4395,Foundation To Educate Girls Globally,4.0,(260)
4396,ReachLocal Services,3.6,(260)
4397,Emversity,4.1,(260)
4398,Mahindra Susten,4.4,(260)
4399,Galgotias University,3.5,(260)
4400,Zota Health Care,3.6,(260)
4401,ION Group,2.3,(260)
4402,General Energy Management Systems,3.7,(260)
4403,Nesma & Partners,4.2,(260)
4404,PhyCARE Solutions,3.6,(260)
4405,Wavin,4.1,(260)
4406,Shivaami Cloud Services,4.1,(260)
4407,Hill International,4.3,(260)
4408,Forvia,3.4,(260)
4409,Mobius Knowledge Services,3.4,(259)
4410,Agilysys Technologies India,3.3,(259)
4411,GrapplTech,4.8,(259)
4412,Infocus Technologies,3.9,(259)
4413,RG Stone Urology & Laparoscopy Hospital,3.9,(259)
4414,Motorola,4.2,(259)
4415,Maharishi Vidya Mandir,4.0,(259)
4416,Algonomy,3.7,(259)
4417,Honasa Consumer,3.6,(259)
4418,Toyotetsu India Auto Parts,3.8,(259)
4419,L&T Heavy Civil Infrastructure,4.1,(259)
4420,Lapiz Digital Services,3.8,(259)
4421,Burckhardt Compression,3.9,(259)
4422,Malabar Group Of Companies,3.7,(259)
4423,Catch Foods,4.1,(258)
4424,Rishabh Software,3.6,(258)
4425,KGK Group,3.3,(258)
4426,Costa Cruise Lines,4.2,(258)
4427,Wheels Emi,3.8,(258)
4428,CGM ARIA Health Services,3.6,(258)
4429,Paul Merchants,3.7,(258)
4430,Bajaj Healthcare,3.3,(258)
4431,Oswaal Books and Learning Private Limited,4.0,(258)
4432,Oriental Carbon & Chemicals,4.3,(258)
4433,Credgenics,4.1,(258)
4434,Shalina Healthcare,3.3,(258)
4435,SRM Institute of Science and Technology,3.7,(258)
4436,L. V. Prasad Eye Institute,4.3,(258)
4437,Media.net Software Services (India),3.2,(258)
4438,Quality Council of India,3.3,(257)
4439,Arrise Bpo Solutions,3.5,(257)
4440,Dhruv Research,3.0,(257)
4441,Integra Micro Systems,3.9,(257)
4442,Arrise Bpo Solutions,3.5,(257)
4443,Sophos Technologies,3.6,(257)
4444,Dhruv Research,3.0,(257)
4445,New Allenberry Works,3.5,(257)
4446,Singareni Collieries Company,4.4,(257)
4447,AceCloud by RTDS,4.2,(257)
4448,Cargo Motors,4.0,(257)
4449,Aditya Infotech,4.3,(257)
4450,Sudhir Power,3.6,(257)
4451,Leayan Global,3.9,(256)
4452,Avance Consulting Services,3.7,(256)
4453,Varite,3.4,(256)
4454,Central Tool Room & Training Centre,4.1,(256)
4455,Ruloans,3.6,(256)
4456,Mangalam Cement,3.9,(256)
4457,Oncquest Laboratories,3.3,(256)
4458,Captain Fresh,3.9,(256)
4459,KANINI Software Solutions,3.9,(256)
4460,ITCONS e-Solutions,3.5,(256)
4461,Niwas Housing Finance,4.1,(256)
4462,Mercurius Advisory Services,4.4,(256)
4463,Aarti Pharmalabs,3.7,(256)
4464,Venus Industrial Corporation,3.9,(256)
4465,Hewlett Packard Globalsoft,3.5,(255)
4466,Yodlee,3.9,(255)
4467,JWIL,4.1,(255)
4468,Smith+Nephew,4.1,(255)
4469,Richfeel Health & Beauty,3.1,(255)
4470,Betsol,3.5,(255)
4471,KTL Automobile,3.9,(255)
4472,El Seif Engineering Contracting,4.3,(255)
4473,Millennium Engineers & Contractors,4.1,(255)
4474,Agappe Diagnostics,4.0,(255)
4475,Grassroots BPO,3.4,(255)
4476,LOTS Wholesale Solutions,4.0,(255)
4477,Business for Social Responsibility,3.2,(255)
4478,Royal Infraconstru,3.4,(255)
4479,Madras Radiators and Pressings Limited,3.5,(255)
4480,Simpolo Vitrified,4.0,(255)
4481,Laborate Pharmaceuticals,3.7,(254)
4482,Mayfair Hotels & Resorts,4.3,(254)
4483,Zyoin,3.5,(254)
4484,OneCard,3.3,(254)
4485,Saint Gobain Sekurit India,3.7,(254)
4486,ATC Telecom Infrastructure,4.3,(254)
4487,Sequential Technology International,4.1,(254)
4488,Bright Life Care,3.9,(254)
4489,Cordova Publication,3.4,(254)
4490,Tangoe,3.8,(253)
4491,Sona Koyo Steering Systems,4.2,(254)
4492,KPC Projects,3.9,(254)
4493,Jain University,3.4,(254)
4494,Kotak Mahindra General Insurance,3.6,(254)
4495,Meneta Automotive Components,3.9,(254)
4496,Inland World Logistics,3.5,(254)
4497,Ivy Mobility Solutions,2.6,(254)
4498,Health Insurance TPA of India,3.8,(253)
4499,Turtle,3.2,(253)
4500,Godawari Power & Ispat,4.2,(253)
4501,Exusia,3.2,(253)
4502,ASUS,4.2,(253)
4503,Xeam Ventures,3.3,(253)
4504,Electropneumatics & Hydraulics (I),4.1,(253)
4505,MARG ERP,3.5,(253)
4506,Welspun Global Brands,3.8,(253)
4507,Enviri,3.9,(253)
4508,WorkIndia,3.1,(253)
4509,Interocean Group,4.3,(252)
4510,Newgen Knowledge Works,3.4,(252)
4511,GE Aviation,4.0,(252)
4512,Bombay Stock Exchange,3.4,(252)
4513,Antara Senior Care,3.1,(252)
4514,HyperCITY,4.7,(252)
4515,GTL Limited,4.3,(252)
4516,Vserve Ebusiness Solutions,4.3,(252)
4517,Turner Construction,4.0,(252)
4518,Canam Consultants,3.3,(252)
4519,GS Engineering & Construction,3.6,(252)
4520,PERSOLKELLY,3.4,(252)
4521,GS Engineering & Construction,3.6,(252)
4522,PERSOLKELLY,3.4,(252)
4523,GeeksForGeeks,2.8,(252)
4524,Lucy Electric,3.9,(252)
4525,Archirodon,4.3,(252)
4526,Goodluck,3.8,(251)
4527,Simpson,3.4,(251)
4528,Sraco,3.7,(251)
4529,Chandigarh Group of Colleges,3.7,(251)
4530,Zeelab Pharmacy,3.6,(251)
4531,Bizcrum Infotech,3.5,(251)
4532,Health Prime Services (India),3.5,(251)
4533,Som Autotech,3.9,(251)
4534,TP Western Odisha Distribution,3.4,(251)
4535,Sangam India,3.8,(251)
4536,NextGen Healthcare,3.8,(251)
4537,WizKlub,2.9,(251)
4538,Intersoft Data Labs,3.6,(250)
4539,Invertis University,4.7,(250)
4540,Credera,3.1,(250)
4541,Madras Engineering Industries,3.7,(250)
4542,Trantor,3.8,(250)
4543,Promea Therapeutics,4.1,(250)
4544,Xtancia Technosoft,4.0,(250)
4545,IIT Madras,3.8,(250)
4546,Barista Coffee Company,4.3,(250)
4547,SpanIdea,3.4,(250)
4548,Moveinsync Technology Solutions,3.1,(250)
4549,Pacific Cyber Technology,3.7,(250)
4550,ITW India,3.8,(250)
4551,InvestoXpert,4.3,(250)
4552,Sila Solutions,3.8,(250)
4553,Shri Bajrang Power & Ispat,4.0,(250)
4554,Diamond Beverages,3.0,(250)
4555,Plada Infotech Services,3.5,(250)
4556,Crest Data Systems,4.0,(250)
4557,Navata Road Transport,3.6,(250)
4558,Stanley Lifestyles,3.9,(250)
4559,Gen,3.6,(250)
4560,Easyday Club,4.6,(249)
4561,Everllence,3.7,(249)
4562,Adfactors PR,3.3,(249)
4563,Muthoot Money,3.9,(249)
4564,Net Solutions,3.8,(249)
4565,Ricoh,4.1,(249)
4566,Naga Limited,3.6,(249)
4567,Huntsman International,4.1,(249)
4568,RGBSI,3.3,(249)
4569,Virgo Laminates,3.9,(249)
4570,Triveni Turbines,3.6,(249)
4571,Capillary Technologies,3.3,(249)
4572,Botree Software International,3.5,(249)
4573,Hindustan Pencils,4.1,(249)
4574,Edward Food Research and Analysis Centre,3.8,(249)
4575,Raj Petro Specialities,3.8,(249)
4576,SA Infrastructure Consultants,3.6,(249)
4577,PMEA Solar Tech Solutions,4.0,(249)
4578,KhataBook,3.5,(249)
4579,Essar Power,4.0,(249)
4580,House of Hiranandani,4.6,(249)
4581,VSynergize Outsourcing,3.0,(249)
4582,Mahindra Defence Systems,3.9,(249)
4583,GMM Pfaudler,3.7,(249)
4584,Apollo Pipes,3.9,(248)
4585,L&T Water & Effluent Treatment,4.0,(248)
4586,Keller Ground Engineering,4.0,(248)
4587,Jakson Green,4.3,(248)
4588,Sai Service,3.7,(248)
4589,Skylark Infra Engineering Private Limited,3.8,(248)
4590,IIFL Securities,3.9,(248)
4591,C. L. GUPTA EXPORTS,4.2,(248)
4592,Tatvasoft,3.3,(248)
4593,The Smart Cube,3.4,(248)
4594,Sika,3.9,(248)
4595,Cross Country Infotech,4.0,(248)
4596,The Institute Of Chartered Accountants,3.2,(248)
4597,Puranik Builders,4.1,(248)
4598,Clearpack,4.0,(248)
4599,Terrier Security Services,4.3,(248)
4600,Adani Airport Holdings,3.0,(248)
4601,Elevanceskills,4.3,(248)
4602,DM Consultants,1.4,(247)
4603,Securens System,3.9,(247)
4604,FoodPanda,3.9,(247)
4605,Starmark Software,3.4,(247)
4606,Safran Engineering Services India,3.1,(247)
4607,Sami-Sabinsa Group,3.5,(247)
4608,Xylem Learning,4.3,(247)
4609,e-Procurement Technologies,3.3,(247)
4610,Dev Information Technology,3.4,(247)
4611,Lenexis Foodworks,3.7,(247)
4612,Futurz Staffing Solutions,3.8,(247)
4613,Interarch Building Product,4.0,(247)
4614,Dalmia Bharat Sugar & Industries,4.1,(247)
4615,Virohan,3.9,(247)
4616,Metro Brands,3.7,(247)
4617,HAL Offshore,4.2,(247)
4618,Mfar Constructions,3.8,(246)
4619,Tokai Rubber Auto Parts India,3.4,(246)
4620,Onkar Infotech,4.0,(246)
4621,ProcMart,3.7,(246)
4622,Onkar Infotech,4.0,(246)
4623,Genzeon (India) Private Limited,3.9,(246)
4624,Innova Captab,4.1,(246)
4625,Kapture CX,3.2,(246)
4626,Suminter India Organics,3.8,(246)
4627,Entero Healthcare Solutions,4.1,(246)
4628,Randstad Global Capability Center,3.6,(246)
4629,RineX,4.0,(246)
4630,Formidium Corp,2.8,(246)
4631,Cryoviva Biotech,3.3,(246)
4632,Billabong High International School,3.7,(246)
4633,Star Engineers India,3.6,(246)
4634,Netenrich Technologies,3.2,(246)
4635,National Contracting Company,4.0,(246)
4636,Tirupati Group,4.1,(245)
4637,Vision Express,4.0,(245)
4638,Health & Glow,3.7,(245)
4639,Franco-Indian Pharmaceuticals,3.2,(245)
4640,Maruti Ispat And Pipes,3.6,(245)
4641,Upwork,4.3,(245)
4642,Net Access India,3.9,(245)
4643,Health & Glow,3.7,(245)
4644,Franco-Indian Pharmaceuticals,3.2,(245)
4645,AGIO Pharmaceuticals,3.6,(245)
4646,Maruti Ispat And Pipes,3.6,(245)
4647,Microchip Technology,3.8,(245)
4648,Jindal India Thermal Power,3.8,(245)
4649,Kroll,3.4,(245)
4650,Little Nap Recliners,4.7,(245)
4651,Finnable Technologies,4.1,(245)
4652,Simar Infrastructures,3.7,(245)
4653,Anand Rathi Global Finance,3.2,(245)
4654,CTM India Limited,3.5,(245)
4655,BoAt,4.3,(245)
4656,Matter Motor Works,3.0,(245)
4657,Indutch Composites Technology,3.6,(244)
4658,Galpha Laboratories,3.7,(244)
4659,Sedin Technologies,4.5,(244)
4660,Kaveri Seed Company,4.0,(244)
4661,Galpha Laboratories,3.7,(244)
4662,Lentra AI,2.7,(244)
4663,Toshiba,4.1,(244)
4664,Kaveri Seed Company,4.0,(244)
4665,UPS Supply Chain Solutions,3.7,(244)
4666,Klaus IT Solutions,3.3,(244)
4667,Bhavani Industries,3.6,(244)
4668,Envestnet Asset Management,4.0,(244)
4669,Zifo RnD Solutions,3.7,(244)
4670,AONE OUTSOURCING SOLUTIONS,4.6,(244)
4671,Ventra Health,3.1,(244)
4672,Pinnacle Industries,3.5,(244)
4673,Reliance Smart Bazaar,4.0,(244)
4674,Radnik Exports,4.1,(244)
4675,Bekaert Industries,3.9,(243)
4676,Chennai Petroleum Corporation,4.6,(243)
4677,Dish Infra Services,3.1,(243)
4678,Arkade Group,3.9,(243)
4679,VERITY GLOBAL SOLUTIONS,3.5,(243)
4680,VISA Steel,3.2,(243)
4681,Bread Financial,3.7,(243)
4682,Grazitti Interactive,3.1,(243)
4683,Kamineni Hospitals,4.1,(243)
4684,Q Way Technologies,2.9,(243)
4685,Covalent Laboratories,3.4,(243)
4686,Indovance Inc,4.0,(243)
4687,NKC Projects,4.0,(243)
4688,Organic India,4.3,(243)
4689,CP Plus,3.9,(243)
4690,Sales India,4.1,(243)
4691,Collman Services,3.7,(243)
4692,Housejoy,4.2,(242)
4693,Deen Dayal Upadhyaya Grameen Kaushalya Yojana,3.8,(242)
4694,Optiemus Electronics,3.7,(242)
4695,Narmada Bio Chem,4.9,(242)
4696,ICICI Merchant Service,3.5,(242)
4697,Bravura Solutions,3.7,(242)
4698,Vasta Global,3.8,(242)
4699,PIX Transmissions,3.7,(242)
4700,Kuwait Oil Company,4.3,(242)
4701,Texas Review,3.9,(242)
4702,ITI Finance,4.1,(242)
4703,Webtel Electrosoft,3.7,(242)
4704,EVIO,3.8,(242)
4705,DAZN,2.6,(242)
4706,SevenMentor,4.3,(241)
4707,La Renon Healthcare,4.2,(241)
4708,SK E&C,4.4,(241)
4709,Akkodis,3.2,(241)
4710,SRM Technologies Pvt.Ltd,3.4,(241)
4711,Corecard Software,3.8,(241)
4712,Miraj Cinemas,3.7,(241)
4713,Godrej Capital,3.5,(241)
4714,Income Tax Department India,4.3,(241)
4715,Ecolab,3.5,(241)
4716,Caliber Technologies,3.1,(241)
4717,Vakilsearch,3.1,(241)
4718,Avontix,3.4,(241)
4719,Annova Solutions,3.6,(241)
4720,Weikfield Foods,3.4,(241)
4721,United Alliance Technology,4.9,(241)
4722,Sterling Hospitals,4.0,(241)
4723,Codeyoung,3.9,(241)
4724,iVenus,4.1,(241)
4725,The BIM Engineers,4.2,(241)
4726,Casio India Company,3.2,(241)
4727,Vaidik Eduservices,3.3,(241)
4728,Pittie Group,3.0,(240)
4729,Galva Decoparts,3.4,(240)
4730,VGN Projects Estates,3.8,(240)
4731,Smc Insurance Brokers,3.4,(240)
4732,Chai Point,3.7,(240)
4733,Bull Machines,3.8,(240)
4734,NIELIT,4.1,(240)
4735,Alp Consulting,3.8,(240)
4736,GlobusSoft,3.5,(240)
4737,Sanjeev Auto Parts Manufacturers,4.1,(240)
4738,Barmalt Malting,3.9,(240)
4739,Neon Laboratories,4.0,(240)
4740,Shalimar Corp,4.3,(240)
4741,Rajan Technocast,4.7,(240)
4742,Prabhat Dairy,3.7,(240)
4743,FEV,3.4,(240)
4744,Ratna Sagar,3.7,(240)
4745,Eversana,3.2,(240)
4746,Regalo Kitchens,3.5,(240)
4747,Amara Raja Power Systems,4.3,(240)
4748,Jitm Skills,3.1,(240)
4749,Crown Solutions,3.6,(239)
4750,Kharafi National,4.3,(239)
4751,Innoval Digital Solutions,4.7,(239)
4752,Javi Systems,3.6,(239)
4753,Shaw Toyota,4.9,(239)
4754,Hofincons Infotech & Industrial Services,4.1,(239)
4755,Bonito Designs,3.5,(239)
4756,Oasis Partners Asia,3.9,(239)
4757,American Oncology Institute,4.1,(239)
4758,Manubhai Jewellers,4.7,(239)
4759,Q3 Technologies,3.4,(239)
4760,NBCC,3.9,(239)
4761,NBCC,3.9,(239)
4762,National Petroleum Construction Company,4.4,(239)
4763,Manubhai Jewellers,4.7,(239)
4764,BillDesk,3.1,(239)
4765,Live Connections,3.8,(239)
4766,Placementindia.com,4.9,(239)
4767,Nova IVI Fertility,3.9,(239)
4768,Allen Solly,3.9,(239)
4769,Kwality Pharmaceuticals,3.9,(239)
4770,Arun Excello,3.8,(239)
4771,Accentuate Business Solutions,3.6,(239)
4772,11:11 Systems,3.4,(239)
4773,Filatex India,3.6,(239)
4774,Boston Institute of Analytics,4.3,(239)
4775,Kapston Services,4.0,(239)
4776,Stashfin,4.3,(239)
4777,Karanwal Capital,4.6,(238)
4778,Renata Precision Components,3.4,(238)
4779,Pearl Global Industries,3.7,(238)
4780,Model N,4.5,(238)
4781,University of Petroleum & Energy Studies,3.8,(238)
4782,Acorn Universal Consultancy LLP,4.2,(238)
4783,The New India Assurance Co.,4.4,(238)
4784,Ammann Apollo,4.1,(238)
4785,Learning Links Foundation,4.2,(238)
4786,Indo German Tool Room,4.0,(238)
4787,Carnival Cinemas,3.7,(238)
4788,Identifyplus Delivery Services,3.1,(238)
4789,Fortune Park Hotels,4.0,(238)
4790,Expertrons,3.6,(238)
4791,Spectrum Consultants,2.4,(238)
4792,SkillRecruit,4.4,(238)
4793,Airblack,4.0,(238)
4794,Dhandhania Infotech,3.3,(238)
4795,MQSYS Technologies,3.6,(238)
4796,WPIL,3.4,(238)
4797,Med Manor Organics,3.7,(238)
4798,Radius Global Solutions,2.8,(238)
4799,Qi Spine Clinic,3.4,(238)
4800,S Chand Group,3.6,(238)
4801,OASYS Cybernetics,3.0,(238)
4802,National Insurance Company,4.6,(237)
4803,Alembic,3.9,(237)
4804,QualiZeal,4.0,(237)
4805,The Sparks Foundation,4.2,(237)
4806,Tesseract Imaging,4.0,(237)
4807,Neudesic Technologies,4.1,(237)
4808,Bihar Foundry and Castings Limited,4.4,(237)
4809,Skechers,4.1,(237)
4810,Greenway Health,3.0,(237)
4811,Agrim,3.4,(237)
4812,Epicor Software Corporation,2.9,(237)
4813,Rustomjee Group,4.0,(237)
4814,Sterling and Wilson Renewable Energy,4.2,(237)
4815,Experion Developers,4.6,(237)
4816,SLAP,3.9,(237)
4817,NCL BUILDTEK,3.5,(237)
4818,Indiabulls Real Estate,4.4,(236)
4819,Vara United,3.7,(236)
4820,Ileads Auxiliary Services,2.9,(236)
4821,Omprime Technology Private Limited,4.1,(236)
4822,ILS Hospitals,3.6,(236)
4823,SMS Pharmaceuticals,3.1,(236)
4824,Agiliad,3.3,(236)
4825,Box8,3.4,(236)
4826,Linfox Logistics,4.1,(236)
4827,Nagata India,3.8,(236)
4828,Infosearch BPO Services,4.1,(236)
4829,HMSHost,3.8,(236)
4830,Evonith Value Steels,4.2,(236)
4831,Chandan Steel,3.4,(236)
4832,St. John's Medical College Hospital,4.1,(236)
4833,ABEC,4.2,(236)
4834,Sewa Grih Rin,3.4,(236)
4835,Arkray Healthcare,3.4,(236)
4836,Magnasoft Consulting India,3.2,(236)
4837,Naprod Life Sciences,3.4,(236)
4838,Grb Dairy Foods,3.5,(236)
4839,20Cube Logistics,3.8,(236)
4840,Tide - Business Management Platform,3.6,(236)
4841,Nineleaps Technology Solutions,4.2,(236)
4842,Six Phrase,3.7,(236)
4843,Nordex India,3.9,(236)
4844,National Small Industries Corporation,4.0,(235)
4845,Aditya Birla Money,3.9,(235)
4846,Zones Corporate Solutions,3.2,(235)
4847,Linux Laboratories,3.9,(235)
4848,Parle Elizabeth Tools,3.9,(235)
4849,American Tower Corporation,3.9,(235)
4850,Koyo Bearings India,3.9,(235)
4851,CyberSWIFT Infotech,3.5,(235)
4852,Student Life,4.0,(235)
4853,Intuit,3.2,(235)
4854,EY-Parthenon,3.0,(235)
4855,Marathon Realty,3.9,(235)
4856,Kobelco Construction Equipment India,4.2,(235)
4857,Sanoh,4.1,(235)
4858,Linc,3.5,(235)
4859,JAY JAY MILLS,4.1,(235)
4860,Jaipur National University,3.0,(235)
4861,Parason Machinery,3.3,(235)
4862,Montra Electric,3.7,(235)
4863,Pharmaceutical job,4.2,(235)
4864,Dr B Lal Clinical Laboratory,4.4,(235)
4865,Freedom Employability Academy,4.1,(235)
4866,iD Fresh Food,4.1,(234)
4867,Sears Holdings,3.0,(234)
4868,CPM International,3.8,(234)
4869,AABSyS IT,3.2,(234)
4870,VRC Constructions India,3.8,(234)
4871,Sarda Energy & Minerals,3.9,(234)
4872,RSH Global,4.1,(234)
4873,SR Fast Connect Staffing,4.5,(234)
4874,M.J Global,3.9,(234)
4875,Rajasthan Patrika,3.2,(234)
4876,WEG,4.2,(234)
4877,LUX Industries,3.3,(234)
4878,bebo Technologies,3.4,(234)
4879,Impact Analytics,3.9,(234)
4880,Government of West Bengal,3.6,(234)
4881,Sugam Parivahan,4.2,(234)
4882,Tecnotree Convergence,3.1,(234)
4883,AT&S,3.6,(234)
4884,Geetanjali Medical College and Hospital,4.0,(234)
4885,Atibir Industries,3.2,(234)
4886,Shorthills AI,3.6,(234)
4887,RSH Global,4.1,(234)
4888,SR Fast Connect Staffing,4.5,(234)
4889,Scc Infrastructure,3.9,(234)
4890,Selectsys,3.6,(234)
4891,Veltris,3.6,(234)
4892,Finorchem Limited,3.7,(234)
4893,Sears IT & Management Services India,3.1,(233)
4894,Arvato,3.7,(233)
4895,Verzeo,2.7,(233)
4896,Fusion,3.1,(233)
4897,Rasna,3.4,(233)
4898,Sneha Farms,4.0,(233)
4899,Infoesearch Ites,3.1,(233)
4900,Red Bull,4.1,(233)
4901,Impressico Business Solutions,4.4,(233)
4902,"Sanjay Ghodawat International School, Kolhapur",3.5,(233)
4903,Kalyani Maxion Wheels,4.1,(233)
4904,Autometers Alliance,4.4,(233)
4905,Prompt Personnel,3.9,(233)
4906,Shiva Pharmachem,3.8,(233)
4907,Copart,3.1,(233)
4908,MASAI School,4.2,(233)
4909,Shankaranarayana Constructions,3.8,(233)
4910,Lubi Industries Llp,4.1,(233)
4911,inMorphis Services,4.0,(233)
4912,APM Terminals,4.3,(233)
4913,Asian Institute of Medical Sciences,3.9,(233)
4914,GLA University,3.6,(232)
4915,RASI SEEDS,4.1,(232)
4916,Pure & Cure Healthcare,4.1,(232)
4917,ADARSH DEVELOPERS,4.3,(232)
4918,Precision Group,3.5,(232)
4919,Harita Techserv,3.4,(232)
4920,Paradise Food Court,3.8,(232)
4921,Harita Techserv,3.4,(232)
4922,Paradise Food Court,3.8,(232)
4923,Pearl Precision Products,3.8,(232)
4924,Premier Indoplast,4.0,(232)
4925,Airtel Africa,3.1,(232)
4926,Radio Mirchi,3.3,(232)
4927,Umedica Laboratories,3.6,(232)
4928,JPM Group,3.8,(232)
4929,Victora Industries,3.8,(232)
4930,PIT Solutions,3.7,(232)
4931,Advids,4.4,(232)
4932,Andhra Paper,3.5,(232)
4933,Excelra Knowledge Solutions,3.4,(232)
4934,Balaji Enterprises,4.4,(232)
4935,Svatantra Micro Housing Finance Corporation Limited,3.8,(232)
4936,Balasore Alloys,3.0,(232)
4937,TravelTriangle,3.5,(231)
4938,NMDC Steels,3.9,(231)
4939,Aachi Foods,4.1,(231)
4940,SUGAR Cosmetics,3.8,(231)
4941,TravelTriangle,3.5,(231)
4942,Focus Energy,3.5,(231)
4943,The Indian Express,3.9,(231)
4944,Bombay Rayon Fashions,3.2,(231)
4945,Pontika Aerotech,3.7,(231)
4946,SUGAR Cosmetics,3.8,(231)
4947,Aachi Foods,4.1,(231)
4948,IMSI,3.1,(231)
4949,Advantum Health,3.0,(231)
4950,Brij Gopal Construction Company,3.9,(231)
4951,Cyrix Health Care,4.3,(231)
4952,Essae Digitronics,4.1,(231)
4953,Sand Martin Consultants,3.0,(231)
4954,Albert David,3.5,(231)
4955,Schott Poonawalla,3.7,(231)
4956,Cube Highways,4.3,(232)
4957,Aziro,3.6,(231)
4958,Fresher Than Fresh,4.0,(230)
4959,MUNDRA SOLAR TECHNOPARK,3.7,(231)
4960,Scania,3.6,(230)
4961,BPL Medical Technologies,3.4,(230)
4962,Save the Children,4.4,(230)
4963,Trivitron Healthcare,3.3,(230)
4964,Excellon Software,4.3,(230)
4965,VHS Consulting,3.8,(230)
4966,Games24x7,3.9,(230)
4967,Groupe SEB,3.4,(230)
4968,Echs Polyclinic,4.2,(230)
4969,KNR Constructions,4.0,(230)
4970,Flash Viven Machining Technologies,3.6,(230)
4971,Neolite Zkw Lightings,3.8,(230)
4972,Z1 Tech,4.1,(230)
4973,PEARCE SERVICES,3.3,(230)
4974,Stratosphere IT Services,3.0,(230)
4975,HEG,3.8,(230)
4976,Little Millennium,3.9,(230)
4977,S&IB Services,3.9,(230)
4978,Garware Hi-Tech Films,3.9,(230)
4979,Lifelong India,3.9,(229)
4980,Broker Network,2.4,(229)
4981,SEO Discovery,4.9,(229)
4982,Raheja Developers,3.0,(229)
4983,Maral Overseas,3.6,(229)
4984,LinkedIn,4.1,(229)
4985,AbbVie Inc.,3.6,(229)
4986,Kumaran Systems,3.6,(229)
4987,Matrix ComSec,3.6,(229)
4988,Sonovision-Aetos,3.5,(229)
4989,BluSmart,3.8,(229)
4990,Link Group,3.7,(229)
4991,Touchstone Educationals,3.3,(229)
4992,Reecomps Teleservices,3.7,(229)
4993,Chaitanya Projects Consultancy,4.0,(229)
4994,Reliance Home Finance,4.2,(228)
4995,ExpertCallers,3.4,(228)
4996,Changepond Technologies,2.9,(228)
4997,Coffee Day,3.0,(228)
4998,Innoplexus,4.2,(228)
4999,Orange Mantra,3.6,(228)
5000,Jaypee Hotels,3.9,(228)
5001,Innoplexus,4.2,(228)
5002,Orange Mantra,3.6,(228)
5003,Om Innovation Call Services,3.6,(228)
5004,MaRS Planning & Engineering Services,3.8,(228)
5005,Zydus Hospira Oncology,4.2,(228)
5006,Mining Engineering Services,3.7,(228)
5007,Ga Digital Web Word,3.7,(228)
5008,Army Ordnance Corps,4.8,(228)
5009,Neogen Chemicals,4.0,(228)
5010,Gem Engserv,3.9,(228)
5011,Patton International,3.6,(228)
5012,Flex Technologies,3.9,(228)
5013,Sun Vacuum Formers,3.8,(228)
5014,John Crane Sealing Systems India,3.4,(228)
5015,Mvs Acmei Technologies,3.9,(228)
5016,Bajel Projects,4.2,(228)
5017,Megafine Pharma,3.8,(227)
5018,Mantri Developers,3.3,(227)
5019,Fragomen Immigration Services,3.4,(227)
5020,Ajmera Realty & Infra India,4.6,(227)
5021,The Mission Hospital,3.8,(227)
5022,Scyo Decision Services,4.5,(227)
5023,Steelman Telecom,3.8,(227)
5024,Ajmera Realty & Infra India,4.6,(227)
5025,Verifone,3.1,(227)
5026,Augtech Nextwealth,3.7,(227)
5027,Helmerich & Payne,3.8,(227)
5028,Nyx-medical Solutions,3.6,(227)
5029,Itvedant Education,3.8,(227)
5030,Charak Pharma,3.5,(227)
5031,Shri Mahavir Ferro Alloys,3.4,(227)
5032,Centaur Billing,3.8,(227)
5033,Google Pay,3.7,(227)
5034,Affluent Global Services,2.9,(227)
5035,SRR Projects,4.1,(227)
5036,FarEye,3.3,(227)
5037,Consilio,3.6,(227)
5038,Teerthanker Mahaveer University,3.4,(227)
5039,ZeMoSo Technologies,3.0,(227)
5040,Paychex IT Solutions India,3.4,(227)
5041,MKCL,3.6,(226)
5042,Zinnov Management Consulting,3.2,(226)
5043,Ishan Technologies,3.6,(226)
5044,Valueonshore Advisors,3.7,(226)
5045,Texas Instruments,3.7,(226)
5046,PrepLadder,2.6,(226)
5047,Ritu Kumar,3.9,(226)
5048,Olympus,3.7,(226)
5049,Reliance Money,4.3,(226)
5050,Government Medical College,4.1,(226)
5051,Ceragon Networks,3.8,(226)
5052,DelaPlex Software,4.2,(226)
5053,Ami Polymer,3.6,(226)
5054,Colourtex,3.8,(226)
5055,Verifacts Services,3.2,(226)
5056,Elevate Services,3.1,(226)
5057,Bsr Infratech India,3.8,(226)
5058,Teachers Insurance and Annuity Association of America,3.8,(226)
5059,Aia Engineering,4.1,(226)
5060,Ritz-Carlton,4.0,(226)
5061,SAVA Healthcare,3.8,(226)
5062,Successive Technologies,3.8,(226)
5063,Pattern Technologies,4.3,(226)
5064,Bo International,4.1,(226)
5065,Kriti Industries,3.5,(225)
5066,ICPA Health Products,3.2,(225)
5067,Fortis Memorial Research Institute,4.0,(225)
5068,Arihant Publications,3.7,(225)
5069,Kserve Bpo,4.4,(225)
5070,Flexituff Ventures International,3.4,(225)
5071,United India Insurance Company,4.3,(225)
5072,Biotique,3.2,(225)
5073,Ivy Hospital,3.6,(225)
5074,Centillion Solutions and Services,3.8,(225)
5075,Blue Cross Laboratories,3.7,(225)
5076,MT Educare,2.4,(225)
5077,Matix Fertilisers & Chemicals,3.7,(226)
5078,Valenta AI Private Limited,4.3,(225)
5079,Dunnhumby,3.7,(225)
5080,Algoworks,3.1,(225)
5081,Nahars Engineering India,3.2,(225)
5082,Forest Essentials,4.1,(225)
5083,Marquardt,3.7,(225)
5084,Dunnhumby,3.7,(225)
5085,Busy Infotech,4.1,(225)
5086,Marine Electricals,3.7,(225)
5087,Vensa Infrastructure,4.2,(225)
5088,VisionTek,3.6,(225)
5089,Mayur Uniquoters,3.9,(225)
5090,Wave Infratech,3.9,(225)
5091,Ncc Urban Infrastructure,4.2,(225)
5092,Knest Manufacturers,3.5,(225)
5093,La-Gajjar Machineries,4.1,(224)
5094,MINISO,3.7,(224)
5095,B4S Solutions,4.0,(224)
5096,IPCS GLOBAL SOLUTIONS PVT LTD,4.4,(224)
5097,TLC DigiTech Private Limited,3.2,(224)
5098,Gold's Gym,4.0,(224)
5099,Informatica Business Solutions,3.9,(224)
5100,ContinuServe Softech India,3.2,(224)
5101,Gold's Gym,4.0,(224)
5102,IPCS GLOBAL SOLUTIONS PVT LTD,4.4,(224)
5103,La-Gajjar Machineries,4.1,(224)
5104,ContinuServe Softech India,3.2,(224)
5105,INFOSEC VENTURES,3.2,(224)
5106,Beumer Group,3.9,(224)
5107,Mordor Intelligence,2.7,(224)
5108,Archwell Operations,3.4,(224)
5109,SrinSoft Technologies,3.8,(224)
5110,Kinetic Green Energy And Power Solutions,2.9,(224)
5111,King George's Medical University,4.2,(224)
5112,Steril Gene Life Sciences,3.8,(224)
5113,Anand CY Myutec Automotive,3.7,(224)
5114,Bank Muscat,4.1,(224)
5115,Merkle,3.4,(224)
5116,SGB By BrandSafway,3.9,(224)
5117,Nielsen Sports,3.8,(224)
5118,ARB Bearings,3.5,(224)
5119,Ts Tech Sun India,4.1,(224)
5120,Man Industries,3.4,(224)
5121,Moreish Food,3.5,(224)
5122,Essel Group,3.9,(223)
5123,Amrita Vishwa Vidyapeetham,3.6,(223)
5124,STMicroelectronics,4.0,(223)
5125,Coastal Marine Construction & Engineering,4.2,(223)
5126,Religare Finvest,4.2,(223)
5127,Furlenco,3.3,(223)
5128,Nuance Communications,4.1,(223)
5129,Taggd,3.3,(223)
5130,CompuGroup Medical,3.3,(223)
5131,State Street Global Advisors,3.6,(223)
5132,Chrysalis High,3.9,(223)
5133,Meditab Software,3.2,(223)
5134,Kanoria Chemicals & Industries,3.8,(223)
5135,Garden Silk Mills,3.7,(223)
5136,Savita Oil Technologies,4.1,(223)
5137,Techahead Software,3.8,(223)
5138,Bondada Engineering,3.6,(223)
5139,ATS Homekraft,4.1,(223)
5140,Navitas Life Sciences,3.6,(223)
5141,ATS Homekraft,4.1,(223)
5142,Atidiv,2.7,(223)
5143,OPG Mobility,3.0,(223)
5144,Relevantz Technology Services,3.6,(223)
5145,Petrofac Engineering India,4.6,(222)
5146,Vcare Call Center,3.6,(222)
5147,American InfoSource,3.7,(222)
5148,Bosch Power Tools,4.3,(222)
5149,Moople Academy,4.2,(222)
5150,Prakash Industries,3.8,(222)
5151,HTL,3.6,(222)
5152,Jyoti Structures,4.0,(222)
5153,InMobi,3.0,(222)
5154,Unthinkable Solutions,2.7,(222)
5155,TP Southern Odisha Distribution,3.5,(222)
5156,ABCD,4.1,(222)
5157,Ramky Group,4.3,(222)
5158,Blazeclan Technologies,3.7,(222)
5159,Integrated Personnel Services Limited,4.1,(222)
5160,Eazy ERP Technologies,3.8,(222)
5161,Optimus Drugs,4.0,(222)
5162,Pha India,4.0,(222)
5163,Sutlej Textiles and Industries,3.8,(222)
5164,KPR Mill,3.8,(222)
5165,Cotecna Inspection India,3.6,(222)
5166,Lizmontagens India,4.1,(222)
5167,Reserve Bank Information Technology,3.3,(222)
5168,SPRAY ENGINEERING DEVICES,4.2,(222)
5169,Hyva,3.8,(222)
5170,Oasis Fertility,3.9,(222)
5171,Eazy ERP Technologies,3.8,(222)
5172,Hippo Homes,3.3,(222)
5173,Rossari Biotech,3.7,(222)
5174,Hicare Services,3.9,(221)
5175,Preethi Kitchen Appliances,3.9,(221)
5176,AYM Syntex,3.4,(221)
5177,ZingHR,3.0,(221)
5178,Absolute Barbecues,4.0,(221)
5179,All India Radio,4.3,(221)
5180,Chiripal Poly Films,4.0,(221)
5181,All India Radio,4.3,(221)
5182,Chiripal Poly Films,4.0,(221)
5183,Enser Communications,2.6,(221)
5184,Nuberg Engineering,3.7,(221)
5185,Information Services Group,3.6,(221)
5186,BMW Industries,3.4,(221)
5187,Laxmi-Agni Components and Forging,4.1,(221)
5188,MyCaptain by Imarticus Learning,3.6,(221)
5189,Vishnu Chemicals,3.9,(221)
5190,ExcelSoft Technologies,3.5,(221)
5191,Prozo,3.4,(221)
5192,Rubamin,4.0,(221)
5193,UL Solutions,3.9,(221)
5194,Ganit Inc,3.8,(221)
5195,Mehin,4.0,(221)
5196,Connectwell Industries,3.6,(221)
5197,BeatO,3.3,(221)
5198,Uni Cards,3.8,(221)
5199,Indo Rama Synthetics (i),3.7,(220)
5200,LNV Technology,3.8,(220)
5201,Graviti Pharmaceuticals,3.0,(220)
5202,MEDICO Healthcare Services & Technologies,3.2,(220)
5203,Drools,3.5,(220)
5204,Droom,3.2,(220)
5205,Yaantra,3.5,(220)
5206,Ibis,4.4,(220)
5207,LNV Technology,3.8,(220)
5208,SITA,3.7,(220)
5209,Mitsui O.S.K. Lines,4.0,(220)
5210,Resonance Eduventures,3.7,(220)
5211,Toshiba Water Solutions,3.8,(220)
5212,OSI Digital,3.5,(220)
5213,VISTRA INTERNATIONAL EXPANSION,3.4,(220)
5214,Pran Beverages India,3.7,(220)
5215,Keertana Finserv,3.3,(220)
5216,Purnartha Investment Advisors,4.1,(220)
5217,Analytix Business Solutions,3.2,(219)
5218,AWC Software,3.7,(219)
5219,Hinduja Group,3.7,(219)
5220,Maxinfra,4.0,(219)
5221,Analytix Business Solutions,3.2,(219)
5222,TATA MEDICAL CENTER,3.8,(219)
5223,Hinduja Group,3.7,(219)
5224,Synthite Industries,4.0,(219)
5225,Maxinfra,4.0,(219)
5226,Walter Bushnell,3.1,(219)
5227,Modern Automotives,4.2,(219)
5228,Globus Stores,3.6,(219)
5229,Laxmi India Finleasecap,3.9,(219)
5230,Bikaji Foods,4.1,(219)
5231,Indo Nissin Foods,4.0,(219)
5232,Qdigi Services,3.4,(219)
5233,Futurism Technologies,3.8,(219)
5234,Hindustan PowerProjects,3.7,(219)
5235,Northern Arc Capital,3.7,(219)
5236,Providence Global Center,3.7,(219)
5237,Zinnia,3.1,(219)
5238,ASSA ABLOY,3.5,(219)
5239,Pothys,4.1,(218)
5240,Marsh,4.1,(218)
5241,RAKS Pharma,4.2,(218)
5242,Galaxy Weblinks,3.9,(218)
5243,Anri Solutions HR Services,4.0,(218)
5244,Xplore-Tech Services,3.2,(218)
5245,Mark's,4.0,(218)
5246,Pothys,4.1,(218)
5247,ONLEI Technologies,4.9,(218)
5248,Marsh,4.1,(218)
5249,Orchid Chemicals & Pharmaceuticals,4.1,(218)
5250,Milan Laboratories India Private Limited,3.7,(218)
5251,Tata Housing Development Company,4.3,(218)
5252,South Eastern Coalfields,4.2,(218)
5253,Cleartrip,3.3,(218)
5254,SkilloVilla,4.1,(218)
5255,First Citizens India,3.9,(218)
5256,Flair Writing Instruments,3.6,(218)
5257,City Montessori School,3.5,(218)
5258,Jm Frictech,3.3,(218)
5259,Rapid Care Transcription,4.4,(218)
5260,Satyesh Brinechem,3.1,(218)
5261,Cogent,3.2,(218)
5262,City Montessori School,3.5,(218)
5263,First Citizens India,3.9,(218)
5264,Root Industries,4.0,(218)
5265,Innovapptive,4.3,(218)
5266,Flair Writing Instruments,3.6,(218)
5267,Satyesh Brinechem,3.1,(218)
5268,Emami Frank Ross,3.8,(218)
5269,Abante Integrated Management Services,4.2,(218)
5270,Verticurl,3.0,(218)
5271,Tata Lockheed Martin Aerostructures,4.0,(218)
5272,Akbar Travels,3.4,(218)
5273,Tata CLiQ,2.9,(218)
5274,Cloud Analogy,3.9,(218)
5275,Travel Boutique Online,3.3,(218)
5276,Tps Infrastructure,4.0,(217)
5277,Oxyzo Financial Services,3.3,(217)
5278,TEOCO Software,3.9,(217)
5279,Counsel India,4.3,(217)
5280,GENWORKS Health,3.1,(217)
5281,Tps Infrastructure,4.0,(217)
5282,Born Group,3.6,(217)
5283,Oxyzo Financial Services,3.3,(217)
5284,Counsel India,4.3,(217)
5285,GENWORKS Health,3.1,(217)
5286,Pathfinder Business Analysis,3.5,(217)
5287,M Swasth Solutions,3.4,(217)
5288,Chitkara University,4.2,(217)
5289,Khanna Paper Mills,3.8,(217)
5290,Inchcape Shipping Services,3.3,(217)
5291,Texspin Bearings,4.0,(217)
5292,Ajax Engineering,3.9,(217)
5293,Torque Pharmaceuticals,3.9,(217)
5294,Microlink Solutions,3.6,(217)
5295,Antino,2.8,(217)
5296,ORISSA METALIKS,3.9,(217)
5297,Spacewood,3.4,(217)
5298,Soothe Healthcare,3.1,(217)
5299,Bharat Institutions,3.5,(217)
5300,Vivifi India Finance,3.4,(217)
5301,SAMCO Securities,3.9,(217)
5302,Prithvi Innerwears Private Limited,4.8,(216)
5303,Shangri-la Hotels & Resorts,4.2,(216)
5304,Software AG,4.3,(216)
5305,Special Technical Services,4.0,(216)
5306,Vidya Mandir Classes,3.3,(216)
5307,Faiveley Transport,4.0,(216)
5308,Paramatrix Technologies,3.8,(216)
5309,Bodal Chemicals,3.4,(216)
5310,Putzmeister Concrete Machines,3.5,(216)
5311,KFA Consultant,1.3,(216)
5312,Navigators Software,4.2,(216)
5313,Modicare,3.9,(216)
5314,The Co-operative Bank,3.8,(216)
5315,TPI Composites,4.3,(216)
5316,Biostadt,4.2,(216)
5317,Red FM 93.5,3.7,(216)
5318,Dr Mohan's Diabetes Specialities Centre,3.5,(216)
5319,Kalyani Forge,3.5,(216)
5320,Eternis Fine Chemicals,3.2,(216)
5321,UGC Supply Chain Solutions,2.9,(216)
5322,Tricon Infra Buildtech pvt.Ltd,3.1,(216)
5323,Indo National Limited (Nippo),4.2,(216)
5324,Magicrete Building Solutions,3.9,(216)
5325,Jindal Worldwide,3.4,(216)
5326,U R Rao Satellite Centre,4.4,(216)
5327,Keolis Hyderabad Metro,4.0,(216)
5328,Biryani By Kilo,4.3,(216)
5329,Chhatrapati Shivaji International Airport,3.5,(215)
5330,Ananth Technologies,3.9,(215)
5331,FAIRWAY ENTERPRISES,3.9,(215)
5332,Toppan Merrill,3.8,(215)
5333,Shivam Infocom,4.4,(215)
5334,Netaxis IT Solutions,3.9,(215)
5335,Tci Freight,4.1,(215)
5336,RateGain,3.7,(215)
5337,Kerakoll,4.2,(215)
5338,Aneja Associates,3.3,(215)
5339,Upstox,3.5,(215)
5340,Artech,3.1,(215)
5341,Fibe,3.7,(215)
5342,AGROCEL INDUSTRIES,4.3,(215)
5343,Emirates Airlines,3.9,(215)
5344,REI Systems,4.0,(215)
5345,TP Northern Odisha Distribution,3.6,(215)
5346,Videojet Technologies,3.8,(215)
5347,MidasCare Pharmaceuticals,3.5,(215)
5348,Infiiloom,3.1,(215)
5349,Turito,3.2,(215)
5350,Girnar Care,3.5,(214)
5351,Ensure Support Services,4.4,(214)
5352,Flyhomes,4.3,(214)
5353,Square Bpo Services,3.2,(214)
5354,N.K. Realtors,4.2,(214)
5355,Mold-Tek Technologies,3.2,(214)
5356,COWI,4.1,(214)
5357,NGK Spark Plugs,4.1,(214)
5358,Moody's,3.8,(214)
5359,Ashok Iron Works,3.3,(214)
5360,Rotostat Services,3.9,(214)
5361,C DOT,3.7,(214)
5362,Quest Global Technologies,3.6,(214)
5363,Bajaj Markets,3.0,(214)
5364,Third wave Coffee Roasters,3.5,(214)
5365,EagleBurgmann,4.2,(214)
5366,HEPL - A Cavinkare Group Company,3.4,(214)
5367,SBL,3.6,(214)
5368,Jesons Industries,3.4,(214)
5369,Cordlife Sciences India,3.4,(214)
5370,Beri Udyog,3.8,(214)
5371,Elofic Industries,4.0,(213)
5372,Hyundai Motor India Engineering,3.9,(213)
5373,Koye Pharmaceuticals,3.1,(213)
5374,John Deere Financial,4.2,(213)
5375,Cummins Generator Technologies,4.1,(213)
5376,Data Patterns,3.3,(213)
5377,Weatherford,3.5,(213)
5378,BetterPlace Safety Solutions,3.4,(213)
5379,NMIMS,3.7,(213)
5380,Kopran,3.7,(213)
5381,Kazo Fashion,3.4,(213)
5382,Venus Home Appliances,4.2,(213)
5383,Pilot Industries,3.8,(213)
5384,Fulcrum Digital,3.4,(213)
5385,Tbea Energy,3.9,(213)
5386,Simform,3.6,(213)
5387,The House of Abhinandan Lodha,3.4,(213)
5388,Fernandez Hospital,4.4,(213)
5389,Rohan Motors,3.7,(213)
5390,Elsamex Maintenance Services,4.1,(213)
5391,Zamil Air Conditioners,3.9,(212)
5392,Gensol Engineering,3.7,(212)
5393,CallHealth,3.5,(212)
5394,Aarav Global Products & Services Private Limited,2.9,(212)
5395,MMTC-PAMP,3.7,(212)
5396,Pradan,3.8,(212)
5397,Utkal Alumina International,4.3,(212)
5398,Ziff Davis Performance Marketing,3.6,(212)
5399,Anlage Infotech,3.3,(212)
5400,Innovalance Learning Systems,3.2,(212)
5401,CallHealth,3.5,(212)
5402,Ziff Davis Performance Marketing,3.6,(212)
5403,Anlage Infotech,3.3,(212)
5404,Appsierra,4.4,(212)
5405,Bilt Graphic Paper Products,3.8,(212)
5406,Mol Information Processing Services India,3.4,(212)
5407,Futaba Industrial Gujarat,4.4,(212)
5408,Deep Industries,3.5,(212)
5409,IDMC,3.6,(212)
5410,NATIONAL SKILL DEVELOPMENT CORPORATION,3.4,(212)
5411,PES Engineers,4.2,(212)
5412,Elin Electronics,3.8,(212)
5413,KC Overseas Education,3.6,(212)
5414,Govt. Medical College,4.1,(212)
5415,Krishnapatnam Port,3.8,(212)
5416,Continental Hospitals,3.9,(212)
5417,FedServ,3.6,(212)
5418,iLink Digital,2.9,(212)
5419,Bioseed,4.1,(212)
5420,Roulunds Braking,3.6,(212)
5421,Sterling Talent Solutions,3.7,(211)
5422,Country Club India,3.2,(211)
5423,ARaymond,4.0,(211)
5424,Zivame.com,3.6,(211)
5425,Revolt Motors,3.4,(211)
5426,Country Inns & Suites,4.1,(211)
5427,Mitsubishi Heavy Industries,4.2,(211)
5428,Six Sigma Soft Solutions,3.5,(211)
5429,Malayala Manorama,3.6,(211)
5430,Vinculum Solutions,2.2,(211)
5431,Rajesh Motors,3.8,(211)
5432,Alpha Design Technologies,3.6,(211)
5433,Fleet Management,4.0,(211)
5434,SkillVertex,3.3,(211)
5435,ACME Group,4.6,(211)
5436,Bhima Gold,3.8,(211)
5437,Network Intelligence India,3.1,(211)
5438,ARKA Fincap,4.2,(211)
5439,Network Techlab,3.7,(211)
5440,SCON Projects,4.5,(211)
5441,Motion Education,3.3,(211)
5442,Colorbar Cosmetics,4.1,(211)
5443,Josh Talks,4.2,(211)
5444,Croma Campus,3.2,(211)
5445,Exponentia.ai,3.8,(211)
5446,Brnd.Me,3.8,(211)
5447,AARGEE STAFFING SERVICES,3.7,(210)
5448,Centrient Pharmaceuticals,3.7,(210)
5449,Lingaya's Vidyapeeth,4.5,(210)
5450,Vinsum Axpress,3.6,(210)
5451,Jagran Prakashan,3.5,(210)
5452,IntelliSmart Infrastructure,3.6,(210)
5453,Praxis home Retail,4.1,(210)
5454,Ichhapurti.com,2.4,(210)
5455,EMCO,3.7,(210)
5456,ACT Plast Paints,3.8,(210)
5457,YouTube,4.5,(210)
5458,Kh Exports,3.9,(210)
5459,Corrival Corporate Services,4.2,(210)
5460,Ayesa,4.0,(210)
5461,Gulbrandsen,4.1,(210)
5462,International Certification Services,3.1,(210)
5463,Haldiram's Prabhuji,2.9,(210)
5464,Shanthi Gears,3.3,(210)
5465,PagarBook,3.6,(210)
5466,CodSoft,3.8,(210)
5467,ICA Pidilite,4.1,(210)
5468,MSC Technology India,4.0,(210)
5469,Commerce Pundit,4.3,(210)
5470,Liebherr Appliances India,3.6,(210)
5471,University Living Accommodation,3.9,(210)
5472,Wanbury,3.3,(210)
5473,Crimson Interactive,2.5,(210)
5474,Aditi Consulting,3.4,(210)
5475,ITCube Solutions,3.0,(210)
5476,Truemeds,3.5,(210)
5477,NuSummit,3.3,(210)
5478,TransPerfect,3.0,(210)
5479,Entertainment Network India,3.4,(210)
5480,SAS,4.2,(210)
5481,Bhutani Group,4.2,(210)
5482,Blackbuck Insights,3.6,(210)
5483,BajajSons,3.6,(209)
5484,Carzonrent,3.3,(209)
5485,Rishabh Instruments Limited,3.9,(209)
5486,Brainium Information Technologies,3.7,(209)
5487,Sri Ramachandra Institute of Higher Education and Research,3.9,(209)
5488,Besant Technologies,3.7,(209)
5489,SmartStream Technologies,3.3,(209)
5490,Apex Hospital,4.1,(209)
5491,Manohar Filaments,3.8,(209)
5492,Ways2excel,4.5,(209)
5493,Pradhan Mantri Kaushal Vikas Yojana,4.1,(209)
5494,Igarashi Motors,3.8,(209)
5495,Axio,3.8,(209)
5496,CONTUS TECH,4.1,(209)
5497,Motorola Solutions,3.9,(209)
5498,IFB Automotive,3.8,(209)
5499,Heads Up For Tails,3.5,(209)
5500,Embassy Services,3.9,(209)
5501,Marque Impex,3.9,(209)
5502,Altum Credo Home Finance,3.8,(209)
5503,Supreme Treon,3.9,(209)
5504,Army Medical Corps,4.8,(209)
5505,Zen Technologies,4.0,(209)
5506,Gujarat Narmada Valley Fertilizers & Chemicals,4.3,(209)
5507,Precision Camshafts,3.1,(209)
5508,Pacific Development Corporation Limited (Pacific Group),3.6,(209)
5509,Crossword Bookstores,3.5,(209)
5510,Su-Kam Power Systems,3.4,(209)
5511,Yashi Consulting Services,3.4,(208)
5512,InSync Analytics,2.4,(208)
5513,Hidesign,3.0,(208)
5514,Petronas Lubricants,3.2,(208)
5515,Teleone,3.6,(208)
5516,Vedika Credit Capital,3.4,(209)
5517,Development Consultants,3.3,(208)
5518,Wardwizard Innovations & Mobility,3.3,(208)
5519,TRIGO Group,2.6,(208)
5520,Sapphire Software Solutions (India),4.4,(208)
5521,Programming.Com,3.4,(208)
5522,Petronas Lubricants,3.2,(208)
5523,Sagitec Solutions,3.3,(208)
5524,Lokesh Machines,3.8,(208)
5525,Emiza Supply Chain Services Private Limited,3.5,(208)
5526,Air India Express,3.2,(208)
5527,Masu Brakes,3.4,(208)
5528,BTL EPC LTD,3.6,(208)
5529,Prime Focus,3.9,(208)
5530,OptimHire,3.6,(208)
5531,Teleone,3.6,(208)
5532,Comcast India Engineering Center,3.7,(208)
5533,Srg Housing Finance,4.0,(208)
5534,SmartWorld Developers,4.1,(208)
5535,CBSI,3.3,(208)
5536,ICE Data Services,3.2,(208)
5537,Smart Energy Water,2.9,(208)
5538,ASP OL Media,4.0,(208)
5539,MeritNation,3.2,(207)
5540,Embio,4.0,(207)
5541,Geo Chem Laboratories,3.7,(207)
5542,dsm-firmenich,4.0,(207)
5543,KP GROUP,4.2,(207)
5544,Sri Gopikrishna Infrastructure,3.9,(207)
5545,Autoline Industries,3.5,(207)
5546,Jay Ushin,4.0,(207)
5547,Radhakrishna Foodland,3.6,(207)
5548,Oasis Infobyte,4.0,(207)
5549,KisanKraft Machine Tools,3.3,(207)
5550,Horiba India,3.5,(207)
5551,Eurofins Scientific,3.2,(207)
5552,Siemens PLM Software,4.0,(207)
5553,Svasti Microfinance,4.0,(207)
5554,Globus Spirits,3.9,(207)
5555,Shriram Fortune Solutions,3.6,(207)
5556,Bombay Dyeing,3.8,(207)
5557,Sakarni Plaster,4.5,(207)
5558,Izmo,2.9,(207)
5559,Janatics India,4.0,(207)
5560,SpeedLabs,3.5,(207)
5561,Orthosquare Dental Clinic,4.4,(207)
5562,Amphenol Fci,3.7,(207)
5563,Janatics India,4.0,(207)
5564,Shirdi Sai Electricals,3.6,(207)
5565,Skandhanshi Infra Projects,4.3,(207)
5566,TezTecch,4.8,(207)
5567,MAKEEN Energy,3.8,(207)
5568,ZKTeco Biometrics,3.0,(207)
5569,Andhra Pradesh State Skill Development Corporation,3.7,(206)
5570,St Regis,4.1,(206)
5571,Anglo-Eastern Ship Management,4.1,(206)
5572,Quest Diagnostics,4.5,(206)
5573,AISATS,3.4,(206)
5574,eligarf Technologies,3.9,(206)
5575,Orange Retail Finance,3.9,(206)
5576,Simplify Healthcare,2.5,(206)
5577,India Post Payments Bank,4.2,(206)
5578,Vishay Components,4.1,(206)
5579,Philip Morris International,4.2,(206)
5580,Rajapushpa Properties,3.9,(206)
5581,Orange Retail Finance,3.9,(206)
5582,Lrs Services,3.9,(206)
5583,Valethi Technologies,3.0,(206)
5584,Bharat Broadband Network,3.9,(206)
5585,ACUTAAS CHEMICALS LIMITED,3.7,(206)
5586,Webasto Roofsystems India,4.0,(206)
5587,ECOS (I) MOBILITY & HOSPITALITY,4.2,(206)
5588,Vnr Seeds,3.8,(206)
5589,India Post Payments Bank,4.2,(206)
5590,Enmas O & M Services,4.1,(206)
5591,Transaction Solutions International (India) Pvt Ltd,3.8,(206)
5592,Hgs Services,3.8,(205)
5593,Tata Asset Management Private Limited,3.8,(205)
5594,Ludhiana Beverages,3.9,(205)
5595,UTI Asset Management Company,3.8,(205)
5596,Wings Biotech,3.0,(205)
5597,Sigma Freudenberg NOK,4.1,(205)
5598,Primary Health Centre,4.2,(205)
5599,Marengo Asia Hospitals,4.0,(205)
5600,ZunRoof Tech,3.7,(205)
5601,ZunRoof Tech,3.7,(205)
5602,Ludhiana Beverages,3.9,(205)
5603,UTI Asset Management Company,3.8,(205)
5604,Hi Tech Informatics,3.5,(205)
5605,Manitou Equipment India,4.1,(205)
5606,Vegrow,3.8,(205)
5607,One Point Solutions,3.3,(205)
5608,Tata Power Renewable Energy,4.0,(205)
5609,REPUBLIC MEDIA NETWORK,3.4,(205)
5610,Sakura Autoparts,3.7,(205)
5611,Sahajanand Laser Technology,3.2,(205)
5612,Grass Roots Research & Creation,4.7,(205)
5613,IIMT Group of Colleges,4.1,(205)
5614,Tresor Systems,3.7,(205)
5615,Evonith Steel,3.9,(205)
5616,Emirates Flight Catering,4.4,(205)
5617,Skypro Technologies,3.3,(204)
5618,Mazars,3.0,(204)
5619,Beckman Coulter,3.3,(204)
5620,S.S. Kothari Mehta & Co,3.5,(204)
5621,Ashv Finance,4.0,(205)
5622,Kama Ayurveda,4.0,(204)
5623,Infojini,2.8,(204)
5624,Kirloskar Technologies,4.0,(204)
5625,Mashreq Bank,3.1,(204)
5626,KayBee Bio Organics,3.7,(204)
5627,Hyundai Engineering,3.9,(204)
5628,UFO Moviez,3.0,(204)
5629,Alghanim International,4.2,(204)
5630,Rama University,3.4,(204)
5631,TechStar Group,4.1,(204)
5632,DTC Projects,3.8,(204)
5633,IDBI Capital,3.7,(204)
5634,Solugenix India Private Limited,3.1,(204)
5635,Logicon Facility Management,3.2,(204)
5636,PP Rolling Mills,3.7,(204)
5637,MYND Intergrated Solutions,3.3,(204)
5638,Sendan International Co,2.2,(204)
5639,Mantra Softech,3.7,(204)
5640,MKU,3.2,(204)
5641,MKU,3.2,(204)
5642,Schreiber Dynamix Dairies,3.9,(204)
5643,JSW Severfield Structures,3.7,(204)
5644,HIVELOOP LOGISTICS,4.2,(203)
5645,Shopclues,3.3,(203)
5646,MiM-Essay,4.4,(203)
5647,Aress Software and Education Technologies,2.5,(204)
5648,VIS Networks,3.8,(203)
5649,Dhampur Sugar Mills,3.9,(203)
5650,Tech Mahindra Foundation,4.0,(203)
5651,Gates,3.4,(203)
5652,Destek Infosolutions,3.9,(203)
5653,Ramoji Film City,4.2,(203)
5654,Prasol Chemicals,3.5,(203)
5655,WinWire,3.3,(203)
5656,Vikas Money,4.7,(203)
5657,Al Ahleia Switchgear,3.5,(203)
5658,Ganesh Grains,3.1,(203)
5659,BPO+,4.4,(203)
5660,Sula Vineyards,4.0,(203)
5661,Odisha Power Generation Corporation,3.8,(203)
5662,Tech Mahindra Foundation,4.0,(203)
5663,Taikisha Engineering India,3.9,(203)
5664,TNT Express,4.0,(202)
5665,CRB Tech Solution,3.7,(202)
5666,S.c Johnson Products,4.0,(203)
5667,Barbrik Project Limited (PRA Group),3.6,(202)
5668,World Health Organization,4.1,(202)
5669,Colruyt Group,3.7,(202)
5670,Tm Automotive Seating Systems,,
5671,SSEM,3.3,(202)
5672,TomTom,3.7,(202)
5673,Fisdom,3.2,(202)
5674,NullClass,3.4,(202)
5675,Integrated Resources,3.9,(202)
5676,HOLITECH INDIA,4.1,(202)
5677,Brainware University,2.8,(202)
5678,DE Shaw,3.6,(202)
5679,Nippon Data Systems,3.4,(203)
5680,Mukand Sumi Special Steel,3.8,(202)
5681,Mukand Sumi Special Steel,3.8,(202)
5682,Tokai Imperial Rubber India,3.9,(202)
5683,ePack Durables Solutions,3.5,(202)
5684,India Pesticides,4.0,(202)
5685,Jabsons Foods,4.0,(202)
5686,Flender,3.7,(202)
5687,Hospet Steels,3.7,(202)
5688,alliantgroup,2.2,(202)
5689,Getix Health,3.8,(202)
5690,Manika Plastech Private Limited,3.9,(202)
5691,DGS Technical Services,3.2,(201)
5692,Gulf Asia Contracting,3.3,(201)
5693,B2x Service Solutions,3.9,(201)
5694,Prem Henna,3.3,(201)
5695,Dollar Industries,3.6,(201)
5696,Jubilant Motorworks,4.0,(201)
5697,Peps Industries,4.1,(201)
5698,Jasmin Infotech,4.0,(201)
5699,IILM,4.0,(201)
5700,Mfine,3.5,(201)
5701,Luthra Group Company,4.1,(201)
5702,KDK Software,2.8,(201)
5703,House Of Diagnostics,4.1,(201)
5704,AccSource KPO,3.0,(201)
5705,Tripjack,3.9,(201)
5706,Exel Rubber,4.0,(201)
5707,Samsung Semiconductor,3.2,(201)
5708,In2IT Technologies,3.1,(201)
5709,Thejo Engineering,4.0,(201)
5710,HomeBazaar.com,3.6,(201)
5711,UST BlueConch Technologies,3.6,(201)
5712,Symphoni HR,4.0,(201)
5713,Puthur Infotech,3.6,(201)
5714,SACHA Engineering,3.4,(201)
5715,China State Construction Engineering Corporation,3.9,(200)
5716,Vijay Tanks & Vessels,4.0,(200)
5717,Avis,3.5,(200)
5718,Exeltis,4.0,(201)
5719,Avaali Solutions,4.4,(200)
5720,ReGen Powertech,3.7,(200)
5721,DigiCall Teleservices,4.0,(200)
5722,Dalmia-OCL,3.9,(200)
5723,Adhaan Solutions,3.8,(200)
5724,Wingreens Farms,4.0,(200)
5725,Roots Multiclean,3.8,(200)
5726,Nutanix,3.4,(200)
5727,Indobevs,3.9,(200)
5728,Paytm Money,3.0,(200)
5729,Daffodil Software,3.2,(200)
5730,Black & Veatch,4.2,(200)
5731,Springbord Systems,4.1,(200)
5732,Expeditors International,3.7,(200)
5733,Beyond Key,4.2,(200)
5734,Biorad Medisys,3.7,(200)
5735,Talentica Software,4.0,(200)
5736,Orbit Techsol,3.5,(200)
5737,DNEG CREATIVE SERVICES,2.9,(200)
5738,Acma Computers,3.3,(200)
5739,Ascendum KPS,3.6,(200)
5740,SEW Eurodrive india,4.2,(200)
5741,Three D Integrated Solutions Ltd,3.1,(200)
5742,Prologic Web Solutions,3.9,(200)
5743,Vensure Employer Services,3.7,(200)
5744,Biophore India Pharmaceuticals,3.4,(200)
5745,Doubletree By Hilton,3.9,(200)
5746,Edunet Foundation,4.1,(200)
5747,GEETANJALI HOMESTATE,3.7,(199)
5748,RJ Corp,4.2,(199)
5749,Alp Nishikawa,3.9,(199)
5750,Ruby General Hospital,3.3,(199)
5751,Ushodaya Enterprises,4.0,(199)
5752,The Cosmos Co-operative Bank,3.5,(199)
5753,Ohmium,3.2,(199)
5754,Gulf Spic General Trading & Contracting Company,3.6,(199)
5755,Ester Industries,3.9,(199)
5756,Praxair,4.1,(199)
5757,Canvera,3.7,(199)
5758,AB Mauri India,3.8,(199)
5759,Gokul Agro Resources,3.8,(199)
5760,Extentia Information Technology,3.4,(199)
5761,CIMS Hospital,4.2,(199)
5762,Competition Team Technology,3.6,(199)
5763,Clarion Technologies,3.9,(199)
5764,JNET Technologies,3.6,(199)
5765,Kalyan Toll Infrastructure,4.2,(199)
5766,The Souled Store,3.2,(199)
5767,Medecins Sans Frontieres,4.3,(199)
5768,Target Publications,4.0,(199)
5769,Margadarsi Chit Fund,3.7,(199)
5770,Godrej Appliances,3.8,(199)
5771,Timex Group India,4.0,(199)
5772,Windsor Machines,4.0,(199)
5773,MBL Infrastructure Limited,3.9,(199)
5774,Arvind Techno Engineers,3.9,(199)
5775,Jagran New Media,3.2,(199)
5776,IRIS KPO Resourcing,3.9,(199)
5777,Eshopbox Ecommerce,2.8,(199)
5778,Gennova Biopharmaceuticals,4.2,(199)
5779,Rexel,3.4,(199)
5780,S.R.Batliboi & Co.,3.1,(199)
5781,S.R.Batliboi & Co.,3.1,(199)
5782,Raksha TPA,4.1,(198)
5783,Lakshmi Life Sciences,3.9,(198)
5784,Krishi Rasayan Exports,3.8,(198)
5785,Innovel Energy Services,3.7,(198)
5786,Cholayil Private Limited,4.1,(198)
5787,TechMojo Solutions,4.1,(198)
5788,Apps Associates,3.7,(198)
5789,Maharaja Agrasen Hospital,3.8,(198)
5790,Pin Click,2.7,(198)
5791,GKC Projects,4.5,(198)
5792,Caretel Infotech,3.5,(198)
5793,Saudi Electricity Company,4.1,(198)
5794,Apache Footwear,3.5,(198)
5795,Axalta Coating Systems,4.1,(198)
5796,Rudrabhishek Enterprises,3.2,(198)
5797,Volksoft Technologies,4.2,(198)
5798,Astec LifeSciences,3.8,(198)
5799,OnMobile Global,3.6,(198)
5800,Sanmar Group,3.6,(198)
5801,Energy Efficiency Services,3.7,(198)
5802,Bygging India,3.9,(198)
5803,OEN India,4.2,(198)
5804,Roha Housing Finance,3.5,(198)
5805,MasterSoft ERP Solutions,3.3,(198)
5806,Oswal Castings,3.8,(198)
5807,Pin Click,2.7,(198)
5808,Marathon Electric India,3.5,(198)
5809,Fare Labs,2.5,(198)
5810,Sleepwell,4.1,(198)
5811,Loconav,3.1,(198)
5812,Stats Perform,3.3,(198)
5813,Bhansali Engineering Polymers,3.3,(198)
5814,Dayal Fertilizers,3.7,(197)
5815,Osam Dairy,3.9,(197)
5816,AmpleLogic,4.0,(197)
5817,AXIS Solutions,3.4,(198)
5818,Blowhorn,3.2,(197)
5819,Maahi Milk Producer Company,4.2,(197)
5820,Hy Gro Chemicals Pharmtek,3.8,(197)
5821,Hy Gro Chemicals Pharmtek,3.8,(197)
5822,AmpleLogic,4.0,(197)
5823,Osam Dairy,3.9,(197)
5824,NSL Textiles,3.9,(197)
5825,Repro India,3.3,(197)
5826,SCIO Management Solutions,4.4,(197)
5827,Hero Future Energies,4.2,(197)
5828,Kifs Housing Finance,3.7,(197)
5829,DAIMLER TRUCKS ASIA,3.8,(197)
5830,Masters' Union School of Business,3.2,(197)
5831,SILA Group (India),3.6,(197)
5832,Kent,3.4,(197)
5833,Mangalam Landmarks,4.8,(197)
5834,Liyaans Properties,4.8,(196)
5835,BGD Tech PVT LTD,4.4,(196)
5836,IIHT,3.6,(196)
5837,Dishnet Wireless,4.3,(196)
5838,LawSikho,4.0,(196)
5839,Nipro India Corporation,3.3,(196)
5840,Moneyboxx Finance,3.6,(196)
5841,Hoonartek,3.5,(196)
5842,Apis India Limited,3.5,(196)
5843,Ducat,3.5,(196)
5844,CDM Smith,3.6,(196)
5845,Cosmos Impex,4.2,(196)
5846,Ministry of Home Affairs,4.2,(196)
5847,Bureau of Indian Standards,4.0,(196)
5848,Anu Industries,3.3,(196)
5849,Karam Safety,4.3,(196)
5850,Lumiq,3.4,(196)
5851,CETPA InfoTech,3.4,(196)
5852,VDart,4.0,(196)
5853,Bullmen Realty,3.1,(196)
5854,Clean Science And Technology,3.5,(196)
5855,Gainwell Technologies,4.2,(196)
5856,E Pack Polymers,3.8,(196)
5857,Redington Group,3.8,(196)
5858,Japfa Comfeed India Private Limited,3.8,(196)
5859,TekisHub Consulting Services,3.8,(196)
5860,Burger Singh,3.6,(196)
5861,Frontizo Business Services,3.6,(196)
5862,Go Speedy Go,4.5,(195)
5863,Zydus Pharma,3.6,(195)
5864,Tata Main Hospital,3.8,(195)
5865,Kohler Power,4.0,(195)
5866,BookMyShow,3.7,(195)
5867,Maharishi Markandeshwar University,3.7,(195)
5868,Eagle Infra,4.0,(198)
5869,HeyCoach,3.9,(195)
5870,Indel Money,4.0,(195)
5871,IG Petrochemicals,3.4,(195)
5872,Hotel Parle International,3.8,(195)
5873,DST Worldwide Services,4.2,(195)
5874,Godrej Tyson Food,3.9,(195)
5875,Vandana Global,2.8,(195)
5876,J Mitra And Co,3.8,(195)
5877,Shipco It,3.5,(195)
5878,Delhi World Public School,3.6,(195)
5879,Tropilite Foods,3.5,(195)
5880,CivilMantra Infracon Private Limited,3.7,(195)
5881,Salasar Techno Engineering,4.0,(195)
5882,Equentis Wealth Advisory Services,3.4,(195)
5883,insightsoftware,3.7,(195)
5884,MSV International,3.9,(195)
5885,Orange Health Labs,4.0,(195)
5886,Woodrock Infotech Private Limited,3.0,(195)
5887,Service Master Clean,3.8,(194)
5888,Sigma Supply Chain Solutions,3.3,(194)
5889,Cerium Systems,2.8,(194)
5890,Food Corporation of India,4.1,(194)
5891,Shemaroo Entertainment,3.2,(194)
5892,DB Engineering & Consulting,4.2,(194)
5893,RLabs Enterprise Services,3.0,(194)
5894,Reliance Consumer Products,3.6,(194)
5895,Zen3 Info Solutions,3.9,(194)
5896,SOS Children's Village,3.4,(194)
5897,PS Group,3.7,(194)
5898,Sun Direct TV,3.7,(194)
5899,Accord Synergy,3.2,(194)
5900,DSM Infocom,2.5,(194)
5901,RLabs Enterprise Services,3.0,(194)
5902,Creative Group,4.2,(194)
5903,Mitsubishi Power India,4.4,(194)
5904,Modern Business Solutions,3.7,(194)
5905,Marolix Technology Solutions,2.9,(194)
5906,Muthoot Mercantile,3.3,(194)
5907,Cex Webuy Entertainment,3.3,(194)
5908,Zentiva,4.2,(194)
5909,Vertafore,3.8,(194)
5910,DS-MAX Properties,3.7,(194)
5911,Royal Cyber,3.3,(194)
5912,Rimini Street,4.1,(194)
5913,Reliance Consumer Products,3.6,(194)
5914,Kundan Group,3.2,(194)
5915,Triveni Almirah,3.9,(194)
5916,ILJIN AUTOMOTIVE,3.7,(194)
5917,Epson,4.2,(194)
5918,Txd (india) Technology,3.9,(194)
5919,Danblock Brakes,3.9,(194)
5920,Aeon Credit Service,3.5,(193)
5921,Aeon Credit Service,3.5,(193)
5922,Epitome Components,3.3,(193)
5923,Ginni Filaments,3.7,(193)
5924,Lubrizol Corporation,4.0,(193)
5925,Jayanita Exports,3.4,(193)
5926,Cadsys,3.5,(193)
5927,DevTown,3.7,(193)
5928,Eglo India,3.2,(193)
5929,Vardhman Special Steels,4.0,(193)
5930,Dew Solutions,3.4,(193)
5931,Monocept,3.3,(193)
5932,Fermenta Biotech,4.3,(193)
5933,Tecumseh Products,3.3,(193)
5934,Shakti Hormann,3.6,(193)
5935,Hi-Tech,3.7,(193)
5936,Tirupati Medicare,4.4,(193)
5937,Meritto,3.4,(193)
5938,NRP Projects,4.0,(193)
5939,Green Park Hotels,4.2,(193)
5940,Object Technology Solutions,3.7,(193)
5941,Mervice Infotech,3.6,(193)
5942,Tata Passenger Electric Mobility,4.2,(193)
5943,Paranjape Schemes (Construction) Limited,3.2,(193)
5944,Vision IAS,2.2,(193)
5945,Privi Speciality Chemicals,3.8,(193)
5946,Abellon Clean Energy,3.0,(193)
5947,Anion Healthcare Services,3.9,(193)
5948,Tonglit Autogistic,3.6,(192)
5949,Knoldus Inc,3.8,(192)
5950,Code Brew Labs,3.2,(192)
5951,Empower Pragati,3.5,(192)
5952,Sheth Creators,3.2,(192)
5953,Godavari Krishna Co-operative Society,4.7,(192)
5954,The Chennai Silks,3.5,(192)
5955,Elsevier,3.7,(192)
5956,Emirates NBD,3.0,(192)
5957,Affine,3.3,(192)
5958,Merkle Sokrati,3.7,(192)
5959,An Pharmaceuticals,4.4,(192)
5960,Param Renewable Energy,3.8,(192)
5961,Al-Futtaim Group,3.8,(192)
5962,Mobile Premier League,3.8,(192)
5963,HPM Chemicals & Fertilizers,4.1,(192)
5964,Capricorn Logistics,3.5,(192)
5965,Fabtech Projects & Engineers,3.8,(192)
5966,Iron Systems,3.2,(192)
5967,Inteva Products,3.6,(192)
5968,Saatvik Green Energy,4.0,(192)
5969,Givaudan,4.0,(192)
5970,LS Automotive India,3.5,(192)
5971,Vivimed Labs,3.2,(192)
5972,Edunext Technologies,3.2,(192)
5973,Pegasus InfoCorp,2.5,(192)
5974,Polestar Consulting,4.4,(192)
5975,Amelia,3.4,(192)
5976,Toyo INK,4.0,(192)
5977,Laxmi Remote India,3.4,(192)
5978,Ciklum,3.5,(192)
5979,Crescon Projects & Services,3.5,(192)
5980,InfoService,4.1,(191)
5981,Monnet Group,4.5,(191)
5982,NIMS University,3.0,(191)
5983,Pratibha Industries,4.4,(191)
5984,Stedman Pharmaceuticals,4.2,(191)
5985,Gateway Group of Companies,2.6,(191)
5986,Tata Institute of Social Sciences,4.3,(191)
5987,DesiCrew Solutions,3.1,(191)
5988,Amtex Systems,3.2,(191)
5989,Value Rcm Solutions,4.1,(191)
5990,Hubergroup,3.9,(191)
5991,Apollo Telehealth Services,3.9,(191)
5992,Dmi Housing Finance,4.1,(191)
5993,Ecolab Digital Center,3.4,(191)
5994,Timezone Entertainment,3.4,(191)
5995,Kayjay Forging,3.6,(191)
5996,Blue Rose Technologies,4.0,(191)
5997,Sims Hospital,3.9,(191)
5998,Reventics,3.9,(191)
5999,DesignCafe,3.3,(191)
6000,OASYS Tech Solutions,3.6,(191)
6001,Primus Techsystems,3.5,(191)
6002,SFC Solutions India,3.4,(191)
6003,Zenoti,2.8,(191)
6004,Sequretek It Solutions,3.5,(191)
6005,NexTurn,3.9,(191)
6006,Adcock Ingram,3.9,(191)
6007,Jehangir Hospital,3.9,(191)
6008,Open Financial Technologies Private Limited,3.2,(191)
6009,Soch Apparels,4.5,(191)
6010,Sel Manufacturing Co.,3.9,(190)
6011,Kriya NextWealth,3.6,(190)
6012,Overseas Health Care,3.3,(190)
6013,Nuance Transcription Services,4.1,(190)
6014,CPC Diagnostics,3.8,(190)
6015,INFRES METHODEX,3.5,(190)
6016,Biesse Manufacturing,3.6,(190)
6017,Neosym Industry,3.9,(190)
6018,ICT Service Management Solutions,3.4,(190)
6019,Blue Tokai Coffee Roasters,3.8,(190)
6020,Kyb Motorcycle Suspension,3.8,(190)
6021,ICT Service Management Solutions,3.4,(190)
6022,Kyb Motorcycle Suspension,3.8,(190)
6023,Overseas Health Care,3.3,(190)
6024,CIGNEX,3.8,(190)
6025,INOXCVA,3.3,(190)
6026,Panchshil Realty,4.3,(190)
6027,Ubique Systems,3.8,(190)
6028,Dr. Willmar Schwabe India,4.0,(190)
6029,Kumar Organic Products,3.4,(190)
6030,Illusion Dental Laboratory,3.4,(190)
6031,SVN SYSTECH INDIA,3.3,(190)
6032,Toto India Industries,3.8,(190)
6033,Cyient DLM,3.8,(190)
6034,Invenio Business Solutions,3.5,(190)
6035,Oben Electric Vehicle,4.2,(190)
6036,EbixCash Financial Technologies,2.7,(190)
6037,Minda Stoneridge Instruments,3.2,(190)
6038,i-Source Infosystems,3.6,(190)
6039,Google Maps,4.8,(190)
6040,ARC Document Solutions,2.7,(189)
6041,ARC Document Solutions,2.7,(189)
6042,Ambuja Cement Foundation,3.8,(189)
6043,Nabard Consultancy Services,3.5,(189)
6044,GoMechanic,3.3,(189)
6045,Carwale,3.3,(189)
6046,Radiant Appliances,4.2,(189)
6047,Vestian Global Workplace Services,3.3,(189)
6048,INDIA TODAY GROUP,3.6,(189)
6049,Ilensys Technologies,4.0,(189)
6050,Eicher Trucks and Buses,4.6,(189)
6051,HLE Glascoat,3.2,(189)
6052,SPJ group,4.0,(189)
6053,Symed Labs,3.7,(189)
6054,AMS Comtel BPMS,3.3,(189)
6055,Thriveni Sainik Mining,4.3,(189)
6056,CloudMoyo,4.1,(189)
6057,Euronet Worldwide,3.5,(189)
6058,Eros Group,4.0,(190)
6059,Flowmore,3.6,(189)
6060,Afflatus Gravures,3.8,(189)
6061,Afflatus Gravures,3.8,(189)
6062,Gameskraft,4.2,(189)
6063,Symed Labs,3.7,(189)
6064,Thriveni Sainik Mining,4.3,(189)
6065,AMS Comtel BPMS,3.3,(189)
6066,SPJ group,4.0,(189)
6067,Kanerika Software,4.2,(189)
6068,Mentorsity,4.4,(188)
6069,Aditya Anagha Multi State Credit Co-Operative Society,4.8,(188)
6070,Four Seasons Hotel,3.9,(188)
6071,Massive Restaurants,3.9,(188)
6072,Cogniter Technologies,3.5,(188)
6073,Azure Hospitality,4.0,(188)
6074,TVS Automobiles Solutions,3.5,(188)
6075,Karuna Greentech,4.5,(188)
6076,Government of Bihar,3.5,(190)
6077,Excel Industries,4.0,(188)
6078,Monomark Engineering,4.1,(188)
6079,NMTronics India Private Limited,3.2,(188)
6080,Hogarth Worldwide,3.5,(188)
6081,R-Logic Technology Services,4.1,(188)
6082,Fortune Marketing,3.6,(188)
6083,CTR Manufacturing Industries,3.5,(188)
6084,Solverminds Solutions and Technologies,3.2,(188)
6085,SAT n paper,4.3,(188)
6086,Lohum Cleantech,3.5,(188)
6087,Phenix Construction Technologies,3.9,(188)
6088,RattanIndia Power,3.5,(188)
6089,VBeyond Corporation,3.8,(188)
6090,Cinda Engineering & Construction,4.1,(188)
6091,Oliva Skin and Hair Clinics,3.8,(188)
6092,Auto Ignition,3.7,(188)
6093,VAYA Finserv,4.0,(187)
6094,O2 Power,4.5,(188)
6095,Abu Dhabi National Hotels,4.0,(187)
6096,DSM SOFT,2.9,(187)
6097,M&G India,3.5,(187)
6098,Corient Business Solutions,3.0,(187)
6099,Mangal Industries,3.8,(187)
6100,CapitalVia,4.0,(187)
6101,Apollo Spectra Hospitals,4.4,(187)
6102,Gangavaram Port,3.4,(187)
6103,Kiran Foreign Trade,3.0,(188)
6104,Nandi Toyota,3.9,(187)
6105,Jarvis Technology and Strategy Consulting,3.2,(187)
6106,Mitsuba,3.7,(187)
6107,Vilcart,3.6,(187)
6108,SEG Automotive,4.1,(187)
6109,C.G. Marketing,3.9,(187)
6110,Jeena & Company,3.6,(187)
6111,Krystal Integrated Services Limited,4.0,(187)
6112,Gunnebo,3.8,(187)
6113,APAC Financial Services,4.1,(187)
6114,Holy Family Hospital,3.5,(187)
6115,Virinchi Technologies,3.2,(187)
6116,Virbac Animal Health,3.9,(187)
6117,Psychotropics India,3.9,(187)
6118,Swipewire Technologies,3.8,(187)
6119,Raptim Research,4.5,(187)
6120,S V S Projects India,3.2,(187)
6121,Relyon Softech,4.0,(187)
6122,Aptia,2.7,(187)
6123,D'Decor Home Fabrics,4.0,(187)
6124,SmartSchool Education,4.6,(187)
6125,Prgx India,3.3,(187)
6126,Bajaj Steel Industries,3.4,(187)
6127,Burman Hospitality,3.8,(187)
6128,PPMS Field Marketing,3.8,(187)
6129,Celon Laboratories,3.3,(187)
6130,Accutest Research Laboratories,3.2,(186)
6131,JK Agri Genetics,3.5,(186)
6132,Enterslice,3.8,(186)
6133,Ican BPO,4.4,(186)
6134,"L&T Construction, Mining and Industrial Machinery",4.0,(187)
6135,Arabtec Construction,4.2,(186)
6136,M*Modal,3.6,(186)
6137,The Hindu Group,3.9,(186)
6138,Vmoksha Technologies,4.5,(186)
6139,IFB Agro Industries,4.0,(186)
6140,ASK-EHS Engineering & Consultants,3.5,(186)
6141,"L&T Construction, Mining and Industrial Machinery",4.0,(187)
6142,M*Modal,3.6,(186)
6143,Accutest Research Laboratories,3.2,(186)
6144,The Hindu Group,3.9,(186)
6145,IFB Agro Industries,4.0,(186)
6146,ASK-EHS Engineering & Consultants,3.5,(186)
6147,Experian,3.8,(186)
6148,Inspiredge IT Solutions,4.0,(186)
6149,Source One Management Services,3.4,(186)
6150,Anand Rathi Wealth Limited,3.1,(186)
6151,S kant Healthcare Ltd,4.6,(186)
6152,Teleminds Infotech,2.8,(186)
6153,Epimoney,3.3,(186)
6154,Digital Web Solutions,3.7,(186)
6155,Reliance Smart Point,4.2,(186)
6156,Essencea Infoserv,2.6,(186)
6157,Starworth Infrastructure Construction,3.6,(186)
6158,Aptonline,3.3,(186)
6159,GVK Group,3.7,(186)
6160,Birdeye,3.1,(186)
6161,APOLLO POWER SYSTEMS,3.8,(186)
6162,Birdeye,3.1,(186)
6163,Paisalo Digital,3.5,(186)
6164,SYNCHRONIZED SUPPLY SYSTEMS,4.0,(185)
6165,TALENTEDGE,3.2,(185)
6166,International Travel House,3.8,(186)
6167,Towell Engineering Group,3.6,(185)
6168,Sadhu Forging,3.6,(185)
6169,HEUBACH Colour,3.9,(185)
6170,Savills,3.7,(185)
6171,KPI Partners,3.6,(185)
6172,Bentley Systems,4.1,(185)
6173,Target Engineering Construction Company,4.0,(185)
6174,The Pride Hotel,3.2,(185)
6175,Appiness Interactive,4.3,(185)
6176,Bambino Agro Industries,3.8,(185)
6177,Appsquadz Software,4.0,(185)
6178,Ess Kay Group,3.6,(185)
6179,Private Practice,4.4,(185)
6180,Carryfast group,3.5,(185)
6181,Ess Kay Group,3.6,(185)
6182,MaxVal Group,3.1,(185)
6183,Hindustan Media Ventures,3.6,(185)
6184,Admiral Solutions,3.1,(185)
6185,Micromatic Grinding Technologies,4.0,(185)
6186,Eurofins Advinus,3.5,(185)
6187,Appsquadz Software,4.0,(185)
6188,Private Practice,4.4,(185)
6189,Sagar Hospital,4.3,(185)
6190,Carryfast group,3.5,(185)
6191,Capline Services,4.0,(185)
6192,Kimbal Private Limited,3.4,(185)
6193,Denso Ten Minda India,4.0,(185)
6194,Magnit Global,3.4,(185)
6195,Hyundai Heavy Industries,3.4,(184)
6196,Labtron Equipment,3.5,(185)
6197,Heavy Engineering Corporation,3.6,(184)
6198,Drishti IAS,4.1,(184)
6199,Arvind Smartspaces Limited,3.6,(184)
6200,Fangs Technology,3.9,(184)
6201,Labtron Equipment,3.5,(185)
6202,Heavy Engineering Corporation,3.6,(184)
6203,Maksat Technologies,3.4,(184)
6204,Cloudstrats Technologies,3.0,(184)
6205,Ghatge Patil Industries,3.8,(184)
6206,Drishti IAS,4.1,(184)
6207,Arvind Smartspaces Limited,3.6,(184)
6208,Bharat Benz,4.3,(184)
6209,Fangs Technology,3.9,(184)
6210,Goibibo,2.5,(184)
6211,Architect Hafeez Contractor,3.1,(184)
6212,Simplify3x Software,3.9,(184)
6213,National Aerospace Laboratories,4.3,(184)
6214,TPF Engineering,3.6,(184)
6215,U.S. Polo Assn,4.4,(184)
6216,Birla Cellulose,3.6,(184)
6217,Rajhans Group of Industries,4.1,(184)
6218,Solex Energy,4.7,(184)
6219,Translumina Therapeutics,3.3,(184)
6220,Lennox India Technology Centre,3.6,(184)
6221,RT Network Solutions,3.5,(184)
6222,Kamdhenu,3.6,(184)
6223,Jayem Automotives,3.3,(184)
6224,Zeon Lifesciences,3.9,(184)
6225,Indian Council of Medical Research,4.3,(184)
6226,Donear Industries,3.2,(184)
6227,NCR Atleos,3.8,(184)
6228,Vastu Finserve,4.1,(184)
6229,Allset Business Solutions,3.7,(184)
6230,Reliance Corporate IT Park,4.0,(183)
6231,Fiat Chrysler Automobiles,3.7,(183)
6232,TalentServe,2.0,(184)
6233,Ring Plus Aqua,4.1,(183)
6234,Ravi Foods,3.8,(183)
6235,Childline India Foundation,4.3,(183)
6236,KerryIndev Logistics,3.8,(183)
6237,Market Xcel Data Matrix,2.7,(183)
6238,Maschio Gaspardo,3.8,(183)
6239,Toyota Boshoku Automotive,4.1,(183)
6240,Country Holidays Travel Chennai,3.9,(183)
6241,Polyplastics,3.7,(183)
6242,Unify Technologies,2.7,(183)
6243,Aurus,2.6,(183)
6244,Gangar Eyenation,3.8,(183)
6245,Gnrc Hospital,3.6,(183)
6246,Lakme Salon,3.7,(183)
6247,Intense Technologies,3.6,(183)
6248,Colan Infotech,4.0,(183)
6249,Oxford University Press,3.1,(183)
6250,GD Goenka University,3.5,(183)
6251,Volante Technologies,3.3,(183)
6252,Manikaran Power Limited,3.4,(183)
6253,SeQuent Scientific,3.7,(183)
6254,FreshersNow,4.0,(183)
6255,Accurate Engineering Company,3.2,(183)
6256,Corrtech International,3.1,(183)
6257,Crif Solutions,3.1,(183)
6258,Bajaj Financial Securities,4.2,(183)
6259,Arwade Infrastructure,4.0,(183)
6260,General Diagnostics International Private Limited,3.1,(183)
6261,SeQuent Scientific,3.7,(183)
6262,Corrtech International,3.1,(183)
6263,Crif Solutions,3.1,(183)
6264,Bajaj Financial Securities,4.2,(183)
6265,Simple Energy,4.0,(183)
6266,Lithium Urban Technologies,3.5,(183)
6267,Wepsol,3.4,(182)
6268,SmartQ - Bottle Lab Technologies,4.1,(182)
6269,Axa Parenterals,3.8,(182)
6270,Global Hospital Pune India,3.9,(182)
6271,Graygraph Technologies Private Limited,4.2,(182)
6272,All India Council Technical Education,4.4,(182)
6273,Maccaferri,3.9,(182)
6274,L&T Infrastructure Development Projects,4.0,(182)
6275,Fichtner Consulting Engineers,3.8,(182)
6276,IPL Biologicals,4.0,(182)
6277,Stantec,3.8,(182)
6278,A2Z Infraservices,3.9,(182)
6279,Indus Motors,4.1,(182)
6280,Freyr Energy Services,3.7,(182)
6281,Dr Shroff Charity Eye Hospital,3.8,(182)
6282,Sharda Hospital,3.8,(182)
6283,Ananda Dairy,3.9,(182)
6284,Hyderabad Metro Rail,4.1,(182)
6285,Cadworks India,4.9,(182)
6286,Jai Kisan,3.2,(182)
6287,Trellix,3.5,(182)
6288,Monginis Foods,3.4,(182)
6289,Gpt Infraprojects,3.9,(182)
6290,Techugo,3.6,(182)
6291,Nippon Konpo,4.1,(182)
6292,Anytime Fitness,3.5,(182)
6293,Miraj Group,3.9,(182)
6294,Impresario Entertainment & Hospitality,4.2,(182)
6295,Incrementors Web Solutions,3.9,(182)
6296,Jaslok Hospital and Research Centre,4.0,(182)
6297,Jar,4.4,(182)
6298,Asianet Satellite Communications,4.5,(182)
6299,RPP Infra Projects,3.9,(182)
6300,NeST Digital,3.5,(182)
6301,Goel Ganga Group,3.3,(182)
6302,Sistema Shyam Teleservices,4.9,(181)
6303,Li & Fung,3.9,(181)
6304,Valiant Organics,3.6,(181)
6305,S.M. Consultants,3.4,(181)
6306,Prione Business Services,4.4,(181)
6307,Laminaar Aviation Infotech,2.6,(182)
6308,Ayoki Fabricon,3.8,(181)
6309,Sunera Technologies,3.5,(181)
6310,Central Institute of Plastics Engineering & Technology,3.8,(181)
6311,Tech Vedhu,4.5,(181)
6312,Kutch Copper,3.7,(181)
6313,Swelect Energy Systems,4.0,(181)
6314,Shankar Packagings,2.5,(181)
6315,Indian School of Business,3.3,(181)
6316,River Engineering,3.6,(181)
6317,Vehere Technologies,4.5,(181)
6318,Harbinger Systems,3.3,(181)
6319,iQuanti,4.0,(181)
6320,NHPC,4.2,(181)
6321,Shankar Packagings,2.5,(181)
6322,OneAdvanced,2.8,(181)
6323,Natural Remedies,3.8,(181)
6324,United Nations Development Programme,4.1,(181)
6325,Som Projects (S.P.L),3.7,(181)
6326,Veeline Industries,4.3,(181)
6327,PC Financial Services,4.1,(181)
6328,Careers360,3.0,(181)
6329,Bhavna Corp.,3.4,(181)
6330,Oswal Group,3.8,(181)
6331,Wanfeng Aluminum Wheel,3.6,(181)
6332,Deccan Cements,4.1,(181)
6333,Aster Cmi Hospital,3.9,(181)
6334,Glatt Systems,3.7,(181)
6335,ObjectWin Technology,3.6,(181)
6336,GUVI,3.5,(181)
6337,Amentum,3.8,(181)
6338,Inox Green Energy Services,3.9,(181)
6339,Geno Pharmaceuticals,3.0,(181)
6340,Integrated Enterprises,3.8,(181)
6341,DESIGNCO,3.9,(181)
6342,Digamber Finance,4.1,(181)
6343,Simpa Energy,4.6,(181)
6344,Sulphur Mills,3.5,(181)
6345,Divgi Torqtransfer Systems,3.1,(181)
6346,ANEWA Engineering,3.7,(181)
6347,Globe Capital Market,3.4,(181)
6348,Healthplix Technologies,3.0,(181)
6349,MSL Driveline Systems,4.3,(181)
6350,Hitek Syndicate,3.6,(180)
6351,Sri Ranganathar Industries,3.3,(180)
6352,Lawrence & Mayo,3.8,(180)
6353,Cubastion Consulting,2.9,(180)
6354,Kapil Chit Funds,3.9,(180)
6355,NSL Sugars,4.1,(180)
6356,Metayb,3.8,(180)
6357,GDX Group,4.0,(180)
6358,Kenvue,3.5,(180)
6359,Citylife Retail,3.9,(180)
6360,Dayal Group,4.0,(180)
6361,AMBITION JOB,4.2,(180)
6362,Bonanza Portfolio,3.3,(180)
6363,Cubastion Consulting,2.9,(180)
6364,Kapil Chit Funds,3.9,(180)
6365,NSL Sugars,4.1,(180)
6366,GDX Group,4.0,(180)
6367,Ramee Group of Hotels,3.5,(180)
6368,Supple Tek Industries,3.4,(180)
6369,Lalitpur Power Generation,4.2,(180)
6370,W3Global,3.3,(180)
6371,Kolors Healthcare,3.7,(180)
6372,Jagatjit Industries,3.5,(180)
6373,Novopor Advanced Science,4.1,(180)
6374,Kenvue,3.5,(180)
6375,Lal Baba Seamless Tubes,3.0,(180)
6376,Cashfree Payments,3.0,(180)
6377,BVC Logistics,3.4,(180)
6378,Shubham K Mart,4.1,(180)
6379,Matrix Cellular Services,4.2,(179)
6380,Traya Health,3.5,(179)
6381,Diksha Technologies,3.0,(179)
6382,Archean Chemical Industries,3.8,(179)
6383,Traya Health,3.5,(179)
6384,Ruparel Realty,3.8,(179)
6385,Nangia & Co. LLP,3.4,(179)
6386,KNNX Corp,2.5,(179)
6387,Matrix Cellular Services,4.2,(179)
6388,Maya Academy of Advanced Cinematics,3.0,(179)
6389,P C CHANDRA JEWELLERS,3.8,(179)
6390,Leena Powertech Engineers,3.5,(179)
6391,CRED,3.6,(179)
6392,Arvind Technocrats & Engineers LLP,3.7,(179)
6393,Caparo Group,4.1,(179)
6394,Sun Technologies,3.2,(179)
6395,Akasa Air,3.3,(179)
6396,Mepro Pharmaceuticals,3.7,(179)
6397,Regal Rexnord Corporation,3.5,(179)
6398,Bengal Energy,3.8,(179)
6399,Cytecare Cancer Hospital,4.6,(179)
6400,Dr ITM,3.2,(179)
6401,General Industrial Controls,3.6,(179)
6402,Gopalan Enterprises,4.0,(179)
6403,Aster MIMS,4.4,(179)
6404,Radix Electrosystems,3.4,(179)
6405,Kuantum Papers,4.2,(179)
6406,Biotech Vision Care,3.6,(179)
6407,Infibeam Avenues,3.2,(179)
6408,Express Roadways,3.5,(179)
6409,Don Bosco Tech Society,4.0,(179)
6410,Rabwin Industries,3.9,(179)
6411,Sitics Logistic Solutions,3.0,(179)
6412,Katyayani Organics,3.9,(179)
6413,John Cockerill,3.2,(179)
6414,Swal Corporation,4.1,(178)
6415,Confiance BizSol Private Limited,3.1,(178)
6416,Ashish Life Science,3.7,(178)
6417,Best Value Chem,3.8,(178)
6418,NetCom Learning,3.2,(178)
6419,VASANTHA TOOL CRAFTS,3.9,(179)
6420,nurture.farm,3.2,(178)
6421,Swal Corporation,4.1,(178)
6422,MEP Infrastructure Developers,3.7,(178)
6423,Best Value Chem,3.8,(178)
6424,Confiance BizSol Private Limited,3.1,(178)
6425,Wyzmindz Solutions,3.3,(178)
6426,Toyota Kirloskar Auto Parts,4.1,(178)
6427,Pentagon System and Services,3.8,(178)
6428,VASANTHA TOOL CRAFTS,3.9,(179)
6429,All Time Plastics,4.0,(178)
6430,Jubilant Industries,3.8,(178)
6431,Alexander Mann Solutions,3.1,(178)
6432,Ginger Webs,2.5,(178)
6433,Daebu Automotive Seat,3.2,(178)
6434,Sandfits Foundries,4.0,(178)
6435,Saraca Solutions,4.0,(178)
6436,Ashley Global Capability Center,3.8,(178)
6437,DavaIndia,3.6,(178)
6438,FutureSoft India,3.5,(178)
6439,Dar Al Handasah Consultants Shair And Partners,3.0,(178)
6440,Poonawalla Finance,3.7,(178)
6441,Bewakoof,3.7,(178)
6442,Tynor Orthotics,3.3,(178)
6443,Ranjit Buildcon,4.3,(178)
6444,Liquiloans,2.9,(178)
6445,KRG Technologies,4.3,(178)
6446,Infinity Data Technologies,3.4,(178)
6447,Delivery.com,3.9,(178)
6448,Srijan Realty,3.6,(178)
6449,Mandovi Motors,3.8,(177)
6450,Singer India,4.0,(177)
6451,D.B ENGINEERING,4.3,(177)
6452,Della Group,4.0,(177)
6453,Brandix India Apparel City,3.9,(177)
6454,Presidency University,2.7,(177)
6455,CR Asia,3.9,(177)
6456,Cipla Industries,4.0,(177)
6457,Altius Customer Services,3.4,(178)
6458,Da Milano Leathers,2.7,(177)
6459,Indian Council of Agricultural Research,3.8,(177)
6460,Doordarshan,3.9,(177)
6461,Mega Rubber Technologies,3.6,(177)
6462,Informatica,3.8,(177)
6463,SKYMAP PHARMACEUTICALS,3.9,(177)
6464,Tata Realty and Infrastructure,3.9,(177)
6465,Atlassian,3.0,(177)
6466,Solenis,3.6,(177)
6467,HP Computing and Printing Systems,3.8,(177)
6468,St. Joseph's School,4.2,(177)
6469,Motwane Manufacturing Company,3.5,(177)
6470,Rain Carbon,4.2,(177)
6471,Scorpion Express,3.6,(177)
6472,Thinksynq Solutions,3.8,(177)
6473,3F Industries,3.5,(177)
6474,AlgoShack,4.2,(177)
6475,B.L. Agro Industries,3.7,(177)
6476,QuyTech,4.0,(177)
6477,Anthea Pharma,4.1,(177)
6478,Bobst India,3.9,(177)
6479,Kaff Appliances (india),3.0,(177)
6480,Electronics Mart India,3.5,(177)
6481,EKA Mobility,3.4,(177)
6482,O2f info Solutions,3.4,(177)
6483,J Pan Tubular Components,3.4,(177)
6484,Sahyadri Farms,3.5,(177)
6485,Alliant Talent,2.2,(177)
6486,Yamaha Music India,3.7,(177)
6487,Sree Metaliks,3.8,(177)
6488,Recykal,4.0,(177)
6489,Apptunix,4.1,(176)
6490,Inmakes Infotech,3.6,(176)
6491,Newtech Medical Devices,3.8,(176)
6492,Peerless Hospital,4.1,(176)
6493,GreenCell Mobility,3.5,(176)
6494,SNS College of Technology,4.8,(176)
6495,Applus Velosi,3.7,(176)
6496,Ultra Engineers,4.0,(176)
6497,Escorts Construction Equipment,4.2,(176)
6498,L&T Buildings & Factories,3.8,(176)
6499,Vitech Systems Asia,3.5,(176)
6500,Pan Gulf Technologies,4.0,(176)
6501,SPIE Oil & Gas Services,4.2,(176)
6502,Kenstar,3.6,(176)
6503,Unilog Content Solutions ( P),3.4,(176)
6504,DMI,3.9,(176)
6505,Carrefour,3.3,(176)
6506,Global Payments,4.1,(176)
6507,Dentsu Communications,3.2,(176)
6508,Modelama Exports,3.9,(176)
6509,First Abu Dhabi Bank,3.2,(176)
6510,Wibmo,3.2,(176)
6511,Ferring Pharmaceuticals,3.9,(176)
6512,Ingenero Technologies,4.1,(176)
6513,ABP Network,4.0,(176)
6514,Chromewell Engineering,3.7,(176)
6515,Yashashvi Rasayan,4.1,(176)
6516,Goel Construction,3.8,(176)
6517,ValueFirst Digital Media,3.4,(176)
6518,Pratibha Syntex,3.8,(176)
6519,Ascendum Solutions,3.1,(176)
6520,Maven Silicon,3.9,(176)
6521,Sinch,3.6,(176)
6522,Exotel,2.8,(176)
6523,Hiranandani group,4.0,(175)
6524,Finecure Pharmaceuticals,3.7,(175)
6525,Ascolite - Aswani Industries Pvt. Ltd.,3.8,(175)
6526,MGNREGA,3.6,(175)
6527,Collage,4.2,(175)
6528,Bharat Coking Coal,4.2,(175)
6529,Ind swift ltd. Gbu,3.6,(175)
6530,Talwalkars Better Value Fitness,4.1,(175)
6531,Qicpic,2.3,(175)
6532,EASTMAN EXPORTS GLOBAL CLOTHING PVT.LTD,3.6,(175)
6533,Meditrina Hospital,4.0,(175)
6534,Damodar Valley Corporation,3.8,(175)
6535,Trawex Technologies,4.5,(175)
6536,Vee Gee Industrial Enterprises,3.9,(175)
6537,Cyntexa,3.8,(175)
6538,"CAMP Systems International, Inc.",3.9,(175)
6539,Bry-Air (Asia),3.6,(175)
6540,Yotta Infrastructure Solutions,3.6,(175)
6541,Hiranandani group,4.0,(175)
6542,Indian Register of Shipping,3.9,(175)
6543,Yotta Infrastructure Solutions,3.6,(175)
6544,ThinkPalm Technologies,3.9,(175)
6545,Lamprell,4.0,(175)
6546,Greaves Electric Mobility,3.3,(175)
6547,Olive Bar & Kitchen,4.1,(175)
6548,Dmi Finance,3.5,(175)
6549,Konstelec Engineers,3.5,(175)
6550,IQ City Medical College,3.4,(175)
6551,Servosys Solutions,2.8,(175)
6552,NNE,3.4,(175)
6553,Macmet Engineering,3.9,(175)
6554,Kumar Properties,4.2,(175)
6555,ATYETI,3.7,(175)
6556,Sowparnika,4.0,(175)
6557,Accurate Global Alliances,4.7,(174)
6558,CFlo,4.5,(174)
6559,Gowtham Model School,3.7,(174)
6560,SEForge,3.3,(174)
6561,Technocraft Industries,3.8,(174)
6562,Rotex,3.8,(174)
6563,Holostik,4.0,(174)
6564,Best Corporation,3.8,(174)
6565,Acer India,3.8,(174)
6566,Amnet Systems,3.7,(174)
6567,Keihin India Manufacturing,4.4,(174)
6568,IREO,4.5,(174)
6569,Sterling Software Private Limited,3.4,(174)
6570,Continental Tyres,3.5,(174)
6571,LiquidHub,3.6,(174)
6572,Gujarat Guardian Ltd.,3.6,(174)
6573,Nahar Industrial Enterprises,3.8,(174)
6574,Qatar Petroleum,4.3,(174)
6575,Impressions Services,3.8,(174)
6576,Lepton Software Export & Research,3.4,(174)
6577,SMCC Construction India,4.2,(174)
6578,Mythri Infrastructure and Mining,3.3,(174)
6579,Mafatlal Industries,3.7,(174)
6580,Goldi Solar,4.0,(175)
6581,myTVS Parts & Accessories,3.8,(174)
6582,Ideaforge Technology,3.5,(174)
6583,Wintax Solution,4.7,(174)
6584,Crio.Do,2.9,(174)
6585,Mahindra Accelo,3.4,(174)
6586,Neelachal Ispat Nigam,4.2,(174)
6587,Mold Tek Packaging,3.9,(174)
6588,Mayoor School,4.2,(174)
6589,CI Infotech,3.6,(174)
6590,Metro Tyres,3.5,(174)
6591,Miles Education - CPA & CMA Review (Hyderabad),,
6592,Compuage Infocom,4.2,(173)
6593,Ajanta Shoes,3.5,(173)
6594,Connect Broadband,4.1,(173)
6595,Garden Reach Shipbuilders & Engineers,4.1,(173)
6596,Automation Anywhere,3.7,(173)
6597,Ganges Internationale,2.7,(173)
6598,Shree Maruti Courier Service,4.0,(173)
6599,Educational Initiatives,2.9,(173)
6600,Expedien eSolutions,3.1,(173)
6601,Opporture,4.8,(173)
6602,Gsa Industries,4.0,(173)
6603,Pathcare Labs,3.6,(173)
6604,Govind Milk & Milk Products,4.3,(173)
6605,Vertex,3.6,(173)
6606,Agrawal Metal Works,3.9,(173)
6607,Coverfox,3.8,(173)
6608,Sportz Interactive,3.4,(173)
6609,FunnL,3.4,(173)
6610,Atidan Technologies,4.2,(173)
6611,Happy Forging,3.8,(173)
6612,Ghv India,4.3,(173)
6613,Pravin Masalewale,4.0,(173)
6614,Paracoat Products,3.6,(173)
6615,RC Plasto Tanks And Pipes,3.7,(173)
6616,Indovision Services,3.7,(173)
6617,Trinity Mobility,2.4,(173)
6618,Vignesh Polymers,3.4,(173)
6619,Integrace Health,3.7,(173)
6620,BG Distributors,3.6,(173)
6621,UMSL,3.5,(173)
6622,SHARON BIO MEDICINE,4.0,(173)
6623,MRCC Solutions,2.9,(173)
6624,Allied Nippon,3.7,(173)
6625,VISION,3.8,(173)
6626,Varsity Education Management,3.7,(173)
6627,Ben Franklin,3.6,(173)
6628,Curateq Biologics,3.2,(173)
6629,SPX Flow Technology,4.3,(173)
6630,DIN Engineering Services,3.7,(172)
6631,Jivo Wellness,3.1,(172)
6632,Ardex Endura,3.9,(172)
6633,Layam Flexi Solutions,3.6,(172)
6634,ART Housing Finance (India),3.8,(172)
6635,Umang Dairies,3.9,(172)
6636,AIG,3.8,(172)
6637,J G Hosiery,3.4,(172)
6638,MUFG Intime India,3.3,(172)
6639,Universal Cables,3.9,(172)
6640,Amgen,2.8,(172)
6641,DCW,3.7,(172)
6642,Graphite India,3.4,(172)
6643,Zeiss Pharma,3.3,(172)
6644,Deepak Foundation,3.9,(172)
6645,Abu Dhabi Oil Refining Company,4.4,(172)
6646,Ray Engineering,4.0,(172)
6647,Warner Bros. Discovery,3.7,(172)
6648,Willowood Chemicals,3.7,(172)
6649,Conde Nast India,2.8,(172)
6650,Bajaj Electronics,3.7,(172)
6651,Lanson Toyota,4.2,(172)
6652,Super Auto India,3.7,(172)
6653,Nisa Industrial Services,3.8,(172)
6654,Unimrkt Research,3.2,(172)
6655,UTILITY PROJECTS AND SERVICES,3.8,(172)
6656,Visible Alpha Solutions,3.6,(172)
6657,Nipha Exports,3.6,(172)
6658,Randstad Digital,3.2,(172)
6659,M2P Fintech,3.0,(172)
6660,Way.com,4.0,(172)
6661,Gulf Oil Corporation,4.4,(171)
6662,CPA Global,3.8,(171)
6663,Leena AI,3.7,(171)
6664,Lulu Hypermarket,3.7,(171)
6665,Arcon TechSolutions,3.3,(171)
6666,vSplash Techlabs,2.0,(171)
6667,GXO,3.7,(171)
6668,Imerys,3.7,(171)
6669,Techno India Group,3.4,(171)
6670,Filo,3.4,(171)
6671,AIG Business Solution,3.3,(171)
6672,L&T Transportation Infrastructure,4.1,(171)
6673,Nirvasa Healthcare,3.2,(171)
6674,Indo European Educational Services,4.3,(171)
6675,Narayana Junior College,3.7,(171)
6676,Nahar Group of Companies,3.4,(171)
6677,Jindal Industries Private Limited,3.4,(171)
6678,Texport Industries,3.5,(171)
6679,L&T Geostructure,4.0,(171)
6680,Edwise International,3.8,(171)
6681,Kepler Healthcare,3.4,(171)
6682,Yashoda Super Speciality Hospitals,3.9,(171)
6683,Zebra Technologies,3.6,(171)
6684,D A V School,4.0,(171)
6685,Decon Telecom Solutions,3.1,(171)
6686,Xrbia Developers,2.9,(171)
6687,Nina Percept,4.0,(171)
6688,JioHotstar,3.5,(171)
6689,Intellect Bizware Services,4.0,(171)
6690,Unique Engineers,3.6,(171)
6691,Ajmal Perfumes,4.0,(171)
6692,Thinksys Software,3.7,(171)
6693,Brose India Automotive Systems,3.7,(171)
6694,Trinity Touch,4.3,(171)
6695,Lince Soft Solutions,4.6,(171)
6696,Nanavati Max Super Speciality Hospital,3.6,(171)
6697,Sms Integrated Facility Services,4.2,(171)
6698,Amalgam Steel,3.8,(171)
6699,Honeywell Uop,3.6,(171)
6700,Gmr Airport Developers,3.8,(171)
6701,Scribe EMR,3.9,(171)
6702,Stonex,4.0,(171)
6703,Zuno General Insurance,3.7,(171)
6704,Johnson Electric,3.6,(171)
6705,Sankara Eye Hospital,4.0,(171)
6706,Real Estate Group,4.3,(171)
6707,Lynk,3.2,(170)
6708,Prayag Polymers,3.7,(170)
6709,Ceratizit,4.4,(170)
6710,The Millennium School,4.0,(170)
6711,Peninsula Land,4.0,(170)
6712,Kamal Fincap,4.0,(170)
6713,Wysetek Systems Technologists,3.5,(170)
6714,Giridhan Metal,3.9,(170)
6715,NaviSite,3.9,(170)
6716,Naxnova,4.4,(170)
6717,ShopX,4.4,(170)
6718,ARCHER Transnational Systems Private Limited,3.7,(171)
6719,Rosmerta Safety Systems,3.5,(170)
6720,SEW Infrastructure,3.4,(170)
6721,Lilac Insights,3.2,(170)
6722,Ognibene India,3.6,(170)
6723,Lapp India,4.1,(170)
6724,Urban Money,2.9,(170)
6725,Experion Technologies,3.9,(170)
6726,Arihant Capital Markets,4.1,(170)
6727,Omega,3.8,(170)
6728,Jewelex India,4.0,(170)
6729,Idexcel Technologies,3.0,(170)
6730,Nv Group,3.6,(170)
6731,Hughes Communications,3.4,(170)
6732,BYD Electronics,3.4,(170)
6733,NSK,3.9,(170)
6734,otsuka chemical india,4.0,(170)
6735,Egon Zehnder International,3.6,(170)
6736,Podar Jumbo Kids,4.0,(170)
6737,Exemed Pharmaceuticals,3.9,(170)
6738,Khaitan Electricals,2.6,(170)
6739,ONKAR DIES,3.7,(170)
6740,Namra Finance,3.8,(170)
6741,Indian Terrain Fashions,4.3,(170)
6742,IPG Mediabrands,3.3,(170)
6743,Newfold Digital,3.7,(170)
6744,Prateek Group,3.8,(169)
6745,Geltec,3.2,(169)
6746,Ellucian Higher Education Systems,3.6,(169)
6747,Claris Lifesciences Ahmedabad,3.3,(169)
6748,SISA Information Security,3.0,(169)
6749,Advanced Medtech Solutions,3.5,(169)
6750,LeapScholar,3.4,(169)
6751,MRC Logistics,4.0,(169)
6752,Linkquest Telecom,3.4,(169)
6753,Maheshwari Mining,3.7,(169)
6754,Smiiel - A Unit Of Motherson Sumi System,3.5,(169)
6755,Eicher Engineering Components,4.0,(170)
6756,Safdarjung Hospital,4.4,(169)
6757,Steadfast Medishield,3.6,(169)
6758,STEM Learning,4.3,(169)
6759,Narayana Medical College & Hospital,3.9,(169)
6760,Ivis International,3.4,(169)
6761,Allahabad Bank,4.5,(169)
6762,Inditex,4.1,(169)
6763,Chembond Chemicals,3.8,(169)
6764,Royal Bank of Scotland International,4.2,(169)
6765,Prudent Corporate Advisory Services,4.1,(169)
6766,DataTracks,3.4,(169)
6767,Hansa Direct,3.2,(169)
6768,Deepak Chem Tech,4.0,(169)
6769,Mount Talent Consulting,2.9,(169)
6770,SSK Group,3.5,(169)
6771,Hills Cement Company,3.1,(169)
6772,SmartED Innovations,4.1,(169)
6773,Ind Innovations,3.2,(169)
6774,OM Careers,2.6,(169)
6775,Aakash Health Care,4.0,(169)
6776,Vishay Precision Transducers,3.4,(169)
6777,FloBiz,3.4,(169)
6778,BYLD Group,3.9,(169)
6779,NASDAQ,3.3,(169)
6780,Marsh India Insurance Brokers,4.2,(169)
6781,Benzo Chem Industries,3.9,(169)
6782,FCS Software Solutions,3.7,(169)
6783,Deshpande Foundation,4.0,(169)
6784,Amagi Media Labs,3.5,(169)
6785,Sobha Constructions,3.5,(169)
6786,Camlin Fine Sciences,3.5,(169)
6787,Conviction HR,3.9,(169)
6788,Kriya It,3.3,(169)
6789,Swiss Garnier Life Sciences,3.4,(169)
6790,Scientific Games,3.6,(169)
6791,Advance Career Solutions,4.0,(169)
6792,Tara Consultancy Services,2.7,(169)
6793,Synergy Property Development Services,3.9,(168)
6794,Ivangel Sales & Services,3.7,(168)
6795,Federal Mogul Powertrain,3.7,(168)
6796,Border Roads Organisation,4.3,(168)
6797,Chandak Group,4.2,(168)
6798,Anabeeb,4.1,(168)
6799,West Bengal State Electricity Distribution Company,3.3,(168)
6800,Saint-Gobain Weber,3.9,(168)
6801,Toluna,3.4,(168)
6802,Clearwater Analytics,2.6,(168)
6803,Ccl Products,4.1,(168)
6804,Facebook,4.4,(168)
6805,Crowe Horwath,3.7,(168)
6806,Somika Sarl,4.1,(168)
6807,DHL IT Services,3.7,(168)
6808,Fraazo,3.5,(168)
6809,Okinawa Autotech,3.4,(168)
6810,Bose,3.6,(168)
6811,TerraCIS Technologies,3.7,(168)
6812,Dipty Lal Judge Mal,3.9,(168)
6813,Sellcraft Global Solutions,3.4,(168)
6814,ICONMA,2.9,(168)
6815,Salzer Electronics,3.9,(168)
6816,Zerodha,4.0,(168)
6817,Qualsquad Infotech,3.1,(168)
6818,TVS - SUNDARAM BRAKE LININGS,3.1,(168)
6819,98thPercentile,4.0,(168)
6820,Hire Glocal,4.0,(168)
6821,Harvest Gold Industries,3.7,(168)
6822,Kewal Kiran Clothing,3.8,(168)
6823,Ideas2IT Technologies,3.5,(168)
6824,Flovel Energy,3.9,(168)
6825,Rysun Labs,3.4,(168)
6826,Verinite Technologies,4.2,(168)
6827,CGS,3.5,(168)
6828,Kiaasa Retail Limited,4.6,(168)
6829,Creditas Solutions,3.1,(168)
6830,KodNest,4.1,(168)
6831,Juspay Technologies,3.7,(168)
6832,Nimbus BPO,3.1,(167)
6833,Khadi Natural Healthcare,4.3,(167)
6834,Wonderchef Home Appliances,4.0,(167)
6835,Arunachala Logistics,3.9,(167)
6836,ARSS Infrastructure Projects,3.6,(167)
6837,Pritam International,3.3,(167)
6838,Focus Softnet,3.6,(167)
6839,Hansa Cequity,2.9,(167)
6840,MyGlamm,3.4,(167)
6841,Bharti Foundation,3.7,(167)
6842,Nerdy Turtlez,2.4,(167)
6843,Steer Engineering,3.1,(167)
6844,CDS Infra Projects,3.4,(167)
6845,EssentiallySports,3.8,(167)
6846,Fairfield Inn by Marriott,4.1,(167)
6847,iBall,4.1,(167)
6848,Modenik Lifestyle,3.6,(167)
6849,Government of Odisha,4.0,(167)
6850,MResult Services,3.7,(167)
6851,Macmillan Publishers,3.3,(167)
6852,AMPLUS SOLAR,4.2,(167)
6853,Armstrong International,4.0,(167)
6854,Newton School: Pay after Placement,3.6,(167)
6855,iNeuron.ai,4.1,(167)
6856,RPSG,3.8,(167)
6857,Amar Cars,3.9,(167)
6858,Fukoku,3.6,(167)
6859,Orchid Hotel,3.5,(167)
6860,Coherent Market Insights,3.4,(167)
6861,Orchid Hotel,3.5,(167)
6862,Bharti Foundation,3.7,(167)
6863,MyGlamm,3.4,(167)
6864,Amar Cars,3.9,(167)
6865,Frick India,3.7,(167)
6866,Endress Hauser,4.2,(167)
6867,Petroexcel Technology Services,3.4,(167)
6868,Si Creva Capital Services,3.4,(167)
6869,IFFCO Kisan Finance,3.4,(167)
6870,Consern Pharma Limited,4.6,(167)
6871,Wingtech Mobile Communication,4.0,(166)
6872,Dynamic Techno Medicals,3.7,(166)
6873,Deepija Telecom,3.8,(166)
6874,PCS Technology,3.7,(166)
6875,BUDDI.AI,3.6,(166)
6876,Indian Coast Guard,4.0,(166)
6877,Egniol Services Private Limited,2.3,(166)
6878,Emmbi Industries,3.6,(166)
6879,New Era Technology,3.5,(166)
6880,Aranca,3.4,(166)
6881,Egniol Services Private Limited,2.3,(166)
6882,Canteen Stores Department,4.4,(166)
6883,Baskin Robbins,3.9,(166)
6884,Aranca,3.4,(166)
6885,Spun Micro Processing,4.0,(166)
6886,Grand View Research,3.2,(166)
6887,Manorama Industries Limited,4.5,(166)
6888,Billroth Hospitals,3.5,(166)
6889,Topre India,4.2,(166)
6890,The Dollar Business,3.3,(166)
6891,HYOSUNG T&D,4.0,(166)
6892,Azmeel Contracting,4.1,(166)
6893,St. Mary's School,3.8,(166)
6894,Seco Tools,4.1,(166)
6895,Eduvanz,3.4,(166)
6896,Health Prime International,3.3,(166)
6897,Embassy Group,4.1,(166)
6898,Hartex Rubber,3.3,(166)
6899,Attero Recycling,4.3,(166)
6900,CoinDCX,4.0,(166)
6901,CoinDCX,4.0,(166)
6902,Billroth Hospitals,3.5,(166)
6903,Satvat Infosol,3.1,(166)
6904,Embassy Group,4.1,(166)
6905,Eduvanz,3.4,(166)
6906,efficiently,2.5,(166)
6907,CDW,4.2,(166)
6908,Chowgule Industries,3.5,(166)
6909,ASSET DEALS,4.3,(166)
6910,Zodiac Clothing Company,3.4,(165)
6911,Krishna Buildestates,3.8,(165)
6912,Hind Rectifiers,3.7,(165)
6913,M.P. Power Transmission Company,4.0,(165)
6914,Kemwell Biopharma,3.3,(165)
6915,Corpone Staffing Solutions,3.9,(165)
6916,TruCap Finance,3.8,(165)
6917,Oceanic Pharmachem,4.2,(165)
6918,Nordusk Led,4.4,(165)
6919,Acute Informatics,3.2,(165)
6920,B M Birla Heart Research Centre,3.5,(166)
6921,MathWorks,4.0,(165)
6922,SEED Infotech,4.0,(165)
6923,VWR International,3.6,(165)
6924,Nordusk Led,4.4,(165)
6925,Acute Informatics,3.2,(165)
6926,B M Birla Heart Research Centre,3.5,(166)
6927,Krishna Buildestates,3.8,(165)
6928,MAT Brakes,4.0,(165)
6929,Acme Formulation,3.0,(165)
6930,Hotel Park Plaza,4.0,(165)
6931,Dexian India Technologies,3.5,(165)
6932,T&N Business Services,4.7,(165)
6933,Ramco Steels,3.9,(165)
6934,Milestone Gears,3.9,(165)
6935,Teliolabs,3.9,(165)
6936,GP Strategies,3.5,(165)
6937,Peekay Steel Castings,4.0,(165)
6938,Amity International School,3.9,(165)
6939,Strategic Learning Solutions,4.0,(165)
6940,Niveus Solutions (Part of NTT Data),3.7,(165)
6941,Flatworld Mortgage Processing,3.5,(165)
6942,Peekay Steel Castings,4.0,(165)
6943,MBit Computraining,3.7,(165)
6944,Techno Exponent,3.8,(165)
6945,GP Strategies,3.5,(165)
6946,Everest Group,2.7,(165)
6947,Ncr Eduservices,3.9,(165)
6948,American Institute of Pathology and Laboratory Sciences,4.3,(165)
6949,ACE Group,4.2,(165)
6950,West Coast Pharmaceuticals,2.9,(165)
6951,Hyland Software Solutions India LLP,3.8,(165)
6952,Amity International School,3.9,(165)
6953,Strategic Learning Solutions,4.0,(165)
6954,Niveus Solutions (Part of NTT Data),3.7,(165)
6955,RevFin,4.0,(165)
6956,NimbusPost,3.4,(165)
6957,Xotik Frujus,2.5,(164)
6958,Sharp Business Systems India,3.5,(164)
6959,Rhysley Private Limited,3.4,(164)
6960,India1 Payments,3.7,(164)
6961,Acuvate Software,3.1,(164)
6962,India1 Payments,3.7,(164)
6963,3Pillar Global,3.2,(164)
6964,Rhysley Private Limited,3.4,(164)
6965,Rozana Rural Commerce Private Limited,3.0,(164)
6966,Bayer Zydus Pharma,3.5,(164)
6967,Kama Jewelry,4.5,(164)
6968,Prudent Insurance Brokers,3.7,(164)
6969,Population Services International (PSI),3.9,(164)
6970,Central Coalfields,4.5,(164)
6971,Gea Process Engineering India,4.0,(164)
6972,Sharp Business Systems India,3.5,(164)
6973,VK Building Services,3.9,(164)
6974,East India Technologies,3.0,(164)
6975,ROI NET Solution,4.3,(164)
6976,Daramic Battery Separator India,3.7,(164)
6977,Tracks Components,3.1,(164)
6978,Privi Organics,3.8,(164)
6979,Jotun Paints,4.0,(164)
6980,Henkel,4.0,(164)
6981,Centelon,2.9,(164)
6982,Ram Kripal Singh Construction,3.7,(164)
6983,Covestro,4.5,(164)
6984,India Power Corporation,3.6,(164)
6985,Suven Life Sciences,3.6,(164)
6986,Inductotherm,3.7,(164)
6987,Flexsin Technologies,3.8,(164)
6988,Farmson Pharmaceutical,3.1,(164)
6989,Qapitol Qa,3.9,(164)
6990,Sankara Nethralaya,3.8,(164)
6991,Export Trading group,3.5,(164)
6992,Goodricke Group,4.0,(164)
6993,Amphenol Omniconnect - India,3.9,(164)
6994,Sensiple,3.4,(164)
6995,Makino Auto Industries,3.8,(164)
6996,Augustus Healthcare Solutions,3.6,(164)
6997,Merilytics,2.9,(164)
6998,Bimal Auto Agency,3.6,(164)
6999,Infiniminds,3.7,(164)
7000,Jobby Engineers,4.2,(164)
7001,Solera,3.2,(164)
7002,KLM Laboratories,3.4,(164)
7003,v4c.ai,4.6,(164)
7004,Doms Industries,3.8,(164)
7005,Sharp Sight,4.1,(164)
7006,Ace Pipeline Contracts,4.2,(164)
7007,EAPRO Global Ltd,4.2,(163)
7008,Manomav Engineers,4.0,(163)
7009,Xpo Logistics,3.7,(163)
7010,Americana Group,3.5,(163)
7011,Pramata Knowledge Solutions,3.2,(163)
7012,Nido Machineries,3.6,(163)
7013,MT Autocraft,4.0,(163)
7014,BigStep Technologies,4.3,(163)
7015,Sterling Information Resources,3.5,(163)
7016,Trafigura,3.2,(163)
7017,Sundaram Industries,3.6,(163)
7018,Jaypee Brothers Medical Publishers,3.4,(163)
7019,Hubtown,3.3,(163)
7020,Maharashtra State Road Transport Corporation,4.0,(163)
7021,Pramata Knowledge Solutions,3.2,(163)
7022,B5 Plus,3.1,(163)
7023,IBM Consulting,3.7,(163)
7024,Trafigura,3.2,(163)
7025,Cease Fire,2.8,(163)
7026,SKS Fasteners,3.3,(163)
7027,Hubtown,3.3,(163)
7028,Safeguard Global,3.7,(163)
7029,GA Infra Private Limited,3.8,(163)
7030,Maharashtra State Road Transport Corporation,4.0,(163)
7031,ACI Worldwide,3.9,(163)
7032,Shinhan Bank,3.1,(163)
7033,Jaypee Brothers Medical Publishers,3.4,(163)
7034,Ultratech India,4.0,(163)
7035,First Solar,4.0,(163)
7036,AdamsBridge Global,3.5,(163)
7037,High Court Lucknow,4.5,(163)
7038,Sahu Exports,4.1,(163)
7039,HCL Foundation,4.4,(163)
7040,Innovassynth Technologies,3.5,(163)
7041,AEREN IT Solutions,3.5,(163)
7042,Pyrotech Electronics,3.0,(163)
7043,Faasos Food Services,3.6,(163)
7044,Be10X,4.4,(163)
7045,Maharashtra State Electricity Transmission Company,4.1,(163)
7046,Multi Commodity Exchange of India,3.2,(163)
7047,Skechers South Asia,4.2,(163)
7048,HYOSUNG,3.4,(163)
7049,Satec Envir Engineering (I),4.1,(163)
7050,ShopDeck,3.6,(163)
7051,Grundfos,4.1,(163)
7052,Eastern Coalfields,4.1,(162)
7053,VFS Capital,3.6,(162)
7054,KRYFS POWER COMPONENTS,3.9,(162)
7055,Infosys Springboard,4.6,(162)
7056,Encotec Energy,4.2,(162)
7057,Alp Overseas,3.6,(162)
7058,Vitromed Healthcare,3.5,(162)
7059,Lilavati Hospital & Research Centre,3.9,(163)
7060,Apparel Group UAE,3.4,(162)
7061,Gulshan Polyols,3.5,(162)
7062,Anvil Cables,3.7,(162)
7063,Vitromed Healthcare,3.5,(162)
7064,TVS Upasana Engineering,3.6,(162)
7065,iVistec Partners India Private Limited,3.9,(162)
7066,TIL,3.6,(162)
7067,Lilavati Hospital & Research Centre,3.9,(163)
7068,Apparel Group UAE,3.4,(162)
7069,Topsoe,3.8,(163)
7070,Punjab & Sind Bank,3.2,(162)
7071,Kanakadurga Finance,3.6,(162)
7072,Concentric,3.6,(162)
7073,Automotive Research Association of India,4.0,(162)
7074,Verint Systems,3.7,(162)
7075,Desai Construction,4.1,(162)
7076,Krishna Institute of Medical Sciences,3.8,(162)
7077,Lotus Footwear Enterprises,3.9,(162)
7078,bgr Mining infra pvt Ltd,4.1,(162)
7079,Speed Engineering Solutions,3.8,(162)
7080,Elektrobit India,4.1,(162)
7081,bgr Mining infra pvt Ltd,4.1,(162)
7082,StrategicERP,4.2,(162)
7083,Eastman Industries,3.7,(162)
7084,TQ Cert Services,3.8,(162)
7085,Desai Construction,4.1,(162)
7086,Group Pharmaceuticals,3.8,(162)
7087,Aptronix - Apple Premium Reseller,3.9,(162)
7088,Milltec Machinery Pvt Ltd Bangalore,4.0,(162)
7089,Raam Group,3.4,(162)
7090,Roto Pumps,3.7,(162)
7091,GKB Opticals,4.4,(162)
7092,Broadcast Engineering Consultants India,3.4,(162)
7093,Tulip Diagnostics,3.8,(162)
7094,Community Health Center,4.2,(162)
7095,Gibraltar Technologies,3.9,(162)
7096,AECC Global,3.1,(162)
7097,MELCO,3.5,(161)
7098,Enzen Global Solutions,2.6,(161)
7099,Parsons International,4.1,(161)
7100,Enaltec Labs,2.9,(161)
7101,Geodis Overseas,3.4,(161)
7102,Gemini Edibles & Fats India,4.0,(161)
7103,Trayee Business Solutions,3.5,(161)
7104,Helo.ai by VivaConnect,4.3,(161)
7105,Euro School,3.6,(161)
7106,Datavail Infotech,3.2,(161)
7107,Envision Enterprise Solutions,2.7,(161)
7108,TAL Manufacturing Solutions,3.5,(161)
7109,CollegePur,4.6,(161)
7110,Thomson Press India,4.2,(161)
7111,Parsons International,4.1,(161)
7112,Enlist Management Consultants,3.1,(161)
7113,SRV Media,3.5,(161)
7114,Pearl Beverages,3.1,(161)
7115,Sanyo Special Steel Manufacturing,4.1,(161)
7116,Mohani Tea Leaves,4.0,(161)
7117,IIT Delhi,4.2,(161)
7118,AYTB,3.8,(161)
7119,Makino,3.6,(161)
7120,Goel Ganga Developments,3.7,(161)
7121,Mosaic Wellness,3.3,(161)
7122,Sabyasachi Couture,3.9,(161)
7123,Ceigall,3.2,(161)
7124,Premium Chick Feeds,3.6,(161)
7125,HTIC Global,3.6,(161)
7126,CAPLIN STERILES,2.9,(161)
7127,Crane Consulting and Outsourcing,3.9,(161)
7128,Webdew,4.5,(161)
7129,Bimbo Bakeries India,3.6,(161)
7130,DCM Infotech,3.4,(161)
7131,Nexus Select Trust,4.1,(161)
7132,Zeta Global,3.4,(161)
7133,Welspun Specialty Solutions,3.7,(161)
7134,IREP Credit Capital,4.1,(161)
7135,Chryso,3.8,(161)
7136,Enquero,4.2,(161)
7137,Vizza Insurance Broking Services,3.3,(161)
7138,Nivara Home Finance,3.8,(161)
7139,IG Defence,4.5,(161)
7140,Webvio Technologies,4.3,(161)
7141,Pioneer Wincon,4.4,(160)
7142,Melorra,3.1,(160)
7143,Interactive Avenues,3.2,(160)
7144,Chloride Metals,3.5,(160)
7145,Sapphire Infocom,4.8,(160)
7146,K.R.Mangalam World School,4.0,(160)
7147,Gujarat State Electricity Corporation,4.4,(160)
7148,Vulcan Express,3.6,(160)
7149,Saraswati Accountants Software,4.5,(160)
7150,Edujobs Academy,3.2,(160)
7151,CTX Life Science,3.7,(160)
7152,Oakridge International School,3.5,(160)
7153,Modi Builders & Realtors,2.9,(160)
7154,Delhi Integrated Multi Modal Transit System,3.6,(160)
7155,Prabha Engineering,3.6,(160)
7156,Ankur Seeds,4.1,(160)
7157,Bhilai Iron And Steel Processing Company,4.0,(160)
7158,Inube Software Solutions,3.1,(160)
7159,Topsel Toyota,3.9,(160)
7160,TC Global,3.5,(160)
7161,Bhilai Iron And Steel Processing Company,4.0,(160)
7162,Shimizu,4.1,(160)
7163,Voith,3.7,(160)
7164,Sikka Group,3.5,(160)
7165,MedTourEasy,4.7,(160)
7166,Aligarh Muslim University,4.5,(160)
7167,American India Foundation,3.8,(160)
7168,Lokmat Media,3.9,(160)
7169,Kaseya Software,3.3,(160)
7170,TAAZAA,4.0,(160)
7171,Uniproducts,3.5,(160)
7172,Synchronoss Technologies,4.2,(160)
7173,SembCorp,3.8,(160)
7174,Khivraj Motors,3.9,(160)
7175,Mahavir Die Casters,3.9,(160)
7176,Data Bridge Market Research,2.8,(160)
7177,M Tech Innovations,3.7,(160)
7178,PMJ Gems & Jewellers,3.5,(160)
7179,Gera Developments,4.1,(160)
7180,B.P. Poddar Hospital & Medical Research,2.9,(160)
7181,Khivraj Motors,3.9,(160)
7182,SembCorp,3.8,(160)
7183,Kalburgi Cement,3.4,(160)
7184,Gera Developments,4.1,(160)
7185,B.P. Poddar Hospital & Medical Research,2.9,(160)
7186,Colgate Global Business Services,3.4,(160)
7187,M Tech Innovations,3.7,(160)
7188,Vega Intellisoft,4.3,(160)
7189,PMJ Gems & Jewellers,3.5,(160)
7190,Amanta Healthcare,4.1,(160)
7191,AKM Global,4.0,(160)
7192,Sarla Advantech,3.9,(160)
7193,Indian Steel Corporation,4.1,(159)
7194,5K Car Care,4.4,(159)
7195,Outlook,2.8,(159)
7196,Jyote Motors,3.7,(159)
7197,EMB Global,4.3,(159)
7198,TI METAL FORMING,4.0,(159)
7199,Jupiter Wagons,3.6,(159)
7200,Electrolab,3.5,(159)
7201,Airpay Payment Services,2.8,(159)
7202,Sampark Logistics,3.4,(159)
7203,Indian Steel Corporation,4.1,(159)
7204,Outlook,2.8,(159)
7205,Delphi Automotive Systems,3.8,(159)
7206,Baggit,2.7,(160)
7207,SugarFit,4.0,(159)
7208,EMB Global,4.3,(159)
7209,Thermo Systems India,4.0,(159)
7210,NELCAST,3.7,(159)
7211,Plintron Global Technology Solutions,2.9,(159)
7212,Futran Solutions,3.9,(159)
7213,Durr India,3.4,(159)
7214,Enercon,4.0,(159)
7215,Bhartiya International,3.4,(159)
7216,Innovision,3.1,(159)
7217,Captain Tractors,4.4,(159)
7218,Bsa Corporation,3.8,(159)
7219,Metal Power Analytical,3.4,(159)
7220,Deepak Novochem Technologies,4.0,(159)
7221,Motovolt Mobility,3.9,(159)
7222,Metal Power Analytical,3.4,(159)
7223,Sarvatra Technologies,4.2,(159)
7224,Bsa Corporation,3.8,(159)
7225,Data Template Infotech,3.7,(159)
7226,Atotech,3.9,(159)
7227,Tcs And Associates,3.4,(159)
7228,Isprava,3.1,(159)
7229,TV9 Network,3.6,(159)
7230,Nitika Pharmaceutical Specialities,3.5,(159)
7231,Conserve Solution,3.9,(159)
7232,Deepak Novochem Technologies,4.0,(159)
7233,Tamilnadu Petroproducts,4.1,(159)
7234,StoreKing,3.2,(159)
7235,Paushak,3.7,(159)
7236,RxLogix Corporation,2.2,(159)
7237,Sony Pictures Networks,3.5,(159)
7238,Mindenious Edutech,4.2,(159)
7239,Kartavya Healtheon,3.7,(159)
7240,GIRDHARI LAL CONSTRUCTIONS,3.9,(159)
7241,Mindenious Edutech,4.2,(159)
7242,Hirschvogel Components,4.0,(159)
7243,Basicfirst Learning,2.7,(158)
7244,Pasco Automobiles,4.1,(158)
7245,Unirac,3.9,(158)
7246,Unipath Specialty Laboratory,3.7,(158)
7247,Khushi Advertising Ideas Private Limited,4.4,(158)
7248,Rorito International,3.9,(158)
7249,NetProphets Cyberworks,3.4,(158)
7250,Bankai Infotech,3.2,(158)
7251,Ambrane India,4.6,(158)
7252,SoftTech Engineers Limited,3.2,(158)
7253,Euronics Industries,3.5,(158)
7254,IonIdea,3.0,(158)
7255,SECON Private Limited Bangalore INDIA,3.2,(158)
7256,Intec Infra-Technologies,3.7,(158)
7257,MGM Medical College & Hospital,3.9,(158)
7258,Vasant Masala,4.1,(158)
7259,AYN InfoTech,4.5,(158)
7260,Vihaan Networks,4.1,(158)
7261,Ambrane India,4.6,(158)
7262,NetProphets Cyberworks,3.4,(158)
7263,SoftTech Engineers Limited,3.2,(158)
7264,Rolls-Royce,3.8,(158)
7265,Euronics Industries,3.5,(158)
7266,IonIdea,3.0,(158)
7267,SECON Private Limited Bangalore INDIA,3.2,(158)
7268,CLIRNet,3.6,(158)
7269,MGM Medical College & Hospital,3.9,(158)
7270,Chennais Amirta Group of Institutions,3.8,(158)
7271,Hestabit Technologies,3.7,(158)
7272,Him Teknoforge,3.5,(158)
7273,Banas Dairy,4.0,(158)
7274,Ajit Industries Pvt.Ltd,4.2,(158)
7275,Oerlikon Balzers,3.7,(158)
7276,FreshToHome,3.6,(158)
7277,Sindhuja Microcredit,3.6,(158)
7278,The Calcutta Medical Research Institute,3.9,(158)
7279,Axis Securities and Sales,3.5,(158)
7280,Marsh McLennan Global Services,4.1,(158)
7281,JCBL,3.5,(158)
7282,Naaraayani Sons,3.6,(158)
7283,YuppTV,3.4,(158)
7284,Dixcy Textiles,4.2,(158)
7285,Unicorn DenMart,3.9,(158)
7286,Junomoneta Finsol,2.7,(158)
7287,Indian Armed Forces,4.6,(158)
7288,ValGenesis,3.1,(158)
7289,E C R Buildtech,3.9,(158)
7290,CBTS TECHNOLOGY SOLUTIONS INDIA LLP,3.9,(158)
7291,LC Infra Projects,3.9,(158)
7292,Inshorts,3.5,(158)
7293,Aditya Birla Lifestyle Brands,3.8,(158)
7294,Sberbank Branch in India,3.2,(158)
7295,Inorbit Mall,4.1,(158)
7296,Vasavi Group,3.8,(158)
7297,Vehant Technologies,4.0,(158)
7298,Dr. Ram Manohar Lohia Hospital,4.2,(157)
7299,Hyatt Place,4.0,(157)
7300,Planit Testing India,3.4,(157)
7301,JConnect Infotech,3.4,(157)
7302,Texila Educational And Management Services,3.9,(157)
7303,GAIN Credit,3.8,(157)
7304,Takahata Precision,4.2,(157)
7305,Narayan Seva Sansthan,4.2,(157)
7306,Apicore Pharmaceuticals,3.7,(157)
7307,MoreTasks,4.3,(157)
7308,Vee Gee Auto Components,4.0,(157)
7309,FMI Automotive Components,3.9,(157)
7310,Franciscan Solutions,2.7,(157)
7311,Quba Architectural Products,4.3,(157)
7312,Diversey,3.8,(157)
7313,Synmac Consultants,4.1,(157)
7314,CBSE,4.3,(157)
7315,Vortex Engineering,3.9,(157)
7316,Wipro Insurance Solutions,3.6,(157)
7317,RS Software (India) Ltd.,3.4,(157)
7318,Toll Group,3.9,(157)
7319,Shri Kshetra Dharmasthala Rural Development Project,4.0,(157)
7320,Auditics Private Limited,3.8,(157)
7321,Teach For India,3.5,(157)
7322,HMD Global,3.6,(157)
7323,thinkbridge,3.6,(157)
7324,Auditics Private Limited,3.8,(157)
7325,Wipro Insurance Solutions,3.6,(157)
7326,AstroTalk,3.3,(157)
7327,BlueBinaries Engineering and Solutions,2.5,(157)
7328,Back Office,4.0,(157)
7329,SanDisk India Device Design Centre,3.9,(157)
7330,Airtel Business,3.5,(157)
7331,CCS Computers,3.8,(157)
7332,Aurolab,3.8,(157)
7333,Publicis Global Delivery,3.9,(157)
7334,Auto Mechanics,2.7,(157)
7335,Apollomedics Super Speciality Hospitals,4.0,(157)
7336,Badri Rai and Company,3.9,(157)
7337,Virtuoso,3.4,(157)
7338,Silver Consumer Electricals,3.2,(157)
7339,TripFactory,2.0,(157)
7340,ARDEE INDUSTRIES LIMITED,4.1,(157)
7341,TripFactory,2.0,(157)
7342,Hind Terminals,4.1,(157)
7343,Netcon Technologies,3.6,(157)
7344,Badri Rai and Company,3.9,(157)
7345,Auto Mechanics,2.7,(157)
7346,Publicis Global Delivery,3.9,(157)
7347,Cadeploy Engineering,3.2,(157)
7348,Simple Logic IT,3.4,(157)
7349,Cape East,3.4,(156)
7350,Amrit Bottlers,4.2,(156)
7351,Shri Ram Finance Corporation,2.9,(156)
7352,Rich Graviss Products,4.0,(156)
7353,Ritco Logistics,3.6,(156)
7354,Ocl Iron & Steel,3.5,(156)
7355,BANGMETRIC,4.0,(156)
7356,Shubhalakshmi Polyesters,3.9,(156)
7357,Reynolds,4.3,(156)
7358,Qatargas,4.6,(156)
7359,Exim Logistics,4.1,(156)
7360,Sresta Natural Bioproducts,3.6,(156)
7361,Jharkhand State Livelihood Promotion Society,3.5,(156)
7362,Shivalik Rasayan,3.6,(156)
7363,RealEstateIndia.com,4.8,(156)
7364,Shrachi Group,2.5,(156)
7365,Enlink Managed Service pvt Ltd.,3.2,(156)
7366,Shobhit Mediworld,3.8,(156)
7367,Executive Ship Management,4.0,(156)
7368,Tarento Technologies,3.6,(156)
7369,Unicommerce Esolutions,3.0,(156)
7370,Corbus,3.5,(156)
7371,MRI Software,3.2,(156)
7372,Replicon,3.5,(156)
7373,Lupin Diagnostics,4.0,(156)
7374,Ki Mobility Solution,3.3,(156)
7375,"PKF Sridhar & Santhanam LLP, Chartered Accountants",3.4,(156)
7376,Scymes Services,3.4,(156)
7377,Alcove Realty,3.9,(156)
7378,Sun Flag Steel,3.5,(156)
7379,Modi Naturals,4.0,(156)
7380,Advance Auto Parts India,3.6,(156)
7381,Vibracoustic,3.5,(156)
7382,Kaefer,3.6,(156)
7383,Jasper Industries,4.2,(156)
7384,Deccan iServices,3.6,(156)
7385,Mahanadi Coalfields,4.5,(156)
7386,Uno Minda Kyoraku,3.9,(156)
7387,Uttam Strips,3.4,(156)
7388,Aquera,4.6,(156)
7389,Dedicated Freight Corridor Corporation Of India,4.0,(156)
7390,High Street Essentials,3.6,(156)
7391,Horizontal Integration,3.5,(156)
7392,Theorem Incorporation,3.3,(155)
7393,Apraava Energy,4.2,(155)
7394,Baxter Pharmaceuticals,4.2,(155)
7395,Partha Dental,3.7,(155)
7396,Lotus Wireless Technologies,3.2,(155)
7397,Simpl,2.9,(155)
7398,BIZONGO,3.2,(155)
7399,KK Spun Pipes,3.2,(155)
7400,Altair Engineering,3.8,(155)
7401,Partha Dental,3.7,(155)
7402,Advaith Motors,4.2,(155)
7403,Jhajharia Nirman Limited,4.1,(155)
7404,Java R & D,2.7,(155)
7405,Agilent Technologies International,3.8,(155)
7406,Theorem Incorporation,3.3,(155)
7407,Altair Engineering,3.8,(155)
7408,Damro Furniture,3.5,(155)
7409,Magnum Group,3.2,(155)
7410,Sumeru Software Solutions,3.2,(155)
7411,Payswiff Solutions,4.1,(155)
7412,Indivillage Tech Solutions,3.6,(155)
7413,Anchor Health and Beauty Care,4.0,(155)
7414,Cronus Pharma Specialities India,3.4,(155)
7415,Encalm Hospitality,4.0,(155)
7416,Lotus Wireless Technologies,3.2,(155)
7417,Sundyota Numandis Pharmaceuticals,4.0,(155)
7418,illumifin,3.2,(155)
7419,Creativelipi Webtech,2.6,(155)
7420,WAE,3.4,(155)
7421,Space Matrix Design Consultants,3.5,(155)
7422,Air India Engineering Services,3.6,(155)
7423,Thoucentric,3.6,(155)
7424,Donaldson India Filter Systems,3.9,(155)
7425,Linedata,2.9,(155)
7426,VEKA,3.8,(155)
7427,Chandan Healthcare,3.2,(155)
7428,Continental Carbon India,3.7,(155)
7429,BAIF Development Research Foundation,3.7,(155)
7430,Orange City Water,3.7,(155)
7431,Head Digital Works,4.3,(155)
7432,Vega Industries,4.0,(155)
7433,Rabindranath Tagore International Institute of Cardiac Sciences,3.9,(155)
7434,Axis Mutual Fund,3.8,(155)
7435,Sri Balaji Action Medical Institute,3.9,(155)
7436,Arundhati Jewellers,3.5,(155)
7437,Eagleview,3.2,(155)
7438,L&T Smart World & Communication,4.2,(154)
7439,Sunbeam School,4.0,(154)
7440,Agriculture Insurance Company of India,4.1,(154)
7441,Brindavan Beverages,3.9,(154)
7442,UptoSkills,4.6,(154)
7443,Kotak Mahindra Asset Management Company,4.0,(154)
7444,ADINATH MOTORS,3.7,(154)
7445,Meena Bazaar,3.5,(154)
7446,Xcaliber Infotech,3.1,(154)
7447,Deendayal Antyodaya Yojana-National Rural Livelihoods Mission,4.0,(154)
7448,KHD Humboldt Wedag,4.3,(154)
7449,Optimus Information,3.0,(154)
7450,Tata Ficosa Automotive Systems,,
7451,Bill Forge,4.3,(154)
7452,SP Apparels,4.1,(154)
7453,Group Surya Peb,3.2,(154)
7454,DDB Mudra Group,3.7,(154)
7455,Arabian Fal,2.8,(154)
7456,Elkayem Auto Ancillaries,3.4,(154)
7457,Polaris,3.9,(154)
7458,Alice Blue Commodities,2.9,(154)
7459,Dozco,3.9,(154)
7460,Great White Global,3.8,(154)
7461,Optimus Information,3.0,(154)
7462,Futures First info Services,3.3,(154)
7463,KHD Humboldt Wedag,4.3,(154)
7464,Liebherr,3.9,(154)
7465,Galderma,3.6,(154)
7466,SAGE Publications,3.1,(154)
7467,HelpAge India,4.0,(154)
7468,DIC India,3.8,(154)
7469,Muvi,4.1,(154)
7470,Msc Cruises,4.2,(154)
7471,Outscale Partners,2.5,(154)
7472,Kearney,3.2,(154)
7473,EMotorad,4.4,(154)
7474,Specsmakers Opticians,3.7,(154)
7475,Gopaljee Dairy Foods,4.4,(154)
7476,Ogilvy,3.5,(154)
7477,Poct Services,3.8,(154)
7478,Pasa Resources,3.6,(154)
7479,SightSpectrum Technology Solutions,3.2,(154)
7480,Meenakshi Mission Hospital & Research Centre,4.1,(154)
7481,Enova Facilities Management LLC,4.1,(154)
7482,Suraksha Gold Industries Private Limited,4.4,(154)
7483,Ecozen Solutions,4.1,(154)
7484,Presidio Solutions Pvt Ltd,4.7,(154)
7485,Outbooks Outsourcing,3.6,(154)
7486,Kearney,3.2,(154)
7487,EMotorad,4.4,(154)
7488,Alteus Biogenics,2.6,(154)
7489,Magma Housing Finance,4.5,(152)
7490,Dr.SNS Rajalakshmi College Of Arts and Science,4.9,(153)
7491,Costa Coffee,3.7,(153)
7492,Evertogen Life Sciences,2.9,(153)
7493,Rajasthan Aushdhalaya,3.4,(153)
7494,Nxtra Data,4.1,(153)
7495,ETP International,3.0,(153)
7496,Turner & Townsend,3.8,(153)
7497,Aditya Birla Chemicals,3.7,(153)
7498,Classcanyon,4.5,(153)
7499,Future Consumer,4.4,(153)
7500,ResearchAyu,4.0,(153)
7501,Ayu Health Hospitals,3.6,(153)
7502,Dr D Y Patil Medical College,4.1,(153)
7503,Houzeo,3.9,(153)
7504,Zacks Research,2.8,(153)
7505,Sohan Lal Commodity Management,3.7,(153)
7506,Sourcefuse Technologies,2.8,(153)
7507,OPK e Services,2.7,(153)
7508,Intelux Electronics,4.1,(153)
7509,AVIZVA,2.2,(153)
7510,Frost & Sullivan,2.9,(153)
7511,Computer Generated Solutions,3.1,(153)
7512,Unschool Learning,3.3,(153)
7513,Brickwork Ratings,3.4,(153)
7514,Icomm Tele,4.1,(153)
7515,Nelco,3.8,(153)
7516,CapGrid Solutions,3.8,(153)
7517,Brigosha Technologies,2.1,(153)
7518,Kirloskar Ebara Pumps,3.7,(153)
7519,OakNorth,2.9,(153)
7520,Mcpi,4.3,(153)
7521,BEO Software,4.3,(153)
7522,CriticalRiver,2.9,(153)
7523,Paperpedia,1.9,(153)
7524,Louis Dreyfus Company,4.0,(153)
7525,Suwasthi,2.4,(153)
7526,SysArc Infomatix,3.6,(153)
7527,Norwin Technologies,4.0,(153)
7528,Healthworld Hospitals,4.0,(153)
7529,Etraveli Group,2.9,(153)
7530,KollegeApply,3.8,(153)
7531,Casepoint,3.3,(153)
7532,Puma Energy,2.9,(153)
7533,ARK Infosolutions,3.7,(153)
7534,Sun King,3.6,(153)
7535,Envirocare Labs,4.1,(153)
7536,J&F,3.6,(153)
7537,Market Research Future Reports,3.2,(153)
7538,Million Minds Management Services,3.5,(152)
7539,LUCKY MINERALS,3.6,(152)
7540,Mobase,3.5,(152)
7541,Batra Hospital,3.8,(152)
7542,SDP & Associates (Office),3.7,(152)
7543,Infoblox,3.8,(152)
7544,PerkinElmer,4.2,(152)
7545,MRL Tyres,3.6,(152)
7546,Snapwork Technologies,4.0,(152)
7547,Indian Institute of Management,3.7,(152)
7548,FinAdvantage,4.1,(152)
7549,Shree Hari Infraprojects,3.1,(152)
7550,Foiwe Info Global Solution,4.5,(152)
7551,Synamedia,3.4,(152)
7552,eBIZ.com,2.6,(152)
7553,Best Koki Automotive,3.5,(152)
7554,Dream Plast India,3.5,(152)
7555,Abryl Laboratories Manufacturing Unit,3.7,(152)
7556,Alcatel-Lucent,4.3,(152)
7557,Casino Air Caterers & Flight Services,4.0,(152)
7558,Shilpa Biologicals,2.8,(152)
7559,GTT Communications,3.2,(152)
7560,Allyis India,3.2,(152)
7561,Amp Motors,3.9,(152)
7562,Infinite HR Solutions,3.1,(152)
7563,Hykon,4.3,(152)
7564,Acies,4.0,(152)
7565,Interra Information Technologies,3.2,(152)
7566,Indian Institute of Technology Madras,4.2,(152)
7567,Takenaka,4.2,(152)
7568,PharmaZell,4.1,(152)
7569,Hilton Garden Inn,3.8,(152)
7570,Log 9 Materials Scientific,3.3,(152)
7571,Revlon,3.8,(152)
7572,Naiknavare Developers,3.8,(152)
7573,Kabra Extrusion Technik,3.5,(152)
7574,Astute Corporate Services,3.2,(152)
7575,Shubham EPC,4.0,(152)
7576,Nium,3.3,(152)
7577,Stanadyne India,4.0,(152)
7578,BDG Metal & Power,3.8,(152)
7579,Solaris Chemtech,4.5,(152)
7580,Annapurna Group,3.8,(152)
7581,Revlon,3.8,(152)
7582,Systech Solutions,3.6,(152)
7583,Nium,3.3,(152)
7584,Solaris Chemtech,4.5,(152)
7585,Goodrich Logistics Pvt. Ltd.,3.2,(152)
7586,Bennett University,3.7,(152)
7587,Accentuate Technology,4.0,(152)
7588,Pace Power Systems,3.5,(151)
7589,Altigreen Propulsion Labs,3.5,(151)
7590,KLT Automotive & Tubular Products,3.6,(151)
7591,Montage Enterprises,3.1,(151)
7592,Shine,2.8,(151)
7593,Dairy Classic Ice Creams,4.2,(151)
7594,Borosil Renewables,3.8,(151)
7595,P.N. International,4.0,(151)
7596,Raj Industries,3.5,(151)
7597,Altruistic Technology Labs,3.5,(151)
7598,Progility Technologies,3.4,(151)
7599,Harsha Engineers International,4.0,(151)
7600,Shri Mahant Indiresh Hospital,3.3,(151)
7601,Safeducate,4.1,(151)
7602,ETV Bharat,4.0,(151)
7603,Agility E Services,3.7,(151)
7604,HomeShop18,4.2,(152)
7605,Concorde Motors,3.8,(151)
7606,SAI Consulting Engineers,4.3,(151)
7607,University of Engineering and Management,4.4,(151)
7608,Ravindra Bharathi Schools,3.4,(151)
7609,PGIMER,4.3,(151)
7610,Spc Life Sciences,3.4,(151)
7611,Global Trade Plaza,4.8,(151)
7612,Spinco Biotech,3.6,(151)
7613,Nirmal Industrial Controls,3.7,(151)
7614,Husk Power Systems,3.0,(151)
7615,NPCC Engineering,3.7,(151)
7616,Tekskills,3.7,(151)
7617,Ametek Instruments India,3.4,(151)
7618,SunTec Business Solutions,2.9,(151)
7619,Sidel,3.7,(151)
7620,Hindustan Colas,3.4,(151)
7621,Apcotex Industries,3.6,(151)
7622,Hindustan Colas,3.4,(151)
7623,CARS24 Financial Services,3.3,(151)
7624,K2k Infrastructure,4.0,(151)
7625,RKC Infrabiult Private Limited,3.8,(151)
7626,Patil Automation,3.1,(151)
7627,Zimetrics Technologies,3.5,(151)
7628,Kohinoor Group,3.9,(151)
7629,Kamdhenu Paints,2.9,(151)
7630,ENTRI SOFTWARE,3.9,(151)
7631,VLink,3.8,(151)
7632,IndiaLends,3.4,(151)
7633,DRYCHEM SOLUTIONS,4.0,(151)
7634,Priyagold Biscuits,2.7,(151)
7635,Fasal,3.2,(151)
7636,Vedic International School,4.4,(151)
7637,IndiGrid,4.1,(151)
7638,Rivulis Irrigation,4.4,(151)
7639,CignaTTk Health Insurance,4.0,(151)
7640,Calix,3.9,(151)
7641,Tim Hortons,3.0,(150)
7642,Vipul Motors,3.6,(150)
7643,IIT Kharagpur,4.2,(150)
7644,Drytech Processes (I),3.8,(150)
7645,Western Coalfields,4.4,(150)
7646,PICL,3.7,(150)
7647,Shakti Precision Components,3.6,(150)
7648,Gsp Power Projects,3.8,(150)
7649,HexaView Technologies,3.2,(150)
7650,Techouts,3.9,(150)
7651,IFGL Refractories,3.5,(150)
7652,Mtg Learning Media,3.7,(150)
7653,Dr. Amin Controllers,3.8,(150)
7654,SAP-Concur,4.1,(150)
7655,Frontier Business Systems,3.1,(150)
7656,More Mega Store,4.2,(150)
7657,Locobuzz,2.8,(150)
7658,Meghmani Group,3.4,(150)
7659,All Out,3.6,(150)
7660,Gail Gas,3.5,(150)
7661,Dyuti Technologies,4.5,(150)
7662,Talent Corner HR Services,3.7,(150)
7663,Creative Garments,3.9,(150)
7664,Krishak Bharati Cooperative,4.3,(150)
7665,Oerlikon Graziano Transmission,4.3,(150)
7666,Element14,3.8,(150)
7667,Cubic Transportation Systems,3.0,(150)
7668,Being human,4.2,(150)
7669,SPD Constructions,3.8,(150)
7670,Ayana Renewable Power,4.4,(150)
7671,SKS Business Services,3.1,(150)
7672,Classic Marble Company,3.5,(150)
7673,Ascent Meditech,3.5,(150)
7674,Share India Securities,3.8,(150)
7675,Light & Wonder,3.8,(150)
7676,BizGurukul,4.1,(150)
7677,Barco Electronic Systems,4.1,(150)
7678,Crescendo Global,4.3,(150)
7679,Xcelore,4.8,(150)
7680,Puropale Creations & IT Solutions,4.7,(149)
7681,e-Centric Solutions,3.3,(149)
7682,Edac Engineering,3.9,(149)
7683,UAE Exchange,4.4,(149)
7684,Solar Defence And Aerospace,3.8,(149)
7685,Chiripal Industries,3.5,(149)
7686,Sage Metals,3.6,(149)
7687,The Wadhwa Group,3.7,(149)
7688,Ravi Infrabuild Projects,3.7,(149)
7689,Faber Sindoori Management Services,3.5,(149)
7690,Apollo Medskills,3.8,(149)
7691,Hanu Software Solutions,3.5,(149)
7692,UNI Klinger,3.8,(149)
7693,Europ Assistance India,3.6,(149)
7694,Shiksha Financial Services India,4.3,(149)
7695,Karam Industries,3.9,(149)
7696,Syniverse Technologies,3.7,(149)
7697,Desire Energy Solution,3.7,(149)
7698,Portescap,3.7,(149)
7699,Victoria's Secret,3.9,(149)
7700,"MAT Holdings, Inc",3.7,(149)
7701,Techved Consulting,3.4,(149)
7702,Sakshi,3.6,(149)
7703,Tcil,3.8,(149)
7704,Paras Spices,3.6,(149)
7705,Accel Limited,3.4,(149)
7706,Bausch & Lomb,3.8,(149)
7707,Thar Worx,3.9,(149)
7708,GKN Sinter Metals,3.9,(149)
7709,ESSPL,3.9,(149)
7710,Alliance University,3.6,(149)
7711,Cello World,3.4,(149)
7712,Delux Bearings,4.2,(149)
7713,SequelOne,3.3,(149)
7714,ATC (Assam),4.0,(149)
7715,MAHLE Engine Components,3.9,(149)
7716,STPL,3.6,(149)
7717,7 Eleven,3.4,(149)
7718,Cognus Technology,2.2,(149)
7719,Mindcrest,2.6,(149)
7720,Pixon Energy,4.0,(149)
7721,Pixon Energy,4.0,(149)
7722,JBM Neel Metal,3.9,(149)
7723,SequelOne,3.3,(149)
7724,BCForward,3.2,(149)
7725,Bombay Hospital,3.7,(148)
7726,Digital Aptech,4.4,(148)
7727,4i apps solutions,3.6,(148)
7728,SEDER GROUP,4.1,(148)
7729,Lokmanya Multipurpose Co-op Society,3.1,(148)
7730,BrowserStack,3.1,(148)
7731,Primus Super Speciality Hospital,3.9,(148)
7732,G Square Housing,3.8,(148)
7733,Voylla,3.2,(148)
7734,Fedora Solutions,3.2,(148)
7735,Ameyo,3.5,(148)
7736,Onicra Credit Rating Agency,3.2,(148)
7737,Esme Consumer,4.0,(149)
7738,Amazon Pay,3.7,(148)
7739,Srei Sahaj e-Village,4.5,(148)
7740,Ojas Innovative Technologies,3.6,(148)
7741,Cogencis Information Services,3.2,(148)
7742,Rapidtech IT Services,3.7,(148)
7743,Kantar Operations,4.0,(148)
7744,Sidwal Refrigeration Industries,4.2,(148)
7745,SHRI LAKSHMI STEEL SUPPLIERS,4.1,(148)
7746,BCITS,3.5,(148)
7747,Mistral Solutions,3.5,(148)
7748,JQR SPORTS,3.9,(148)
7749,Geo Designs And Research,3.6,(148)
7750,GoBoult,3.5,(148)
7751,Prestige Estates Projects,4.5,(148)
7752,PubMatic,3.4,(148)
7753,Dulux,4.2,(148)
7754,Gujarat State Petronet,4.0,(148)
7755,Surya Food & Agro Limited,3.0,(148)
7756,MDI NetworX,3.9,(148)
7757,Beekay Steel Industries,2.9,(148)
7758,W3Softech India,4.1,(148)
7759,Mehta Cad Cam Systems,3.9,(148)
7760,Unify Facility Management,4.3,(148)
7761,Sirca Paints India,4.1,(148)
7762,W3Softech India,4.1,(148)
7763,MDI NetworX,3.9,(148)
7764,Beekay Steel Industries,2.9,(148)
7765,Peoplelink Unified Communications,3.7,(148)
7766,Mehta Cad Cam Systems,3.9,(148)
7767,Fedora Solutions,3.2,(148)
7768,Asclepius Wellness,3.8,(148)
7769,Rotork Controls,3.3,(148)
7770,Karnataka Co-operative Milk Producers Federation,4.1,(148)
7771,Bottomline,3.3,(148)
7772,Enfusion,3.2,(148)
7773,Zurich Kotak General Insurance,3.0,(148)
7774,Luker Electric Technologies,3.8,(148)
7775,Stanvac Chemicals,2.9,(147)
7776,Etihad Airways,4.4,(147)
7777,First Step Babywear,4.1,(147)
7778,UTI Technology Services,3.0,(147)
7779,Machino Polymers,3.4,(147)
7780,Quality Evaluation And Systems Team,3.9,(147)
7781,Ajeet Seeds,3.6,(147)
7782,Eldeco Infrastructure & Properties,4.2,(147)
7783,Major Brands,3.9,(147)
7784,Solitaire World,4.2,(147)
7785,Peerless Biotech,4.4,(147)
7786,GKB RX Lens,4.0,(147)
7787,Aczet,3.0,(147)
7788,Alniche Life Sciences,3.5,(147)
7789,ApplyBoard,2.5,(147)
7790,Haqdarshak Empowerment Solutions,3.8,(147)
7791,Dr L H Hiranandani Hospital,3.6,(147)
7792,Cognifyz Technologies,4.0,(147)
7793,Teletext Holidays,3.5,(147)
7794,Factspan,3.3,(147)
7795,Rakshit Drugs,3.7,(147)
7796,SKS Ispat & Power,3.2,(147)
7797,CommVault,3.7,(147)
7798,Ansys Software Private Limited,4.0,(147)
7799,Bdh Industries,4.6,(147)
7800,Antraweb Technologies,3.7,(147)
7801,Haqdarshak Empowerment Solutions,3.8,(147)
7802,Ajeet Seeds,3.6,(147)
7803,ApplyBoard,2.5,(147)
7804,Ansys Software Private Limited,4.0,(147)
7805,Rakshit Drugs,3.7,(147)
7806,Eldeco Infrastructure & Properties,4.2,(147)
7807,Delta Technology,3.5,(147)
7808,Premsons Motor Udyog,3.5,(147)
7809,Ambience Group,3.6,(147)
7810,Bharuch Enviro Infrastructure,4.0,(147)
7811,Newtronic Lifecare Equipment,4.0,(147)
7812,SANY Group,3.7,(147)
7813,Trident Automobiles,4.6,(147)
7814,Schbang,2.9,(147)
7815,Ceipal,3.1,(147)
7816,Megha Gas,3.6,(147)
7817,Khatib & Alami,3.3,(147)
7818,L&T Power Transmission & Distribution,4.2,(147)
7819,Heranba Industries,3.7,(147)
7820,STJ Electronics,3.3,(147)
7821,Dealmoney Securities,2.9,(147)
7822,Primetals Technologies,4.0,(147)
7823,Bambino Pasta Food Industries,4.1,(147)
7824,Milacron,3.7,(147)
7825,National Oilwell Varco,3.9,(147)
7826,Zeco Aircon,4.1,(147)
7827,Quarks Technosoft,3.6,(147)
7828,CloudThat Technologies Private Limited,4.0,(147)
7829,Rockman Group,3.9,(147)
7830,CEC International,3.9,(146)
7831,Bando India,4.1,(146)
7832,Qualtech Consultants,3.6,(146)
7833,Chemveda Life Sciences,3.7,(146)
7834,Disposafe Health And Life Care,3.3,(146)
7835,Lumax Mannoh Allied Technologies,3.7,(146)
7836,Avon Cycles,3.8,(146)
7837,ETV Network,4.1,(146)
7838,Molbio Diagnostics,3.9,(146)
7839,LimeRoad,2.6,(146)
7840,ATS ELGI,4.1,(146)
7841,Nippon Toyota,3.6,(146)
7842,Ewac Alloys,4.1,(146)
7843,Bijak,3.5,(146)
7844,Chai Break,4.6,(146)
7845,JL Morison India,4.4,(146)
7846,A.t.e. Enterprises,4.0,(146)
7847,Smart Call Center Solutions,3.2,(146)
7848,Madras Medical Mission,4.2,(146)
7849,Kitex Garments,3.5,(146)
7850,Komatsu,3.7,(146)
7851,Jash Engineering,3.9,(146)
7852,Rina India,3.8,(146)
7853,GMP Technical Solutions,4.0,(146)
7854,Jio Payments Bank,3.6,(146)
7855,DOGUS SOMA JV,4.1,(146)
7856,Capital Finserve,4.4,(146)
7857,Spinks Softech,4.1,(146)
7858,ESIC Medical College and Hospital,3.7,(146)
7859,AAI Cargo Logistics and Allied Services Company,3.1,(146)
7860,ECE Industries,3.8,(146)
7861,Archidply Industries,3.6,(146)
7862,DOGUS SOMA JV,4.1,(146)
7863,NewAge Software & Solutions,3.8,(146)
7864,River Mobility,3.9,(146)
7865,Spinks Softech,4.1,(146)
7866,ATS ELGI,4.1,(146)
7867,Quinte Financial Technologies,3.7,(146)
7868,Codilar Technologies,4.0,(146)
7869,Revature,3.2,(146)
7870,ECE Industries,3.8,(146)
7871,Jindal Stainless Steelway,3.8,(146)
7872,Seeds Fincap,3.7,(146)
7873,AI Engineering Services,3.5,(146)
7874,Akshara Enterprises,3.3,(146)
7875,Aarthi Scans and Labs,3.4,(146)
7876,Maiva Pharma,3.8,(146)
7877,Adhunik Metaliks,3.4,(145)
7878,John Energy,3.9,(145)
7879,Tops Security,4.3,(145)
7880,Nuvento Systems,3.2,(145)
7881,Pramati Technologies,4.4,(145)
7882,Nutraj,3.6,(145)
7883,Q Connect Corp,3.5,(145)
7884,SkillCircle,4.0,(145)
7885,IVL Dhunseri Petrochem Industries,3.7,(145)
7886,DRN Infrastructure,3.2,(145)
7887,Alpha Corp,4.4,(145)
7888,Jodo,3.7,(145)
7889,Sitec Labs,4.1,(145)
7890,Eskag Pharma,3.0,(145)
7891,Mittsure Technologies,3.0,(145)
7892,Enrich Energy,4.1,(145)
7893,Arch Pharmalabs,3.8,(145)
7894,Omninos Solutions,4.2,(145)
7895,FarMart,3.9,(145)
7896,Dantal Hydraulics,4.2,(145)
7897,Ford Motor Credit Company,4.0,(145)
7898,Panoli Intermediates India,4.1,(145)
7899,V2soft,3.5,(145)
7900,Mahesh Edible Oil Industries,3.6,(145)
7901,Dantal Hydraulics,4.2,(145)
7902,Ford Motor Credit Company,4.0,(145)
7903,Panoli Intermediates India,4.1,(145)
7904,FarMart,3.9,(145)
7905,SkillCircle,4.0,(145)
7906,V2soft,3.5,(145)
7907,India Pistons,2.5,(145)
7908,Tarasafe International Private Limited,4.5,(145)
7909,Royal HaskoningDHV,4.4,(145)
7910,Tanla Platforms,3.0,(145)
7911,Jamia Hamdard University,3.9,(145)
7912,Institutional Shareholder Services,3.5,(145)
7913,TerraPay,3.3,(145)
7914,Core Diagnostics,3.8,(145)
7915,Interactive Brokers,3.2,(145)
7916,Enviro Infra Engineers,4.1,(145)
7917,CL Educate,3.6,(145)
7918,Pro1 Health Systems,3.4,(145)
7919,Yanfeng Automotive Interiors,3.8,(145)
7920,FANUC,3.2,(145)
7921,Aero Club-Woodland Store,3.3,(145)
7922,Axis Asset Management Company,3.7,(145)
7923,Neverskip,3.7,(145)
7924,Fulcrum Worldwide Software,4.3,(145)
7925,Sterling Auxiliaries,3.1,(145)
7926,Birla Fertility & IVF,3.9,(145)
7927,Byju's Future School,3.3,(145)
7928,Nayati Hospital,3.4,(144)
7929,yellow.ai,3.0,(145)
7930,Bhadra International,3.7,(144)
7931,Hegde & Hegde Pharmaceutica,3.9,(144)
7932,Moris Media,4.4,(144)
7933,Signity Software Solutions,4.5,(144)
7934,Reliance Group,4.1,(144)
7935,LRQA,3.4,(144)
7936,Perto,3.5,(144)
7937,Digi Clarity Global Solutions,4.1,(144)
7938,Toshiba Johnson Elevators,4.2,(144)
7939,Shipping Corporation of India,4.4,(144)
7940,Madhavbaug,3.9,(144)
7941,Livesalesman,4.8,(144)
7942,Loyal Textile Mills,3.7,(145)
7943,Girl Power Talk,4.6,(144)
7944,CBNITS,3.8,(144)
7945,B.L Agro Oils,3.9,(144)
7946,Cresce Technology Private Limited,4.0,(144)
7947,YFC PROJECTS,3.6,(144)
7948,HealthAsyst,3.9,(144)
7949,NCDEX,3.4,(144)
7950,Wellknown Polyesters,3.6,(144)
7951,Dream11,4.1,(144)
7952,iSource,2.9,(144)
7953,DLF Brands,3.7,(144)
7954,Merlin Group,3.7,(144)
7955,Shreeji Infrastructure,3.7,(144)
7956,Euronet Global Development Center,3.8,(144)
7957,Yeshshree Press Comps,3.6,(144)
7958,Birla Precision Technologies,3.4,(144)
7959,Curia,3.7,(144)
7960,India Retails & Hospitality,4.4,(144)
7961,Gesco Healthcare,3.7,(144)
7962,Xtelify,3.2,(144)
7963,Velammal Educational Trust,3.7,(144)
7964,Paramount Limited,3.5,(144)
7965,Kamlesh Kumar Singh Engineers,4.4,(144)
7966,GTN Engineering,4.1,(144)
7967,Printo Document Services,3.5,(144)
7968,Symbiosis International University,3.8,(144)
7969,Redisolve Software,2.7,(144)
7970,S S Enterprises,3.8,(144)
7971,Kalpataru International,4.0,(144)
7972,Vibatel Solutions,3.6,(144)
7973,The Oriental Insurance Co.,4.4,(143)
7974,KMC Constructions,4.5,(143)
7975,Nifco India,3.8,(143)
7976,Ideas 4 Transformation,3.0,(143)
7977,Nikhil Adhesives,3.9,(143)
7978,Surya Hospital,3.7,(143)
7979,Flynaut SaaS,3.1,(143)
7980,Pricol Engineering Industries,3.8,(143)
7981,The Oriental Insurance Co.,4.4,(143)
7982,Sunil Hitech Engineers,4.5,(143)
7983,Drake & Scull International PJSC,4.3,(143)
7984,Freudenberg Gala Household Product,4.0,(143)
7985,Deduce Technologies,3.3,(143)
7986,Jsw Infrastructure,4.2,(143)
7987,Shiksha.com,3.2,(143)
7988,Ideas 4 Transformation,3.0,(143)
7989,Nifco India,3.8,(143)
7990,Daicel Chiral Technologies,4.2,(143)
7991,Bijnis,3.7,(143)
7992,Sri Ramachandra University,4.3,(143)
7993,ERA's Lucknow Medical College & Hospital,3.7,(143)
7994,REC Power Development and Consultancy,4.1,(143)
7995,Nikhil Adhesives,3.9,(143)
7996,Flynaut SaaS,3.1,(143)
7997,Demech Chemical Products,4.4,(143)
7998,CSL Finance,3.7,(143)
7999,B New Mobiles,3.2,(143)
8000,Quadgen Wireless Solutions,3.8,(143)
8001,INVENTIVE SOFTWARE SOLUTIONS,3.8,(143)
8002,Actis Technologies,4.2,(143)
8003,OptiSol Business Solutions,3.8,(143)
8004,Rus Education,4.3,(143)
8005,NLMK India,3.6,(143)
8006,CSL Finance,3.7,(143)
8007,Ultimate Flexipack,3.7,(143)
8008,APL Logistics,3.6,(143)
8009,Aster Medcity,4.6,(143)
8010,Detox Group,3.8,(143)
8011,Adma Solutions,4.3,(143)
8012,Keywords Studios,2.4,(143)
8013,Ashida Electronics,3.9,(143)
8014,Raheja Universal,4.0,(143)
8015,Suntara Cosmetics,3.7,(143)
8016,Brady Corporation,4.1,(143)
8017,SurePrep,3.9,(143)
8018,Hyundai Steel,3.9,(143)
8019,Worldpay,4.1,(143)
8020,KG Invicta Services,3.1,(143)
8021,Ashida Electronics,3.9,(143)
8022,Adma Solutions,4.3,(143)
8023,Keywords Studios,2.4,(143)
8024,Alpha Net Consulting,4.6,(143)
8025,IDrive,3.7,(143)
8026,Agastya International Foundation,3.5,(143)
8027,MediaTek India Technology,3.6,(143)
8028,Prabha Automotive Engineers,3.8,(143)
8029,Areteans,3.5,(143)
8030,GIC Housing Finance,3.4,(143)
8031,Government of Delhi,4.4,(142)
8032,Frugal Testing,4.6,(142)
8033,Modern Insulators,3.9,(142)
8034,Winman Software,4.1,(142)
8035,SURYA INTERNATIONAL ENTERPRISE,3.9,(142)
8036,Q Tech Microelectronics India,3.6,(142)
8037,Sandvik Coromant,4.1,(142)
8038,IFortis Worldwide,3.8,(142)
8039,Planet PCI Infotech,3.7,(142)
8040,THERMAL SYSTEMS,3.7,(143)
8041,Bansal Hospital,4.0,(142)
8042,New India Co-Op Bank,3.1,(142)
8043,Super Bond Adhesives,4.3,(142)
8044,Cummins Sales and Service,4.1,(142)
8045,Wittur Elevator Components,3.6,(142)
8046,IIDE - The Digital School,4.0,(142)
8047,Aksh Optifibre,3.9,(142)
8048,Rigved Technologies,3.8,(142)
8049,Radixweb,3.4,(142)
8050,Nova IVF Fertility,3.6,(142)
8051,MTX Group,3.2,(142)
8052,ESRI India Technologies,3.6,(142)
8053,Maneesh Pharmaceuticals,3.9,(142)
8054,FICCI,3.5,(142)
8055,Future Market Insights,1.5,(142)
8056,MicroGenesis Techsoft,3.5,(142)
8057,Monotype,3.3,(142)
8058,LAKME ACADEMY,3.3,(142)
8059,IDA Automation,3.7,(142)
8060,Infrabeat Technologies,4.0,(142)
8061,IDA Automation,3.7,(142)
8062,Sofcon India Pvt Ltd,3.3,(142)
8063,ASA & Associates,3.5,(142)
8064,AL-SUWAIDI INDUSTRIAL SERVICES,3.5,(142)
8065,SAVE Solutions,4.0,(142)
8066,Academor,2.6,(142)
8067,Greytrix India Pvt Ltd,3.6,(142)
8068,Cogneesol,3.4,(142)
8069,builder.ai,2.8,(142)
8070,Freight Tiger,3.3,(142)
8071,International Crops Research Institute for the Semi-arid Tropics,3.8,(143)
8072,A. Menarini India,3.4,(142)
8073,Titan Biotech,3.5,(142)
8074,Repos Energy,3.7,(142)
8075,One Trust,3.0,(142)
8076,TD Power Systems,3.7,(142)
8077,Blue Jet Healthcare,3.8,(142)
8078,Valdel Engineers & Constructors,3.0,(142)
8079,Shankar Electricals,3.7,(142)
8080,Sungwoo Hitech,4.0,(142)
8081,One Trust,3.0,(142)
8082,WsCube Tech,4.9,(142)
8083,Nichino,3.5,(142)
8084,Blue Jet Healthcare,3.8,(142)
8085,BeBran Digital,4.5,(142)
8086,Progcap,3.9,(142)
8087,V-ensure Pharma Technologies,3.3,(142)
8088,Esyasoft,4.2,(142)
8089,Wishup,3.9,(142)
8090,Aditya Vision,3.8,(142)
8091,Cooper-Standard Automotive,4.2,(141)
8092,Napier Healthcare Solutions,2.5,(141)
8093,INDOASIAN,4.1,(141)
8094,Housr,4.3,(141)
8095,Vtc Tradewings,4.0,(141)
8096,Xtranet Technologies,3.4,(141)
8097,G7 CR Technologies,2.9,(141)
8098,Unique Measurement Service,4.4,(141)
8099,Nesma Trading,4.2,(141)
8100,Bhate & Raje Construction Co.,4.0,(142)
8101,Vtc Tradewings,4.0,(141)
8102,Unique Measurement Service,4.4,(141)
8103,Acme Solar Energy,4.4,(141)
8104,Cooper-Standard Automotive,4.2,(141)
8105,Bhate & Raje Construction Co.,4.0,(142)
8106,WWICS Group,3.3,(141)
8107,Nesma Trading,4.2,(141)
8108,Moving Picture Company,3.7,(141)
8109,Lloyd Electric & Engineering,3.7,(141)
8110,INDOASIAN,4.1,(141)
8111,Indian School Finance Company,4.6,(141)
8112,Housr,4.3,(141)
8113,Yasho Industries Limited,3.7,(141)
8114,Chiripal Group,4.0,(141)
8115,BASIX Academy for Building Lifelong Employability,4.0,(141)
8116,Technofab Engineering,4.3,(141)
8117,SOGEFI,3.4,(141)
8118,Saint-Gobain Abrasives,3.5,(141)
8119,Weir Minerals,4.1,(141)
8120,Malpani Group,4.1,(141)
8121,Smiths Detection,3.6,(141)
8122,TML Business Services,3.8,(141)
8123,Acme Solar Energy,4.4,(141)
8124,Deutsche Telekom,3.3,(141)
8125,Ntrust Infotech,3.4,(141)
8126,Star Paper Mills,3.8,(141)
8127,HM Constructions,4.6,(141)
8128,WebFurther,3.2,(141)
8129,MoEngage,3.5,(141)
8130,Smile Foundation,4.0,(141)
8131,Mapro Foods,3.3,(141)
8132,Tag Worldwide,3.3,(141)
8133,Palo Alto Networks,3.6,(141)
8134,TTEC Digital,3.7,(141)
8135,Servify,3.7,(141)
8136,ZoomRx,2.7,(141)
8137,Gits Food Products,4.0,(141)
8138,New Swan Multitech,3.8,(141)
8139,Gedu Services Private Limited,3.5,(141)
8140,Mobineers Info Systems,4.1,(141)
8141,Servify,3.7,(141)
8142,Mobineers Info Systems,4.1,(141)
8143,POSCO,4.0,(141)
8144,MoEngage,3.5,(141)
8145,Drums Food International,4.6,(141)
8146,Krishna Penstone Automotive,3.9,(141)
8147,Forbes Facility Services,4.2,(141)
8148,MassMutual,3.7,(141)
8149,V-Soft Consulting,3.0,(141)
8150,Indus Cosmeceuticals,4.2,(140)
8151,HMT Machine Tools,4.0,(140)
8152,ChicMic,4.1,(140)
8153,IIT Kanpur,3.9,(140)
8154,Amalgamated Plantations,3.7,(140)
8155,YCH Logistics,3.8,(140)
8156,Viney Corporation,3.8,(140)
8157,Gemini Consulting & Services,3.6,(140)
8158,vConstruct,3.7,(140)
8159,Testhouse,4.1,(140)
8160,Facilities And Building Solutions,3.7,(140)
8161,Bangalore Electricity Supply Company,3.7,(140)
8162,Banaras Hindu University,4.7,(140)
8163,Zaggle Prepaid Ocean Services,3.0,(140)
8164,Inadev,3.2,(140)
8165,Omega Hospitals,4.0,(140)
8166,Global Consumer Products,4.3,(140)
8167,Centurion University of Technology and Management,3.3,(140)
8168,94.3 MY FM,3.5,(141)
8169,Sakthi Finance,3.8,(140)
8170,Gapbridge Software Services,3.2,(140)
8171,Preet Group,3.8,(140)
8172,Abu Dhabi Commercial Bank,3.4,(140)
8173,Ascend Telecom Infrastructure,4.2,(140)
8174,DigiLantern,3.4,(140)
8175,Proziod Analytics,3.5,(140)
8176,INDIAN DESIGNS,3.9,(140)
8177,Hubert Enviro Care Systems,3.0,(140)
8178,Marwadi Shares & Finance,4.3,(140)
8179,Luna Technologies Private Liimited,2.8,(140)
8180,Web Synergies,3.0,(140)
8181,Hubert Enviro Care Systems,3.0,(140)
8182,Marwadi Shares & Finance,4.3,(140)
8183,Skillinabox,4.2,(140)
8184,Orion Security Solutions,2.8,(140)
8185,Sushima Pharmaceuticals,3.7,(140)
8186,AlgoLeap Technologies,4.2,(140)
8187,mPHATEK Systems,3.3,(140)
8188,K.R.Pulp & Papers,3.2,(140)
8189,Vigour Mobile,3.6,(140)
8190,ClinicAnywhere,3.2,(140)
8191,Dana TM4,4.0,(140)
8192,3 Gen Consulting,3.0,(140)
8193,iQGateway,4.5,(140)
8194,Shipsy,4.0,(140)
8195,R.K. Group,3.3,(140)
8196,The Judge Group,3.3,(140)
8197,Zenith Leisure Holidays,3.4,(140)
8198,Crif High Mark Credit Information Services,2.8,(140)
8199,DNV,4.0,(140)
8200,HealthAssure,3.3,(140)
8201,Deoleo,4.2,(140)
8202,Brand Factory,4.7,(139)
8203,DigiVersal Consultants,3.1,(139)
8204,Lycatel BPO,2.6,(139)
8205,Phreesia,2.5,(139)
8206,Manav Rachna International School,3.6,(139)
8207,Novopay Solutions,3.0,(139)
8208,EZ Works,3.8,(139)
8209,Mas Rural Housing Mortgage Finance,4.2,(139)
8210,Shyplite,3.8,(139)
8211,Saudi Oger,4.5,(139)
8212,Overnite Express,3.8,(139)
8213,Amec Foster Wheeler,3.9,(139)
8214,COMSTAR AUTOMOTIVE TECHNOLOGIES,3.8,(139)
8215,Chemie Tech,3.5,(139)
8216,Real Ispat & Power,3.6,(139)
8217,CG Corp Global,3.0,(139)
8218,Robt Stone (ME) LLC,2.7,(139)
8219,KLES Dr. Prabhakar Kore Hospital & M.R.C,3.6,(139)
8220,Airef Engineers,3.8,(139)
8221,Aravind Eye Hospital,4.2,(139)
8222,Blackstone Center of Excellence,2.6,(139)
8223,Saifee Hospital,3.2,(139)
8224,Obbserv Online Services,4.6,(139)
8225,IMS Learning Resources,3.8,(139)
8226,Yamaha Motors Solutions,3.0,(139)
8227,Vista Furnishing Limited,4.1,(139)
8228,EIH,3.8,(139)
8229,Century Real Estate,3.7,(139)
8230,Lakshmikumaran & Sridharan,3.5,(139)
8231,Emtec,4.4,(139)
8232,The Hackett Group,3.2,(139)
8233,Walko Qsr Company,3.8,(139)
8234,Cachet Pharmaceuticals,3.8,(139)
8235,Ocean Life Spaces,3.5,(139)
8236,Urjanet Energy Solutions,3.9,(139)
8237,Affiliated Computer Services,3.6,(139)
8238,Korn Ferry,3.0,(140)
8239,Maple Digital Technology,3.2,(139)
8240,Decision Point,3.3,(139)
8241,Piramal Group,4.0,(139)
8242,Enkei Wheels India,3.6,(139)
8243,HPI Limited,3.7,(139)
8244,Propelld,3.6,(139)
8245,Valmont Structures,3.2,(139)
8246,Comnet Solutions,3.5,(139)
8247,Xoxoday,3.8,(139)
8248,Megha Fruit Processing,3.7,(139)
8249,Mizuho Bank,3.1,(139)
8250,Pennant Technologies,3.9,(139)
8251,Nectar Infotel Solutions,2.9,(139)
8252,Besmak Components,3.9,(139)
8253,APEEJAY EDUCATION SOCIETY,3.0,(139)
8254,Genus Innovation,3.5,(139)
8255,SPARX IT Solutions,3.4,(139)
8256,Chalo,3.6,(139)
8257,42Gears Mobility Systems,3.9,(139)
8258,Accumax,3.9,(139)
8259,Spectra Technovision India,3.3,(139)
8260,Strata Geosystems,3.8,(139)
8261,Elancer It Solutions,3.1,(139)
8262,Altos Global Services,3.7,(139)
8263,Vertex Homes,3.1,(139)
8264,Pride Purple Group,4.0,(139)
8265,VaaaN Infra,3.2,(138)
8266,Rural Electrification Corporation,3.7,(138)
8267,Jaypee Infratech,3.9,(138)
8268,Trn Energy,3.4,(138)
8269,Autobahn Trucking Corporation,4.2,(138)
8270,Tcg Digital Solutions,3.3,(138)
8271,Trell,3.0,(138)
8272,Vikram Sarabhai Space Centre,4.4,(138)
8273,Birla Century,4.1,(138)
8274,Neo Metaliks,3.5,(138)
8275,Hindustan Shipyard,4.1,(138)
8276,Fabtech Technologies International,3.6,(138)
8277,Aditya Birla SunLife Asset Management Company,3.8,(138)
8278,Biodeal Pharmaceuticals Limited,4.1,(138)
8279,Fia Technology Services,3.5,(138)
8280,ParamInfo,3.0,(138)
8281,Perceptive,3.5,(138)
8282,HealthSpring,2.8,(138)
8283,Axles India,3.3,(138)
8284,Jupiter Money,2.3,(138)
8285,Cherise India,3.7,(138)
8286,Maintec Technologies,3.7,(138)
8287,Central Academy School,3.5,(138)
8288,Nucsoft,2.7,(138)
8289,Alliance Group,4.0,(138)
8290,Herman Miller,4.2,(138)
8291,Difacto Robotics and Automation,3.8,(138)
8292,Mallcom,3.9,(138)
8293,Sterling Accuris Wellness,4.1,(138)
8294,Oman National Engineering & Investment Company,4.0,(138)
8295,Visit Health,3.1,(138)
8296,Nesto Hypermarket,3.7,(138)
8297,EDUGORILLA COMMUNITY,3.3,(138)
8298,WebMD,3.3,(138)
8299,Adani Road Transport,4.4,(138)
8300,GlobeGround India,3.6,(138)
8301,DMI DRAEXLMAIER MANUFACTURING,3.7,(138)
8302,SDNA Global,4.0,(138)
8303,Futuresoft Solutions,3.1,(138)
8304,Duroply Industries,3.8,(138)
8305,GEEBEE Education,3.4,(138)
8306,Octillion Power Systems,4.1,(138)
8307,Sovereign Pharma,3.9,(138)
8308,Remsons Industries,3.8,(138)
8309,Sagacious IP,3.3,(138)
8310,Prefr,3.6,(138)
8311,Sun Life Global Solutions,3.8,(138)
8312,Abs Fujitsu General,3.8,(138)
8313,Spocto X,3.4,(138)
8314,Serdia Pharmaceuticals,3.7,(137)
8315,Glocal Healthcare Systems,3.3,(137)
8316,Modern Foods,3.7,(137)
8317,Dinesh Engineers,3.9,(137)
8318,Winkies,3.9,(137)
8319,Sunshine Hospitals,4.1,(137)
8320,Panda Retail Company,4.3,(137)
8321,Jai Raj Ispat,3.6,(137)
8322,Rinac India Limited,3.9,(137)
8323,Daimler,3.7,(137)
8324,Smile Electronics,3.6,(137)
8325,Prothious Engineering Services,2.8,(137)
8326,Shahnaz Husain Group Of Companies,3.2,(137)
8327,Oman Shapoorji Llc,3.5,(137)
8328,Jolly Containers,3.7,(137)
8329,Sarita Handa Exports,3.5,(137)
8330,Digicommerce Solutions LLP,4.6,(137)
8331,Csc Computer Education,4.5,(137)
8332,QUTONE CERAMIC,3.6,(137)
8333,Modern Foods,3.7,(137)
8334,HL Klemove,3.3,(137)
8335,DWD Pharmaceuticals,3.3,(137)
8336,Times Network,3.1,(137)
8337,Axis Clinicals,4.1,(137)
8338,Ashland,4.1,(137)
8339,Yahoo,4.3,(137)
8340,NJ Group,3.5,(137)
8341,Sarita Handa Exports,3.5,(137)
8342,V.Ships,4.0,(137)
8343,Protiviti Consulting,2.9,(137)
8344,Solulab inc,3.2,(137)
8345,TalentOla,3.3,(137)
8346,HireRight,3.4,(137)
8347,Mangalam Information Technolgies,3.3,(137)
8348,ISKCON,3.6,(137)
8349,Idea Infinity IT Solutions,3.0,(137)
8350,Just Dogs,3.4,(137)
8351,FACE Prep,3.8,(137)
8352,Ramdev Food Products,4.5,(137)
8353,AIDA Cruises,3.5,(137)
8354,Transformers & Rectifiers (India),4.1,(137)
8355,Sinclus Engineering Consulting,4.1,(137)
8356,Omega Elevators,3.8,(137)
8357,SFS Group,3.8,(137)
8358,Sumitomo Mitsui Banking Corporation,2.7,(137)
8359,Viztar International,3.4,(137)
8360,Cascade Revenue Management,3.3,(137)
8361,Jss Pro Services,3.9,(137)
8362,A.P.Securitas,4.1,(137)
8363,TalentOla,3.3,(137)
8364,Solulab inc,3.2,(137)
8365,PhableCare,2.8,(136)
8366,Norwegian Cruise Line,4.2,(136)
8367,Arbro Pharmaceuticals,3.8,(136)
8368,Orris Infrastructure,4.1,(136)
8369,Farida Group,3.8,(136)
8370,Thinkapps Solutions,3.5,(136)
8371,Bansal Classes,3.3,(136)
8372,B. E. Billimoria,3.9,(136)
8373,Electrostar Electronics,4.0,(136)
8374,Shilpa Steel and Power,3.3,(136)
8375,Rungta Sons,4.1,(136)
8376,Fipola Retail,3.7,(136)
8377,Andhra Pradesh Grama/Ward Sachivalayam,4.1,(136)
8378,Manpasand Beverages,3.8,(136)
8379,Digital Nirvana Information Systems,3.6,(136)
8380,Allzone Management Solutions,4.0,(136)
8381,Orris Infrastructure,4.1,(136)
8382,Signals & Systems (India) Private Limited,3.8,(136)
8383,Hitachi Automotive Systems,4.2,(136)
8384,Electrostar Electronics,4.0,(136)
8385,B. E. Billimoria,3.9,(136)
8386,Andhra Pradesh Grama/Ward Sachivalayam,4.1,(136)
8387,Rungta Sons,4.1,(136)
8388,Fipola Retail,3.7,(136)
8389,UTI Mutual Fund,3.7,(136)
8390,Boyen Haddin,3.4,(136)
8391,ClinChoice,3.8,(136)
8392,EGDK,3.7,(136)
8393,Cococart Ventures,3.5,(136)
8394,Kruger Ventilation Industries,3.6,(136)
8395,Fixderma,3.6,(136)
8396,FIL Industries,3.2,(136)
8397,Insurance Company,4.1,(136)
8398,Tokai Rika Minda,3.6,(136)
8399,Svarn Infratel,3.5,(136)
8400,MGM Healthcare,3.9,(136)
8401,Pravin Electricals,4.0,(136)
8402,Multi Mantech International,2.3,(136)
8403,Rieco Industries,3.1,(136)
8404,Anjan Drug,3.2,(136)
8405,Insurance Company,4.1,(136)
8406,Marquis Technologies,3.2,(136)
8407,Linamar,3.7,(136)
8408,RELX Group,3.5,(136)
8409,EasyRewardz Software Services,2.8,(136)
8410,Svarn Infratel,3.5,(136)
8411,FundsIndia,3.0,(136)
8412,MGM Healthcare,3.9,(136)
8413,Tokai Rika Minda,3.6,(136)
8414,Apex Kidney Care,3.8,(136)
8415,HP ADHESIVES,3.9,(136)
8416,Anand Engineering Products,3.1,(136)
8417,Sourcedesk,4.1,(136)
8418,The West Coast Paper Mills,3.5,(135)
8419,Lectrix Ev,3.6,(135)
8420,Jayabheri Automotives,3.9,(135)
8421,Electronics for Imaging,3.9,(135)
8422,Mochiko Shoes,3.6,(135)
8423,Kiran Motors,3.5,(135)
8424,Glen Appliances,4.1,(135)
8425,MeritTrac,3.7,(135)
8426,Speciality Restaurants,4.0,(135)
8427,Oxalis Pharmaceuticals,3.8,(135)
8428,Marino Food Products,3.9,(135)
8429,Vandhana International,3.6,(135)
8430,RAMADA PLAZA,4.1,(135)
8431,Lloyds Engineering Works Limited,4.1,(135)
8432,Sangam Dairy,4.2,(135)
8433,Rockwell Industries,3.6,(135)
8434,Pyro Group,3.5,(135)
8435,Vkc Nuts,,
8436,FabAlley,3.9,(135)
8437,KWALITY DAIRY (INDIA),3.9,(135)
8438,Mutual Industries,3.2,(135)
8439,Dangote Industries,4.2,(135)
8440,Hemani Industries,3.7,(135)
8441,SAG Infotech,3.4,(135)
8442,Institute of Chemical Technology,4.1,(135)
8443,Shalimar Group,4.0,(135)
8444,Stemmons Business Services,4.1,(135)
8445,Harley-Davidson,3.5,(135)
8446,Tata Trusts,4.3,(135)
8447,CASHe,3.3,(135)
8448,Dunkin' Donuts,3.7,(135)
8449,Bristol Healthcare Services,3.1,(135)
8450,Ashok Iron Group,3.6,(135)
8451,GlowTouch Technologies,3.0,(135)
8452,Infotech,4.4,(135)
8453,Qbss,3.8,(135)
8454,Gigmo Solutions,3.6,(135)
8455,Kalyaniwalla & Mistry,3.4,(135)
8456,Quatrro Mortgage Solutions,3.1,(135)
8457,Supreme Petrochem,3.8,(135)
8458,Calling 24o7 Bpo Services,3.8,(135)
8459,Xihi Technology,3.5,(135)
8460,Mantle Solutions,3.2,(135)
8461,Fragma Data Systems,3.9,(135)
8462,Homeocare International,3.5,(135)
8463,Ind Synergy,3.9,(135)
8464,Rare Rabbit,3.6,(135)
8465,Yulu Bikes,4.0,(135)
8466,Dachser,3.8,(135)
8467,Gammastack,3.0,(135)
8468,Hicool Electronic Industries,3.9,(135)
8469,MAJID AL FUTTAIM RETAIL,3.1,(135)
8470,Pratiti Technologies,3.3,(135)
8471,Reynold India,4.6,(135)
8472,Unique Infra Engineering India Private Limited,3.0,(135)
8473,Datwyler Group,3.9,(135)
8474,Star Estate,4.1,(135)
8475,Eris Therapeutics,3.7,(135)
8476,Eptisa,3.5,(135)
8477,Mytrah Energy,4.2,(134)
8478,Growisto,4.2,(134)
8479,Century Rayon,3.9,(134)
8480,Oriental Consultants India Pvt Ltd,3.9,(134)
8481,Presidium School,3.6,(134)
8482,Facile Services,2.7,(134)
8483,Mytrah Energy,4.2,(134)
8484,Growisto,4.2,(134)
8485,Urbanpro,3.6,(134)
8486,Benteler Automotive,4.2,(134)
8487,Century Rayon,3.9,(134)
8488,Oriental Consultants India Pvt Ltd,3.9,(134)
8489,Ebix Smartclass Educational Services,4.0,(134)
8490,Chemspec Chemicals,3.6,(134)
8491,Prabha Industries,4.0,(134)
8492,Aryan International,3.3,(134)
8493,PrimeXBT,4.6,(134)
8494,D Light Energy,3.6,(134)
8495,Kimia Biosciences Limited,3.6,(134)
8496,J. M. Mhatre Infra,4.0,(134)
8497,Telegence Powercomm,3.4,(134)
8498,Vikram Tea,4.3,(134)
8499,Vishakha Glass,4.0,(134)
8500,Juego Studios,4.1,(134)
8501,GLOBALFOUNDRIES,3.2,(134)
8502,C2L BIZ,3.1,(134)
8503,Ace Creative Learning,3.8,(134)
8504,Unified Infotech,4.2,(134)
8505,Moolya Software Testing,3.3,(134)
8506,Express KCS,3.5,(134)
8507,Unislink,3.2,(134)
8508,Monotech Systems,3.5,(134)
8509,John Distilleries,3.8,(134)
8510,Appy Pie,3.7,(134)
8511,ATPI,3.8,(134)
8512,THDC,4.1,(134)
8513,Wings Pharmaceuticals,3.2,(134)
8514,Eastman Cast & Forge,3.1,(134)
8515,Indian Potash,3.6,(134)
8516,Xerago,3.0,(134)
8517,IPAC,3.2,(134)
8518,Intact Green Services,3.4,(134)
8519,Sanzyme,3.7,(134)
8520,Appcino Technologies,3.4,(134)
8521,Intact Green Services,3.4,(134)
8522,Keya Foods International Private Limited,4.1,(134)
8523,THDC,4.1,(134)
8524,Wings Pharmaceuticals,3.2,(134)
8525,Continental Coffee,4.1,(134)
8526,Sanathan Textiles,4.1,(134)
8527,ATPI,3.8,(134)
8528,BNB Groupe,3.2,(134)
8529,Crimsoune Club,3.7,(134)
8530,PSG Hospitals,4.0,(134)
8531,Nuvama Wealth Management,3.5,(134)
8532,Hansa Research Group,3.8,(134)
8533,Ampcus Tech,4.0,(134)
8534,Beyondriffs,4.6,(133)
8535,MindSquare Technologies,4.5,(133)
8536,Garuda Aerospace,3.3,(133)
8537,DSM,3.9,(133)
8538,Aqua Group,4.1,(133)
8539,Supriya Lifescience,3.6,(133)
8540,Planet EDU,3.3,(133)
8541,Beyondriffs,4.6,(133)
8542,Uttar Pradesh Jal Nigam,4.0,(133)
8543,FNF India,3.9,(133)
8544,Indo-Tibetan Border Police,4.6,(133)
8545,Infinity Fincorp Solutions,4.3,(134)
8546,Medgulf Construction Company,3.3,(133)
8547,Garuda Aerospace,3.3,(133)
8548,ToXSL Technologies,3.9,(133)
8549,Aqua Group,4.1,(133)
8550,Dietech India,4.1,(133)
8551,Ata Freight Line,3.3,(133)
8552,Noble Hospital,3.8,(133)
8553,Fertilisers and Chemicals Travancore,4.2,(133)
8554,Distacart,4.6,(133)
8555,Accountant Anywhere Services,4.2,(133)
8556,Sarda Metals & Alloys,4.1,(133)
8557,Applied Cloud Computing,2.3,(133)
8558,LNJ Bhilwara Group,3.6,(133)
8559,Perennial Systems,4.2,(133)
8560,Securonix,2.6,(133)
8561,Fertilisers and Chemicals Travancore,4.2,(133)
8562,Sarda Metals & Alloys,4.1,(133)
8563,Noble Hospital,3.8,(133)
8564,Accountant Anywhere Services,4.2,(133)
8565,Almonds Ai,4.3,(133)
8566,LNJ Bhilwara Group,3.6,(133)
8567,SBM Offshore,4.4,(133)
8568,Multitex Filtration Engineers,3.6,(133)
8569,Maharashtra Rail Infrastructure Development Corporation,3.7,(133)
8570,Devgiri Forgings,3.6,(133)
8571,Foxlink India Electric,3.7,(133)
8572,Kusalava International,3.7,(133)
8573,Njs Engineers India,4.0,(133)
8574,OVT India,3.4,(133)
8575,Syncom Formulations India,3.1,(133)
8576,ADM India,4.1,(133)
8577,Adamas University,2.8,(133)
8578,Ascentrik Research Services,1.8,(133)
8579,The George Telegraph Training Institute,2.9,(133)
8580,Aurore Life Sciences,3.1,(133)
8581,ADM India,4.1,(133)
8582,The George Telegraph Training Institute,2.9,(133)
8583,Global Market Insights,3.2,(133)
8584,Fiverr Inc.,4.4,(133)
8585,Adamas University,2.8,(133)
8586,Ascentrik Research Services,1.8,(133)
8587,Rashi Peripherals,3.6,(133)
8588,Narayana Superspeciality Hospital,4.0,(133)
8589,SVP Hospital,4.1,(133)
8590,Global FPO,3.6,(133)
8591,Dr. Rela Institute & Medical Centre,4.2,(133)
8592,Total Shipping & Logistics,2.9,(133)
8593,Bigshare Services,2.7,(133)
8594,Refex Industries,3.7,(133)
8595,Sureworks Infotech Pvt. Ltd.,4.4,(133)
8596,ITL Industries,3.7,(133)
8597,Idom,4.1,(133)
8598,Synthimed Labs,3.6,(133)
8599,Hawa Valves,3.1,(132)
8600,Mangalam Drugs & Organics,3.6,(132)
8601,ALOIS Solutions,3.7,(132)
8602,Siemens Industry Software (India),4.2,(132)
8603,Lineomatic Industries Pvt. Ltd.,3.7,(132)
8604,Apeejay Surrendra Group,3.6,(132)
8605,Hawa Valves,3.1,(132)
8606,Nethues Technologies,3.2,(132)
8607,Nxtgen Datacenter Cloud Technologies,3.2,(132)
8608,Mangalam Drugs & Organics,3.6,(132)
8609,TetraSoft,3.7,(132)
8610,Eduquity Career Technologies,3.2,(132)
8611,GreenTree Immigration,4.6,(132)
8612,Nestor Pharmaceuticals,2.8,(132)
8613,Viveks,3.9,(132)
8614,PCS-Global,3.6,(132)
8615,P2G Mobilty Tech,4.3,(132)
8616,Gillette,4.3,(132)
8617,CamelQ Software Solutions,4.0,(132)
8618,Snovasys,4.5,(132)
8619,HashCash Consultants,3.6,(132)
8620,Connect India E Commerce Services,2.7,(132)
8621,Nethues Technologies,3.2,(132)
8622,Eduquity Career Technologies,3.2,(132)
8623,Viveks,3.9,(132)
8624,TetraSoft,3.7,(132)
8625,GreenTree Immigration,4.6,(132)
8626,Bar Code India,3.5,(132)
8627,PlasmaGen Biosciences,3.6,(132)
8628,Competent Automobiles,4.0,(132)
8629,R-pac,3.3,(132)
8630,Medanta S.N. Superspecialty Hospital,4.0,(132)
8631,CORNITOS,4.2,(132)
8632,TechNova Imaging Systems,4.0,(132)
8633,Emrill Services LLC,4.1,(132)
8634,Paradigm Realty,4.0,(132)
8635,Elite Powertech,4.0,(132)
8636,Rollick Ice Cream,4.0,(132)
8637,Spykar Lifestyles,4.0,(132)
8638,Aza Fashions,3.7,(132)
8639,Secure Network Solutions,4.3,(132)
8640,Equinix,3.2,(132)
8641,GadgEon,4.0,(132)
8642,Idfy,3.1,(132)
8643,Emrill Services LLC,4.1,(132)
8644,Aza Fashions,3.7,(132)
8645,Rollick Ice Cream,4.0,(132)
8646,Elite Powertech,4.0,(132)
8647,Ethos,3.0,(132)
8648,Argl,4.0,(132)
8649,Hailstone Innovations,4.1,(132)
8650,Global Cloud Xchange,3.3,(131)
8651,Metalman Microturners,3.8,(131)
8652,Envision Overseas Education Consultants,4.0,(131)
8653,Ardom Towergen,3.8,(131)
8654,Ruban Memorial Hospital,3.7,(131)
8655,Mitel,3.6,(131)
8656,Outlier,3.9,(131)
8657,Vhb Medi Sciences,3.2,(131)
8658,Openview Technologies,3.4,(131)
8659,Intelegencia,3.3,(131)
8660,Sai Construction,3.6,(131)
8661,31 Parallel,1.9,(131)
8662,Antal International,3.5,(131)
8663,Volansys Technologies,3.0,(131)
8664,Choice International,3.4,(131)
8665,cloudEQ,3.4,(131)
8666,Al Fara'a Group,3.1,(131)
8667,Basix,4.5,(131)
8668,Abacus Staffing & Services,3.1,(131)
8669,ECS | Enterprise Change Specialists,4.3,(131)
8670,Tirupati Life Sciences,4.2,(131)
8671,Camp K-12,3.3,(131)
8672,BuyMore,4.1,(131)
8673,A.K.AUTOMATICS,3.9,(131)
8674,Maharashtra Natural GAS,3.1,(131)
8675,Gulshan Homz,4.0,(131)
8676,M3bi,4.1,(131)
8677,Eaton Industrial Systems,4.3,(131)
8678,PPS International,3.8,(131)
8679,OCS Services,4.4,(131)
8680,Globsyn Business School,4.4,(131)
8681,Antal International,3.5,(131)
8682,HyTech Professionals,3.2,(131)
8683,Volansys Technologies,3.0,(131)
8684,Inspace Technologies,3.8,(131)
8685,Tranistics Data Technologies,3.4,(131)
8686,Fairmont Hotels & Resorts,3.8,(131)
8687,Paras Buildtech,3.6,(131)
8688,Aries Agro,4.2,(131)
8689,AVON TUBETECH,3.4,(131)
8690,Ptc Industries,3.6,(131)
8691,Lion Services,3.7,(131)
8692,Dsm Shared Services India,4.0,(131)
8693,Hager Electro,3.3,(131)
8694,Civet Projects,4.1,(131)
8695,FirstMeridian Business Services,3.6,(131)
8696,Baker Gauges,3.5,(131)
8697,Paramount Products,4.2,(131)
8698,Tema India,4.1,(131)
8699,SMARTe,3.7,(131)
8700,Footprints Play School,3.2,(131)
8701,Amol Pharmaceuticals,4.0,(131)
8702,Paramount Products,4.2,(131)
8703,Tema India,4.1,(131)
8704,Hitachi Solutions,3.8,(131)
8705,Vkl Seasoning,3.9,(131)
8706,S K Samanta & Co,3.4,(131)
8707,Spardha School of Music,4.3,(131)
8708,Internship Studio,4.1,(131)
8709,Central ParK,4.1,(131)
8710,Civet Projects,4.1,(131)
8711,Ptc Industries,3.6,(131)
8712,Shree Malani Foams,3.8,(131)
8713,International Institute of SDG's and Public Policy Research,4.7,(131)
8714,Mahathi Infra Services,3.7,(131)
8715,Life Care Logistic,3.3,(131)
8716,Ferromatik Milacron,3.5,(130)
8717,Ajnara India,3.5,(130)
8718,TalentSprint,4.0,(130)
8719,BMA Wealth Creators,4.4,(130)
8720,Arrivae,3.3,(130)
8721,Flyweis Technology,4.2,(130)
8722,Mac Chem Products,2.9,(130)
8723,TAM Media Research,3.0,(130)
8724,Rajagiri Hospital,4.2,(130)
8725,Zieta Technologies,3.3,(130)
8726,TYPSA,3.3,(131)
8727,Defsys Solutions,3.9,(130)
8728,Shri Ram Murti Smarak Institute of Medical Sciences,3.6,(130)
8729,Numbertree LLP,3.3,(130)
8730,SATTRIX Information Security,2.8,(130)
8731,Seoyon E-HWA Summit,3.2,(130)
8732,RPG Group,3.5,(130)
8733,Nucot,4.6,(130)
8734,Dayanand Medical College & Hospital,3.7,(130)
8735,Paharpur 3P,4.2,(130)
8736,D2K Technologies India,2.6,(130)
8737,Techavera Solutions,4.2,(130)
8738,ImagicaaWorld Entertainment Limited,3.5,(130)
8739,IG Infotech India,2.9,(130)
8740,Riello Power India,3.8,(130)
8741,Same Deutz-fahr,3.7,(130)
8742,Press Fit Pipe And Profile,4.1,(130)
8743,Saya homes,4.0,(130)
8744,Doehler,3.6,(130)
8745,ANY Graphics,3.8,(130)
8746,Oorja Technical Services,3.9,(130)
8747,Cxc Infotech,3.1,(130)
8748,Choice Solutions (India),3.6,(130)
8749,Nians,3.9,(130)
8750,Mindrill Systems Solutions,3.5,(130)
8751,Hungama,3.2,(130)
8752,I.T. Solutions India Private Limited,3.5,(130)
8753,Naresh Kumar & Co.,4.2,(130)
8754,Swarovski India,4.1,(130)
8755,Rahman Industries,3.7,(130)
8756,Hitachi MGRM Net,3.3,(130)
8757,Comau,3.3,(130)
8758,Eximietas Design,4.1,(130)
8759,Dasnac,4.5,(130)
8760,GoApptiv,4.1,(130)
8761,Eco Protection Engineers,4.2,(130)
8762,Eye7 Chaudhary Eye Centre,2.9,(130)
8763,Snowcem Paints,4.3,(130)
8764,eNTrust Software & Services,3.5,(130)
8765,Scott Edil Pharmacia,3.5,(130)
8766,Tata Motors Insurance Broking And Advisory Services,3.7,(130)
8767,Astro Arun Pandit,3.7,(130)
8768,CDYMAX,3.3,(130)
8769,Koso India,4.1,(130)
8770,SA Technologies,3.0,(130)
8771,PATH India,4.1,(130)
8772,Coloplast,3.4,(130)
8773,Grew Energy,4.1,(130)
8774,Sids Farm,3.1,(130)
8775,Valtech India Systems,3.8,(130)
8776,StayVista,4.4,(130)
8777,Synergy Systems & Solutions,3.9,(130)
8778,Earlyjobs,4.8,(130)
8779,KSK Mahanadi Power Company,3.9,(129)
8780,A2z Infra Engineering,3.7,(129)
8781,Veena Developers,4.1,(129)
8782,Foodhub,3.5,(129)
8783,Packt Publishing,3.0,(129)
8784,Integrated Cleanroom Technologies,4.0,(129)
8785,NETPLUS Broadband Services,3.7,(129)
8786,SAN Engineering & Locomotive,3.8,(129)
8787,AutomationEdge,2.8,(129)
8788,Doosan Bobcat India,3.8,(129)
8789,Anik Milk Products,3.6,(129)
8790,MotivityLabs,3.1,(129)
8791,Mahalakshmi Profiles Private Limited,3.6,(129)
8792,ZestMoney,4.0,(129)
8793,Gamma Process Hub,3.7,(129)
8794,Forace Polymers,3.3,(129)
8795,Desnor Destination,4.3,(129)
8796,CNS Comnet,4.1,(129)
8797,Valu Connex Telecom Services Private,4.4,(129)
8798,Ageis,3.7,(129)
8799,Gainsight,4.0,(129)
8800,Maire Tecnimont,4.1,(129)
8801,Manali Petrochemicals,3.4,(129)
8802,Packt Publishing,3.0,(129)
8803,Bansal Group,3.5,(129)
8804,SAN Engineering & Locomotive,3.8,(129)
8805,Risebird Talent Solutions,3.8,(129)
8806,Holcim Global Hub Business Services,4.2,(129)
8807,Doosan Bobcat India,3.8,(129)
8808,AutomationEdge,2.8,(129)
8809,Anik Milk Products,3.6,(129)
8810,Mahalakshmi Profiles Private Limited,3.6,(129)
8811,MotivityLabs,3.1,(129)
8812,Sical Logistics,4.0,(129)
8813,Smart IMS,3.9,(129)
8814,Doshion,3.6,(129)
8815,Statcon Electronic,4.3,(129)
8816,Forever New,3.9,(129)
8817,Nims Hospital,3.7,(129)
8818,20 Microns,3.9,(129)
8819,Dentcare Dental Lab,3.9,(129)
8820,JS Auto Cast Foundry,3.8,(129)
8821,Tide Water Oil,3.8,(129)
8822,Minosha,4.0,(129)
8823,Alter Domus,3.0,(129)
8824,Bansal Wire Industries,3.4,(129)
8825,Growel Softech,3.0,(129)
8826,20 Microns,3.9,(129)
8827,Aqua Tech Systems,4.1,(129)
8828,Lalbaba Engineering Limited,3.4,(129)
8829,Coupa Software Inc,3.3,(129)
8830,Axtel Industries,4.0,(129)
8831,PAVIT CERAMICS ( P),3.4,(129)
8832,Stivaph Healthcare,4.0,(129)
8833,Sterling Manufacturing Company,3.7,(129)
8834,Dentcare Dental Lab,3.9,(129)
8835,Saurer,3.9,(129)
8836,Vertoz,3.4,(129)
8837,Kintetsu World Express,4.2,(129)
8838,JS Auto Cast Foundry,3.8,(129)
8839,Sathya Agencies,4.0,(129)
8840,Delhi Public School Ghaziabad Society,3.3,(129)
8841,Delhi Public School Ghaziabad Society,3.3,(129)
8842,Saurer,3.9,(129)
8843,Al Hassan Engineering Company SAOG,3.8,(128)
8844,Amrita Vidyalayam,3.5,(128)
8845,DUKES,3.7,(128)
8846,Acent High Soft Technologies,4.7,(128)
8847,Lot Mobiles,3.5,(128)
8848,GE Capital,4.4,(128)
8849,Cello,3.7,(128)
8850,SAL Automotive,3.8,(128)
8851,AKGVG & Associates,3.2,(128)
8852,Hellmann Worldwide Logistics,3.9,(128)
8853,EMPClaims,3.9,(128)
8854,Fourth Dimension Technologies,3.3,(128)
8855,Siec Education,2.7,(128)
8856,INFOCRUNCH ANALYTICS,3.0,(129)
8857,Shri Ram ComSoft Pvt Ltd - SRCOMSOFT,3.0,(128)
8858,Merck Specialities,4.1,(128)
8859,IndiaCan,4.8,(128)
8860,Edge Telecom,3.6,(128)
8861,MENTORS EDUSERV,2.9,(129)
8862,Nissin Abc Logistics,4.0,(128)
8863,Sadara Chemical Company,4.0,(128)
8864,Ice Mortgage Technology,3.2,(128)
8865,Regus,3.2,(128)
8866,Dr. D.Y.Patil Hospital & Research Centre,3.9,(128)
8867,Uk Realty,3.8,(128)
8868,Crane Process Flow Technologies India,3.4,(128)
8869,Channel Soft,3.7,(128)
8870,Minimalist,3.4,(128)
8871,IVY SOFTWARE DEVELOPMENT SERVICES,3.8,(128)
8872,LIC Mutual Fund,3.6,(128)
8873,MOVIN,3.7,(128)
8874,Vedang Radio Technology,4.2,(128)
8875,Amplifon,4.0,(128)
8876,MAP Systems,2.8,(128)
8877,Welcomhotel By ITC Hotels,4.3,(128)
8878,ABIL Group,4.3,(128)
8879,NTN NEI Manufacturing,4.0,(128)
8880,Tex Corp.,3.6,(128)
8881,Tribeca Developers,4.5,(128)
8882,C-Square Info Solutions,3.5,(128)
8883,Welcomhotel By ITC Hotels,4.3,(128)
8884,Jindal Water Infrastructure,3.7,(128)
8885,Beroe Inc,4.1,(128)
8886,Indian Synthetic Rubber,4.1,(128)
8887,Shantha Biotechnics,4.8,(128)
8888,GetMyUni,3.3,(128)
8889,WonderBotz,3.9,(128)
8890,Arvog,4.7,(128)
8891,Labvantage Solutions,3.7,(128)
8892,Krishna Enterprises,3.8,(128)
8893,Planedge Consultants,3.3,(128)
8894,Bizmatics India,3.1,(128)
8895,Tex Corp.,3.6,(128)
8896,Marvell,3.8,(128)
8897,M G Contractors,4.5,(128)
8898,Mylab Discovery Solutions,2.9,(128)
8899,Robinhood Insurance Broker Limited,3.5,(128)
8900,Garrett - Advancing Motion,3.1,(128)
8901,Saasguru,2.0,(127)
8902,DelEx Cargo,4.5,(127)
8903,Mahatma Gandhi Medical College & Hospital,4.1,(127)
8904,Lakshya Powertech Limited,4.0,(127)
8905,Gmr Aero Technic,4.2,(127)
8906,Golden Tulip Hotels,3.4,(127)
8907,Medicamen Biotech,3.2,(127)
8908,Ghaziabad Precision Products,3.6,(127)
8909,Maharishi Ayurveda Products,3.6,(127)
8910,Amwaj Catering Services,3.7,(127)
8911,Vector India,3.9,(127)
8912,TTK Services,3.3,(127)
8913,Scholastic,4.1,(127)
8914,Wildnet Technologies,4.5,(127)
8915,Jain Amar,3.0,(127)
8916,Cybertech Systems & Software,3.3,(127)
8917,Enrich Agro Food Products,3.6,(127)
8918,D&H Sécheron Electrodes,3.7,(127)
8919,Likewize,3.5,(127)
8920,Nala Robotics,1.8,(127)
8921,P&R Infraprojects,3.8,(127)
8922,Galore Networks,3.0,(127)
8923,Omni Hospital,3.7,(128)
8924,Stellapps Technologies,3.9,(129)
8925,Ganga Medical Centre & Hospitals,4.1,(127)
8926,Srinivasa Farms,3.7,(129)
8927,Indore Composite,3.9,(127)
8928,Prayagh Nutri Products,4.2,(127)
8929,Powermax Fitness India,4.8,(127)
8930,Ftcash,3.9,(127)
8931,Aapna Infotech,4.3,(127)
8932,Vivekananda Hospital,3.7,(127)
8933,Small Industries Development Bank of India,3.8,(127)
8934,T & T Infra,4.0,(127)
8935,Dhanuka Laboratories,3.8,(127)
8936,FrontierWox Tech,4.6,(127)
8937,Helm360,3.7,(127)
8938,Bharat Cooperative Bank,4.1,(127)
8939,Devon Software Services,3.8,(127)
8940,SIMA Labs,3.9,(127)
8941,DH Healthcare Software Services India Private Limited (Dedalus),3.4,(127)
8942,Zupee,3.7,(127)
8943,BHARAT TECHNO PLAST,3.7,(127)
8944,Bubugao Communication,4.3,(127)
8945,Shri Bhagwati Machines Pvt. Ltd.,3.7,(127)
8946,NEXA Service,4.1,(127)
8947,Anko,4.5,(127)
8948,Hester Biosciences,3.4,(127)
8949,NewVision Software & Consultancy,3.4,(127)
8950,The AEC Associates,4.4,(127)
8951,AGI Greenpac,3.9,(127)
8952,Turner International,4.0,(127)
8953,SOLITAIRE GROUP,3.6,(127)
8954,BL Lifesciences,3.1,(127)
8955,Techila Global Services,3.6,(127)
8956,Auriga Research,2.8,(127)
8957,Likewize,3.5,(127)
8958,S R Enterprises,4.0,(127)
8959,Kewaunee Labway,4.1,(127)
8960,Insighte,3.9,(127)
8961,R.K Associates & Hoteliers,2.6,(127)
8962,Avvashya Cci Logistics,3.6,(126)
8963,RN Valves & Faucets,3.2,(127)
8964,MCaffeine,2.9,(126)
8965,CTA Apparels,3.9,(126)
8966,Oaknet Healthcare,3.1,(126)
8967,Chargebee,3.8,(126)
8968,TSR Darashaw,3.4,(126)
8969,Dembla Valves,3.8,(126)
8970,Perpetuuiti Technosoft Services,3.5,(126)
8971,Funskool India,4.0,(126)
8972,Daelim Industrial Co.,4.8,(126)
8973,QO BOX,4.6,(126)
8974,Magnum Mi Steel,3.6,(126)
8975,Meritshot,4.5,(126)
8976,Redington Gulf,3.6,(126)
8977,Karma Ayurveda,3.8,(126)
8978,Next Move Strategy Consulting,4.8,(126)
8979,Jaya Shree Textiles,3.8,(126)
8980,Lee & Nee Softwares Exports,3.8,(126)
8981,Isgec Hitachi Zosen,3.7,(126)
8982,Odisha Power Transmission Corporation,4.3,(126)
8983,Rama group,3.5,(126)
8984,Weizmann Forex,4.4,(126)
8985,Dharmaj Crop Guard,4.0,(126)
8986,Cerence,3.2,(126)
8987,FR8,3.8,(126)
8988,Springworks,4.1,(126)
8989,Atandra Energy,4.3,(126)
8990,Richmondd Global School,4.8,(126)
8991,Rich Products & Solutions,3.6,(126)
8992,Conceptia Software Technologies,4.0,(126)
8993,Sfj Business Solutions,2.5,(126)
8994,Deqode,3.3,(126)
8995,DDRC Agilus Diagnostics,3.8,(126)
8996,Cheers Interactive,3.0,(126)
8997,Sud Chemie,4.5,(126)
8998,Vital Laboratories,3.4,(126)
8999,NDS InfoServ,3.2,(126)
9000,Believe Cosmetics,3.2,(126)
9001,TSS Consultancy,3.3,(126)
9002,Glory Global Solutions (south Asia),3.3,(126)
9003,Trangile Services,4.5,(126)
9004,Ashapurna Buildcon,3.6,(126)
9005,Gromax Agri Equipment,3.7,(126)
9006,Geeklurn,3.6,(126)
9007,Kajaria Bathware,4.2,(126)
9008,Ocube Services,2.9,(126)
9009,Ediglobe,3.9,(126)
9010,HIREXA SOLUTIONS,4.0,(126)
9011,Foodlink F&B Holdings,4.0,(126)
9012,Basavatarakam Indo American Cancer Hospital Research Institute,4.4,(126)
9013,Computer Junction,3.8,(126)
9014,AachiGroup,3.8,(126)
9015,Anmol Biscuits,4.3,(126)
9016,Navi Finserv,3.4,(126)
9017,Sigma Corporation India,3.9,(126)
9018,Starion India,3.5,(126)
9019,Impulse,3.4,(126)
9020,Techversant Infotech,3.8,(126)
9021,Geeklurn,3.6,(126)
9022,Gromax Agri Equipment,3.7,(126)
9023,Ashapurna Buildcon,3.6,(126)
9024,MSN,3.7,(126)
9025,Genus Electrotech,3.3,(126)
9026,Kajaria Bathware,4.2,(126)
9027,Nation with NaMo,2.5,(126)
9028,Mahansaria Group,3.4,(126)
9029,Mtandt,3.9,(126)
9030,College Of Education,4.4,(126)
9031,Frog CellSat,3.8,(125)
9032,Gm Infinite Dwelling,3.2,(125)
9033,Great Champ Technology Limited,2.8,(125)
9034,Abhijeet Group,3.9,(125)
9035,Seneca Global IT Services,4.2,(125)
9036,Ambit Collective,3.6,(125)
9037,Dai Ichi,4.2,(125)
9038,YouGov,3.6,(125)
9039,Vensar Constructions,4.2,(125)
9040,Celebrity Cruises,4.1,(125)
9041,DELLA LEADERS CLUB,4.6,(125)
9042,Mores Techno Private Limited,4.8,(125)
9043,Tasmed,3.4,(125)
9044,Alstrong Enterprises,4.2,(125)
9045,Indian Institute of Science Education and Research,3.8,(125)
9046,Vogo Automotive,4.0,(125)
9047,JU Agri Sciences,4.3,(125)
9048,INFAC,3.8,(125)
9049,C H Robinson Worldwide Freight,3.3,(125)
9050,Modern Informatics,3.8,(125)
9051,Anuhar Homes,3.3,(125)
9052,Nelson Global Products,3.4,(125)
9053,NGL Fine Chem,3.9,(125)
9054,KMC HOSPITAL,4.0,(125)
9055,Wipfli,3.6,(125)
9056,Zeus Learning,2.7,(125)
9057,Airworks,3.8,(125)
9058,DEC Property Management,4.0,(125)
9059,Express Housekeeper,3.8,(125)
9060,Honeywell Building Solutions,3.7,(125)
9061,BrandMuscle,3.5,(125)
9062,DANA Graziano India,4.1,(125)
9063,Nikon,3.9,(125)
9064,Getronics,4.2,(125)
9065,Government Polytechnic Nagpur,3.9,(125)
9066,Accubits Technologies,3.1,(125)
9067,Radiant Guard Services Pvt. Ltd. - India,4.8,(125)
9068,iB Arts,3.6,(125)
9069,United Airlines,3.9,(125)
9070,The India Thermit Corporation,3.6,(125)
9071,La opala rg,3.8,(125)
9072,Multi Organics,3.0,(125)
9073,Panchayati Raj,3.4,(125)
9074,Rippling,2.7,(125)
9075,Microscan Infocommtech,4.0,(125)
9076,KW Group,4.0,(125)
9077,Oncospark India Private Limited,3.7,(125)
9078,Novigo Solutions,3.8,(125)
9079,Nahar Spinning Mills,4.2,(125)
9080,Ador Powertron,3.6,(125)
9081,DANA Graziano India,4.1,(125)
9082,Panchayati Raj,3.4,(125)
9083,La opala rg,3.8,(125)
9084,Multi Organics,3.0,(125)
9085,Jaipuria Institute of Management,4.4,(125)
9086,Bioworld Merchandising,3.4,(125)
9087,Bharatiya Vidya Bhavan,3.9,(125)
9088,Oremus Corporate Services,3.7,(125)
9089,myTectra,3.2,(125)
9090,Central Bureau of Investigation,3.7,(125)
9091,Dar Group,3.3,(125)
9092,IMCS Group.,3.1,(125)
9093,Edvoy,4.1,(125)
9094,Sciative Solutions,3.8,(125)
9095,Zeomega Infotech,3.6,(124)
9096,TRUGlobal,3.7,(124)
9097,Tvs Training And Services,3.6,(124)
9098,Dormakaba India,3.8,(124)
9099,ADS Spirits,4.5,(124)
9100,Government Of Tamilnadu,3.9,(124)
9101,Government Of Tamilnadu,3.9,(124)
9102,Gateway Distriparks,3.5,(124)
9103,PeopleStrong Technologies,3.3,(124)
9104,ShipBob,3.9,(124)
9105,Vishnu Solutions,3.5,(124)
9106,NETIMPACT SOLUTIONS PVT LTD,3.4,(124)
9107,Consort Builders,4.4,(124)
9108,Hombale Constructions and Estates,4.4,(124)
9109,InnoEye Technologies,3.1,(124)
9110,Bikayi,2.8,(124)
9111,Gojavas,4.7,(124)
9112,Retailio,3.8,(124)
9113,Zeomega Infotech,3.6,(124)
9114,TRUGlobal,3.7,(124)
9115,Seth Anandram Jaipuria School,3.8,(124)
9116,S10 Healthcare Solutions,3.6,(124)
9117,Dormakaba India,3.8,(124)
9118,ADS Spirits,4.5,(124)
9119,Tvs Training And Services,3.6,(124)
9120,Bizbox Publishing,2.8,(124)
9121,Bijlipay,3.4,(124)
9122,Sparkline Equipments,4.2,(124)
9123,Dewar's Garage,3.1,(124)
9124,Alstone Manufacturing,4.1,(124)
9125,Wave Beverages,3.7,(124)
9126,Viaante Business Solutions,3.0,(124)
9127,Petronet LNG,4.5,(124)
9128,Chetak Enterprises,4.5,(124)
9129,Serentica Renewables,4.3,(124)
9130,Advance Decorative Laminates Private Limited,4.2,(124)
9131,Qseap Infotech,3.5,(124)
9132,SJS Enterprises,3.9,(124)
9133,Ufi Filters,3.9,(124)
9134,Falabella,3.0,(124)
9135,Centuary Fibre Plates,4.3,(124)
9136,Eidiko Systems Integrators,3.5,(124)
9137,TM International Logistics,3.7,(124)
9138,POWERCON Ventures India,3.6,(124)
9139,TableSpace Technologies,3.0,(124)
9140,ams OSRAM,3.1,(124)
9141,Lahori Zeera,3.9,(124)
9142,Continuum Global Solutions,3.6,(124)
9143,Mitratech,3.7,(124)
9144,Numero Uno Clothing,4.1,(124)
9145,ams OSRAM,3.1,(124)
9146,TableSpace Technologies,3.0,(124)
9147,Performics,3.7,(124)
9148,InSemi Technology Services,3.9,(124)
9149,RouteMobile,3.4,(124)
9150,G.S.E.C,2.8,(124)
9151,ABS India,3.8,(124)
9152,CallHippo,4.1,(124)
9153,Lighthouse Learning,3.4,(124)
9154,Suzlon Gujarat Wind Park,4.5,(123)
9155,Paytm Mall,3.6,(123)
9156,Hi-Tech Arai,3.8,(123)
9157,Claritus Management Consulting,4.2,(123)
9158,Midco,3.6,(123)
9159,Indus International School,3.3,(123)
9160,Indira Gandhi National Open University,4.2,(123)
9161,Storia Foods,3.8,(123)
9162,TVS Next,3.7,(123)
9163,Viswaat Chemicals,3.7,(123)
9164,Gemba Concepts,3.0,(123)
9165,Creative Projects & Contracts,4.1,(123)
9166,Marc Enterprises,3.6,(123)
9167,Diversey India Hygiene,3.9,(123)
9168,Kilitch Healthcare India,4.6,(124)
9169,TeamLease Staffing Solutions,3.3,(123)
9170,CL MICROMED,4.0,(123)
9171,Religare Housing Development Finance Corporation,4.1,(124)
9172,Bilt,4.3,(123)
9173,GO MO Group AB,4.0,(123)
9174,Paranjape Autocast,3.5,(123)
9175,Floating Numbers Digital Solutions,3.2,(123)
9176,BML Munjal University,4.1,(123)
9177,Wicked Ride Adventures,4.1,(123)
9178,Sicagen,3.8,(123)
9179,Provab Technosoft,2.9,(123)
9180,The Hi-tech Robotic Systemz,3.8,(123)
9181,Input Zero Technologies,3.7,(123)
9182,Mahindra Agri Solutions,3.7,(123)
9183,Clinic Dermatech,3.1,(123)
9184,Prose Technologies,3.8,(123)
9185,Bioplus Life Sciences,3.6,(123)
9186,HirePro Consulting,3.6,(123)
9187,Nice Software Solutions,2.8,(123)
9188,Biomatrix Healthcare,3.6,(123)
9189,Kpn Farm Fresh,3.7,(123)
9190,Galacon Infrastructure and Projects,3.4,(123)
9191,Harsha Toyota,4.1,(123)
9192,Noida International University,3.2,(123)
9193,Mumbai Metro One,3.9,(123)
9194,S.R. Batliboi & Associates,3.0,(123)
9195,ICG Medical,2.3,(123)
9196,GALAXY OFFICE AUTOMATION,4.0,(123)
9197,Marc Laboratories,3.1,(123)
9198,Yuto Printing and Packaging,3.4,(123)
9199,Pace IIT & Medical,3.3,(123)
9200,Fortune Business Insights,3.3,(123)
9201,Auxein Medical,3.3,(123)
9202,Information Evolution,3.5,(123)
9203,R.k.industries,3.7,(123)
9204,Pharmaffiliates Analytics Synthetics,3.9,(123)
9205,Renishaw Metrology Systems Limited,4.0,(123)
9206,Cartrade.com,3.7,(123)
9207,Bellfast Management,4.2,(123)
9208,LS Cable,4.4,(123)
9209,Caterpillar Signs,3.3,(123)
9210,Core Energy Systems Limited,3.8,(123)
9211,Global Group,4.0,(123)
9212,Digiperform,3.4,(123)
9213,Chetak Logistics,3.0,(123)
9214,Cogeme Precision Parts,3.8,(123)
9215,National Public School,3.4,(123)
9216,Bounce,3.2,(123)
9217,AVASO Technology Solutions,3.3,(123)
9218,Geekyants Software,3.3,(123)
9219,Interview Kickstart,3.7,(123)
9220,GD Goenka International School,3.3,(123)
9221,Vahdam India,4.1,(123)
9222,Covenant Consultants,4.1,(123)
9223,Zenith Industrial Rubber Products,3.6,(123)
9224,JBF Industries,3.5,(123)
9225,Akash Blowers,4.3,(123)
9226,IMARC Group,3.3,(123)
9227,Jse Engineering Private Limited,3.5,(123)
9228,Infotree Global Solutions,3.2,(123)
9229,Adnet Global,2.9,(123)
9230,Grid Dynamics,3.2,(123)
9231,Sobha Projects and Trade,4.0,(123)
9232,DQ Entertainment,3.3,(122)
9233,The Heritage School,3.7,(122)
9234,Menzies Aviation Bobba,3.9,(122)
9235,GREEN POWER INTERNATIONAL,4.3,(122)
9236,PGEIN,3.5,(122)
9237,Government of Madhya Pradesh,3.9,(122)
9238,Saraswati Vidya Mandir,3.9,(122)
9239,TDS Group,4.1,(122)
9240,Hidoc Dr,4.7,(122)
9241,Hidoc Dr,4.7,(122)
9242,Indwell,3.5,(122)
9243,FNZ,3.2,(122)
9244,Sudisa Foundry,3.6,(122)
9245,REVA University,3.8,(122)
9246,Pride Technologies,3.3,(122)
9247,HERO ECOTECH,3.6,(122)
9248,Everest Blowers & Vacuum Pumps,3.5,(122)
9249,DQ Entertainment,3.3,(122)
9250,Paladion Networks,3.7,(122)
9251,Enerrgia Skyi Developers,4.3,(122)
9252,Menzies Aviation Bobba,3.9,(122)
9253,Elysium Pharmaceuticals,3.3,(122)
9254,Electronica India Limited,4.6,(122)
9255,Platinum One,3.4,(122)
9256,TekFriday Processing Solutions,3.5,(122)
9257,Brindavan Bottlers,3.4,(122)
9258,Smarter BIZ Technologies,3.1,(122)
9259,PGEIN,3.5,(122)
9260,Affordplan,3.1,(122)
9261,Saboo RKS Motor,4.1,(122)
9262,Pharmalex,3.3,(122)
9263,Badafinance S&P Services,4.1,(122)
9264,Shri Venkateshwara University,3.8,(122)
9265,Saraswati Vidya Mandir,3.9,(122)
9266,INTERPLEX,4.1,(122)
9267,Udaan Technologies,3.8,(122)
9268,APPL Industries,3.7,(122)
9269,Maxvalue Credits & Investments,3.8,(122)
9270,SPS Hospitals,3.9,(122)
9271,Felix Hospital,3.2,(122)
9272,Vydehi Institute Of Medical Sciences And Research Centre,3.7,(122)
9273,NU Hospitals,3.9,(122)
9274,TDS Group,4.1,(122)
9275,HiveMinds Innovative Market Solutions,2.9,(122)
9276,Bridgenext,3.4,(122)
9277,Nitin Spinners,4.3,(122)
9278,Ayushman Hospital & Health Services,3.8,(122)
9279,Veoneer India,3.9,(122)
9280,TechBlocks,3.2,(122)
9281,Petron Engineering Construction,4.4,(122)
9282,Union Mutual Fund,3.4,(122)
9283,Adyar Ananda Bhavan Sweets,4.1,(122)
9284,Arki Techno Consultants,2.8,(122)
9285,INTECH Creative Services Pvt. Ltd.,3.7,(122)
9286,South India Krishna Oil & Fat,4.3,(122)
9287,Decision Minds,3.5,(122)
9288,Ars Steels,3.5,(122)
9289,Rocket Software,4.1,(122)
9290,The Digital Group Infotech,3.4,(122)
9291,Mendine Pharmaceuticals,4.5,(122)
9292,Mawai Infotech,3.3,(122)
9293,PSRI Hospital,3.9,(122)
9294,Belden,3.4,(122)
9295,Orient Blackswan,4.2,(122)
9296,Lincoln Electric,4.0,(122)
9297,Tega McNally Minerals,3.0,(122)
9298,Kun Hyundai,3.9,(122)
9299,Shore Infotech India,2.9,(122)
9300,Terminal Technologies (i),4.2,(122)
9301,MSP Group,3.8,(122)
9302,REVA University,3.8,(122)
9303,Local Company,4.0,(122)
9304,Pride Technologies,3.3,(122)
9305,HERO ECOTECH,3.6,(122)
9306,Cybernetik Technologies,4.0,(122)
9307,91 Springboard Business Hub,3.9,(122)
9308,Verificient Technologies,3.0,(122)
9309,Raj Process Equipments And System,3.7,(122)
9310,Guardian Healthcare Services,3.8,(122)
9311,BACS HITECH ENGINEERING,3.1,(122)
9312,Vectone Mobile,1.7,(121)
9313,Rds Project,3.5,(121)
9314,Maaden Phosphate Company,4.3,(121)
9315,Chinmaya Vidyalaya,3.9,(121)
9316,Kyocera Document Solutions India,3.4,(121)
9317,Suhail Bahwan Automobiles,4.0,(121)
9318,Accuster Technologies,2.2,(121)
9319,NovelVox Softwares India Pvt. Ltd.,4.3,(121)
9320,Absolutelabs,4.3,(121)
9321,Accuster Technologies,2.2,(121)
9322,Texport Syndicate India,3.8,(121)
9323,NovelVox Softwares India Pvt. Ltd.,4.3,(121)
9324,Keltron,4.2,(121)
9325,HuntingCube Recruitment Solution,3.9,(121)
9326,Reliable Spaces,2.7,(121)
9327,Stridely Solutions,2.8,(121)
9328,ERGO Technology & Services,3.4,(122)
9329,MAHLE Holding (India),3.8,(121)
9330,AJ Hospital and Research Centre,3.6,(121)
9331,DentalKart,2.9,(121)
9332,Stratogent Technology Services,3.1,(121)
9333,iLabz Technology,3.2,(121)
9334,Futures Group,4.6,(122)
9335,Chemtrols Industries,3.4,(121)
9336,Rds Project,3.5,(121)
9337,MyCar,4.0,(121)
9338,Chinmaya Vidyalaya,3.9,(121)
9339,Kyocera Document Solutions India,3.4,(121)
9340,Kamal Ced Solution,4.2,(121)
9341,Suhail Bahwan Automobiles,4.0,(121)
9342,SKDRDP,4.3,(121)
9343,Dexian DISYS,3.3,(121)
9344,Scorg International,3.3,(121)
9345,bluCognition,3.0,(121)
9346,BramhaCorp,3.6,(121)
9347,AFour Technologies,3.4,(121)
9348,RD Public School,3.9,(121)
9349,DAS Offshore Engineering,3.7,(121)
9350,Netxcell,3.3,(121)
9351,CNK & Associates,3.2,(121)
9352,Saarloha Advanced Materials,3.3,(121)
9353,Shiv Nadar University,4.3,(121)
9354,Iswarya Fertility Centre,3.2,(121)
9355,Travclan Technology India,3.5,(121)
9356,Drip Capital,3.5,(121)
9357,Hitachi Rail STS,4.0,(121)
9358,ACPL Systems,3.3,(121)
9359,Artson Engineering,4.0,(121)
9360,ElringKlinger AG,3.6,(121)
9361,INDI IT SOLUTIONS,4.4,(121)
9362,Citi Style,4.2,(121)
9363,TRACKS AND TOWERS INFRATECH,3.7,(121)
9364,HWASHIN Automotive,3.8,(121)
9365,InfinityLabs,3.8,(121)
9366,Gadre Marine Export,3.7,(121)
9367,Uttam Sugar Mills,3.8,(121)
9368,EasyBuy Lifestyle,3.9,(121)
9369,MAHLE Engineering,3.9,(121)
9370,Pipeline Infrastructure,4.1,(121)
9371,BetterPlace Select,4.2,(121)
9372,PNG Jewellers,4.4,(121)
9373,IndiQube,4.1,(121)
9374,Sri Sai Power and Equipments,3.7,(121)
9375,Spl Infrastructure,4.0,(121)
9376,ABB GISL,3.9,(121)
9377,Quadrafort Technologies,3.5,(121)
9378,R M Chemicals,3.4,(121)
9379,Acsia Technologies,3.0,(121)
9380,Futuretech Factory One,4.5,(120)
9381,ADNH Compass,4.3,(120)
9382,Neural IT,3.1,(120)
9383,SEPC Limited,4.3,(120)
9384,Oriental Rubber Industries,3.1,(120)
9385,Smpp,3.6,(120)
9386,TEXILA AMERICAN UNIVERSITY,3.9,(120)
9387,Epicu Agro Products,3.1,(120)
9388,ProProfs,4.0,(120)
9389,Futuretech Factory One,4.5,(120)
9390,Glowlogics Solutions,4.2,(120)
9391,Upland Software,4.7,(120)
9392,Bankedge,4.0,(120)
9393,EMDAD LLC,4.3,(120)
9394,Gandour India Food Processing,4.2,(120)
9395,Shj International,4.4,(120)
9396,Haridwar University,4.5,(120)
9397,Twin Health,3.1,(120)
9398,Constantia Flexibles,4.0,(120)
9399,Ahlcon Parenterals,4.6,(120)
9400,ATS Services,3.7,(120)
9401,Glance,3.4,(120)
9402,Mani Group,3.5,(120)
9403,Derewala Jewellery Industries,3.5,(120)
9404,Government Polytechnic College,4.0,(120)
9405,Anna University,4.1,(120)
9406,IBN Technologies,3.6,(120)
9407,NASSCOM,3.3,(120)
9408,Josh Software,3.0,(120)
9409,Spack Automotives,3.3,(120)
9410,Bernhard Schulte Shipmanagement,4.1,(120)
9411,Kaplan,4.0,(120)
9412,Detroit Engineered Products,3.3,(120)
9413,Dubai Electricity & Water Authority (DEWA),3.4,(120)
9414,Avantel,3.6,(120)
9415,Alchemist Hospital,4.3,(120)
9416,Morarjee Textiles,3.8,(120)
9417,Gandhar Oil Refinery India,3.3,(120)
9418,Indiana Gratings,3.4,(120)
9419,Integral University,3.6,(120)
9420,PhillipCapital,3.3,(120)
9421,Nagravision,3.5,(120)
9422,PhillipCapital,3.3,(120)
9423,Aster Pharmacy,3.5,(120)
9424,Polmon Instruments,3.5,(120)
9425,Migsun Group,3.2,(120)
9426,Ingenuity Gaming,2.8,(120)
9427,Jeeva Organic,3.6,(120)
9428,Finulent Solutions,4.1,(120)
9429,Wealth Clinic,3.1,(120)
9430,AL JABER GROUP,3.2,(120)
9431,Rolex Rings,3.7,(120)
9432,ERD Technologies,3.5,(120)
9433,Felix Generics,3.8,(120)
9434,Total IT Global,3.6,(120)
9435,Hipad Technology India,4.0,(119)
9436,Maharashtra State Power Generation Company,4.3,(119)
9437,Bharat Intern,3.9,(119)
9438,Sher-I-Kashmir Institute of Medical Sciences,4.3,(120)
9439,Affordable Robotic and Automation,2.8,(119)
9440,Biomerieux,3.2,(119)
9441,Parekh Group,3.7,(119)
9442,Biomerieux,3.2,(119)
9443,Affordable Robotic and Automation,2.8,(119)
9444,Patanjali Parivahan,3.7,(119)
9445,inTarvo Technologies,4.4,(119)
9446,SAAB ENGINEERING,4.0,(119)
9447,GlobalHunt,3.8,(119)
9448,Maharashtra State Power Generation Company,4.3,(119)
9449,Lyka Labs,3.8,(119)
9450,Reliance Broadcast Network,3.4,(119)
9451,Steelcase Asia Pacific Holdings India,3.5,(119)
9452,IBCC Industries,4.0,(119)
9453,Mobikasa,3.9,(119)
9454,Sentini,3.5,(119)
9455,Ramkrishna Care Hospital,3.6,(119)
9456,JMD Group,3.9,(119)
9457,Woxsen University,3.2,(119)
9458,Kcm Appliances,3.6,(119)
9459,Brahmaputra Cracker and Polymer,4.2,(119)
9460,Edukyu,3.8,(119)
9461,Ministry of Rural Development India,3.7,(119)
9462,Biyani Technologies,3.8,(119)
9463,Honeywell Aerospace,3.5,(119)
9464,IND-SPHINX PRECISION,4.1,(119)
9465,Skanray Technologies,2.6,(119)
9466,Kale Logistics Solutions,3.1,(119)
9467,GOOD,4.4,(119)
9468,CoreEL Technologies,3.8,(119)
9469,Sjr Prime Corporation,4.0,(119)
9470,KLC CONSTRUCTION,3.8,(119)
9471,Acme Services,4.3,(119)
9472,Finolex Plasson Industries,3.9,(119)
9473,Eben Telecom,3.9,(119)
9474,BASIC Home Loan,3.7,(119)
9475,Municipal Corporation of Greater Mumbai,3.7,(119)
9476,ITDOSE INFOSYSTEMS,3.1,(119)
9477,Rij Engineering,4.0,(119)
9478,TopSource,3.6,(119)
9479,Jamkash Vehicleades,3.2,(119)
9480,Entra Solutions,3.4,(119)
9481,Ghodawat Consumer Products,3.4,(119)
9482,SAIL Bokaro Steel Plant,4.0,(119)
9483,L&T SuFin,3.3,(119)
9484,Kanan International,2.6,(119)
9485,Wizertech Informatics,4.2,(119)
9486,Mindspace Outsourcing Services,3.7,(119)
9487,Ksk Energy Ventures,4.5,(119)
9488,Entra Solutions,3.4,(119)
9489,Jamkash Vehicleades,3.2,(119)
9490,Lansum Properties,3.9,(119)
9491,MPOnline,3.2,(119)
9492,DY Patil University,3.3,(119)
9493,Forvis Mazars,3.2,(119)
9494,ITDOSE INFOSYSTEMS,3.1,(119)
9495,CliniSys Group,3.2,(119)
9496,Emeritus,3.3,(119)
9497,Credit Information Bureau,3.4,(119)
9498,ADA Tech Solutions Private Limited,3.7,(119)
9499,Paradigm IT,3.4,(119)
9500,Acme Industries,4.0,(118)
9501,Durovalves India,3.3,(118)
9502,My Engineering Buddy,4.7,(118)
9503,IMA-PG,3.6,(118)
9504,Vaibhav Plasto Printing & Packaging,4.1,(118)
9505,Namaste Credit,3.1,(118)
9506,Rhydburg Pharmaceuticals,2.8,(118)
9507,Hotel Sahara Star,3.6,(118)
9508,AMR INDIA,4.2,(118)
9509,Medsource Ozone Biomedicals,3.4,(118)
9510,uCertify,3.7,(118)
9511,RED CHIEF,3.9,(118)
9512,Pickyourtrail,3.0,(118)
9513,Govt of Karnataka,3.8,(118)
9514,BITS Pilani,3.8,(118)
9515,Beetel Teletech,3.7,(118)
9516,Vendasta Technology (India) Private Limited,3.7,(118)
9517,M.P. State Electronics Development Corporation,3.6,(118)
9518,Yingjia Communication Private Limited,4.4,(118)
9519,Minfy Technologies,3.0,(118)
9520,iB Hubs,4.1,(118)
9521,Grohe,4.2,(118)
9522,HP Global e-Business Operations,4.2,(118)
9523,ACS Group,3.4,(118)
9524,Vasu Chemicals,3.9,(118)
9525,BeeperMD,3.8,(118)
9526,BAPS Shastriji Maharaj Hospital,4.4,(118)
9527,Creative Info-link,2.6,(118)
9528,2050 Healthcare,3.0,(118)
9529,Simeio Solutions,3.7,(118)
9530,Syscom Corporation,4.5,(118)
9531,Mahabal Group of Industries,3.7,(118)
9532,iXceed Solutions,4.0,(118)
9533,JK Organisation,3.9,(119)
9534,T.R. Sawhney Motors,3.9,(118)
9535,U K Paints,3.0,(118)
9536,FiftyFive Technologies,4.2,(118)
9537,Techwise Digital,4.7,(118)
9538,Rajasthan Antibiotics,3.6,(118)
9539,Veena world,3.7,(118)
9540,Guru Amardass International,3.5,(118)
9541,Vistaprint,3.6,(118)
9542,India Ratings & Research,3.5,(118)
9543,Auxilo Finserve,3.8,(118)
9544,NDTV Network,3.3,(118)
9545,Mersen,3.7,(118)
9546,Hindustan Copper,4.0,(118)
9547,Site Engineering,4.2,(118)
9548,Windals Precision,3.4,(118)
9549,PVR PROJECTS,3.6,(118)
9550,Oswal Industries,3.3,(118)
9551,Masters Management Consultants,4.0,(118)
9552,Agilisium,3.1,(118)
9553,Comed Chemicals,3.7,(118)
9554,Velvex,3.8,(118)
9555,Quadlabs Technologies,3.0,(118)
9556,LenDenClub,3.9,(118)
9557,Mondee,3.3,(118)
9558,Centric Consulting,3.5,(118)
9559,Shrim Bhanu Construction,3.6,(118)
9560,T&T Group,4.0,(118)
9561,KSB Tech,3.4,(118)
9562,Featherlite,3.3,(118)
9563,Daloopa,3.3,(118)
9564,Wockhardt Biotech Park,3.9,(118)
9565,Faze Three,3.5,(118)
9566,Golcha Associated Group,3.8,(118)
9567,Chemco Plastic Industries Private Limited,4.4,(118)
9568,Abhyudaya Co-operative Bank,3.9,(118)
9569,Public Works Department Rajasthan,4.4,(118)
9570,Nova Techset,3.3,(118)
9571,Classic Legends,2.7,(118)
9572,Vardhman Acrylics,3.7,(118)
9573,Pixis,3.7,(118)
9574,Waah Jobs,4.2,(118)
9575,Prodocs Solutions,3.4,(118)
9576,Colorshine Coated,3.8,(118)
9577,Seven Seas Hotel,3.0,(118)
9578,Gurit India,4.0,(118)
9579,Shreeja Mahila Milk Producer Company,4.3,(118)
9580,Br.CAT International,3.8,(118)
9581,Highly Electrical Appliances India,3.4,(118)
9582,Oxane Partners,3.2,(118)
9583,Pinnacle Life Science,3.6,(118)
9584,Relinns Technologies,4.5,(118)
9585,Sterling E-Mobility Solutions,3.7,(118)
9586,Orient Fashions,3.9,(118)
9587,Net Business Solutions,3.7,(118)
9588,Forever 21,3.8,(117)
9589,Fotografik Enterprises,3.5,(117)
9590,Telecomone Teleservices,4.0,(117)
9591,MAMTA Health Institute for Mother and child,4.2,(117)
9592,Driver Logistics,4.1,(117)
9593,Central Electronics,3.7,(117)
9594,VProtect,3.2,(117)
9595,Stallion Laboratories,3.2,(117)
9596,Success Pact Consulting,3.9,(117)
9597,KMK Ventures,4.0,(117)
9598,Rotomaker,3.6,(117)
9599,Pena4 Tech Solutions,4.1,(117)
9600,Presto Stantest,3.9,(117)
9601,PaywithRING,4.1,(118)
9602,Pratian Technologies,2.4,(117)
9603,Railrestro.com,4.4,(117)
9604,SCOPE T&M,3.5,(117)
9605,Seeh Al Sarya Engineering,3.7,(117)
9606,GlowTouch,2.8,(117)
9607,Vijay Raja Homes,4.3,(117)
9608,Dream India Schools,3.6,(117)
9609,Voltas Beko Home Appliances,3.6,(117)
9610,MAMTA Health Institute for Mother and child,4.2,(117)
9611,Telecomone Teleservices,4.0,(117)
9612,SKM Animal Feeds and Foods,3.3,(117)
9613,Driver Logistics,4.1,(117)
9614,VProtect,3.2,(117)
9615,Stallion Laboratories,3.2,(117)
9616,Success Pact Consulting,3.9,(117)
9617,Central Electronics,3.7,(117)
9618,Shiv Enterprises,3.8,(117)
9619,SDG Software,3.8,(117)
9620,Soffit Infrastructure Services,3.7,(117)
9621,Lexmark International,3.9,(117)
9622,Go-Jek,3.7,(117)
9623,Omni Net Technologies,4.0,(117)
9624,Encore Healthcare,3.7,(117)
9625,Adaequare,3.5,(117)
9626,ABK Imports,4.1,(117)
9627,Maithan Steel And Power,3.7,(117)
9628,Teaching at home,4.4,(117)
9629,Cigna,3.4,(117)
9630,BPL,4.1,(117)
9631,National Dairy Development Board,3.9,(117)
9632,Gujarat Insecticides,4.0,(117)
9633,Netradyne Technology,3.1,(117)
9634,Axis Risk Consulting Services,3.4,(117)
9635,Vasu Healthcare,4.1,(117)
9636,K & J Project,2.8,(117)
9637,Gimatex Industries,3.4,(117)
9638,Tecosim Engineering Services,3.3,(117)
9639,Trimed Solutions India,3.6,(117)
9640,Stonemen Crafts,3.8,(117)
9641,Kalpa Electrikal,3.6,(117)
9642,Nilkamal Homes,3.7,(117)
9643,Indian Institute of Commerce Lakshya,4.1,(117)
9644,Galaxy Toyota,3.3,(117)
9645,ADG Online Solutions,2.3,(117)
9646,Indication Instruments,3.9,(117)
9647,Jaycee Punching Solution,4.1,(117)
9648,India Kawasaki Motors Pvt. Ltd.,3.5,(117)
9649,BARSYL,3.6,(117)
9650,GOURMET INVESTMENTS,4.0,(117)
9651,Markem Imaje,3.7,(117)
9652,Pune Property Investor,4.8,(117)
9653,Resmed,4.2,(117)
9654,Shindengen,3.7,(117)
9655,SAP Ariba,3.6,(117)
9656,Adarsh Group,4.5,(117)
9657,Learnbay,3.6,(117)
9658,Advanz Pharma,4.1,(117)
9659,Apollo Global Management,3.1,(117)
9660,Amogha Polymers,3.7,(117)
9661,Adarsh Group,4.5,(117)
9662,Amogha Polymers,3.7,(117)
9663,Learnbay,3.6,(117)
9664,BYD India,3.1,(117)
9665,Palsons Derma,3.1,(117)
9666,Quampetence Business Solutions,3.0,(117)
9667,First Quantum Minerals,4.2,(116)
9668,Hard Rock Cafe,4.3,(116)
9669,Bajaj Allianz Staffing Solutions,3.7,(116)
9670,Mavrix,3.4,(116)
9671,CISB,3.5,(116)
9672,Trend Technologies,3.9,(116)
9673,Revv,3.9,(116)
9674,iRISE India,3.3,(116)
9675,DP Chocolates,4.2,(116)
9676,Khosla Profil Private Limited,3.5,(116)
9677,Onsurity Technologies,2.2,(116)
9678,Paloma Turning,4.1,(116)
9679,Projects & Development India,4.2,(116)
9680,Coldex Logistics,3.1,(116)
9681,Radiant Polymers,4.1,(116)
9682,Tolaram Group,4.1,(116)
9683,Hamad Medical Corporation,4.0,(116)
9684,Bajaj Allianz Staffing Solutions,3.7,(116)
9685,6Sense,3.5,(116)
9686,Y Equipment Services Pvt Ltd,4.0,(116)
9687,Finnew Solutions,4.1,(116)
9688,The Good Glamm Group,3.1,(116)
9689,Strabag,4.1,(116)
9690,Privi Life Sciences,3.5,(116)
9691,Media NV,4.5,(116)
9692,Cinntra Info Tech Solutions,3.4,(117)
9693,Nath Bio - Genes,4.1,(116)
9694,Bnk Power Solution,3.8,(116)
9695,ATS Group,4.1,(116)
9696,DP Chocolates,4.2,(116)
9697,Udaan Express,4.3,(116)
9698,Unimark Remedies,3.5,(116)
9699,Vibrant Infocom,2.7,(116)
9700,Revv,3.9,(116)
9701,Cinntra Info Tech Solutions,3.4,(117)
9702,Unimark Remedies,3.5,(116)
9703,Udaan Express,4.3,(116)
9704,Vibrant Infocom,2.7,(116)
9705,Mojj Engineering Systems,3.7,(116)
9706,Sofitel Luxury Hotel,4.3,(116)
9707,Room to Read,3.7,(116)
9708,E2E Networks,3.0,(116)
9709,New Horizon College of Engineering,3.5,(116)
9710,Tupperware,3.6,(116)
9711,Maybright Ventures,3.5,(116)
9712,anovIP,3.2,(116)
9713,ACCE GLOBAL SOFTWARE,3.8,(116)
9714,TEJRAJ PROMOTERS & BUILDERS,4.3,(116)
9715,Indus Health Plus,3.4,(116)
9716,Bhagyalaxmi Rolling mill,3.7,(116)
9717,Pavna Group of Industries,3.5,(116)
9718,R K Construction,4.1,(116)
9719,Uralungal Labour Contract Cooperative Society,3.4,(116)
9720,Nirmiti Precision,3.5,(116)
9721,ACCE GLOBAL SOFTWARE,3.8,(116)
9722,Pavna Group of Industries,3.5,(116)
9723,VST Motors,3.8,(116)
9724,TEJRAJ PROMOTERS & BUILDERS,4.3,(116)
9725,Bhagyalaxmi Rolling mill,3.7,(116)
9726,Archies,3.3,(116)
9727,Newaco Grupo,3.2,(116)
9728,Parsvnath Developers,2.5,(116)
9729,Winsome Textile Industries,3.4,(116)
9730,Breach Candy Hospital Trust,4.3,(116)
9731,Choksi Laboratories,2.9,(116)
9732,EB1A Experts,4.4,(116)
9733,Modern Construction Company,3.4,(116)
9734,Nureca Limited,4.2,(116)
9735,Nirmiti Precision,3.5,(116)
9736,Finicity,3.6,(116)
9737,Qualified Recruiter,4.3,(116)
9738,Raja Software Labs,3.0,(116)
9739,Imark InfoTech,4.2,(116)
9740,Xitadel CAE Technologies,3.3,(116)
9741,Bryka Electrosystems & Software,3.1,(116)
9742,Assurance Intl Limited,2.8,(116)
9743,Gvr Technolabs,3.8,(116)
9744,Minda Silca Engineering,3.8,(116)
9745,The Walt Disney Company,4.2,(116)
9746,CoachX,4.7,(116)
9747,Tecno Mobile,3.8,(116)
9748,Runwal Realty,3.6,(116)
9749,Husky Injection Molding Systems,4.2,(116)
9750,Oswal Woollen Mills,4.0,(115)
9751,First Data,4.2,(115)
9752,BMD Private Limited,3.8,(115)
9753,Blue Dart Aviation,3.3,(115)
9754,Shaze Luxury Retail,4.1,(115)
9755,Chetana Publications,2.9,(115)
9756,Techjays,4.3,(115)
9757,Ministry Of Education,3.4,(115)
9758,24seven,4.5,(115)
9759,Gala Precision Engineering Limited,3.8,(115)
9760,Cemtics,3.7,(115)
9761,Le Marche,3.2,(115)
9762,Vishnu Prakash R Pungaliya Construction,2.7,(115)
9763,DNV GL,4.0,(115)
9764,MSG Global Solutions,3.6,(115)
9765,Mobily Infotech,3.1,(115)
9766,NICE Actimize,3.3,(115)
9767,Artifint Technologies,4.3,(115)
9768,Seagate,3.3,(115)
9769,Mangalore Refinery and Petrochemicals,4.0,(115)
9770,Han River Technology,3.4,(115)
9771,TechRBM,4.7,(115)
9772,Nkgsb CO-OP Bank,4.2,(115)
9773,Vishal Enterprises,4.2,(115)
9774,SONATRACH,3.5,(115)
9775,Logicash,3.7,(115)
9776,Agile Capital Services,2.5,(115)
9777,ekincare,3.0,(115)
9778,Yellow Banana Food Company,3.4,(115)
9779,Graphic Era Institute of Medical Sciences,3.6,(116)
9780,Integer Telecom Services,3.0,(116)
9781,Cemtics,3.7,(115)
9782,Gala Precision Engineering Limited,3.8,(115)
9783,Optimus Pharma,3.6,(115)
9784,Polaris Smart Metering,3.5,(115)
9785,Shriji Polymers,3.9,(115)
9786,AGC Networks,3.1,(115)
9787,Hemmersbach,3.2,(115)
9788,Citizens Specialty Hospital,4.3,(115)
9789,Vishnu Prakash R Pungaliya Construction,2.7,(115)
9790,21K School,3.5,(115)
9791,Coastal Projects,3.9,(115)
9792,Versa Drives,4.1,(115)
9793,Emerald Haven Realty,3.8,(115)
9794,Mobily Infotech,3.1,(115)
9795,Seagate,3.3,(115)
9796,WebPT,3.8,(115)
9797,Han River Technology,3.4,(115)
9798,Mangalore Refinery and Petrochemicals,4.0,(115)
9799,TechRBM,4.7,(115)
9800,MSL Group,3.4,(115)
9801,Madhu Silica,3.8,(115)
9802,Affinity Global Advertising,2.8,(115)
9803,Lark Laboratories (I),3.0,(115)
9804,Elevate,2.9,(115)
9805,Freshers Universe,4.2,(115)
9806,Sharda Cropchem,3.9,(115)
9807,Anand Mando E-Mobility,3.8,(115)
9808,Delta Exchange,4.8,(115)
9809,Mobicule Technologies,3.0,(115)
9810,Ebullient Securities,3.2,(115)
9811,Sunrise Biztech Systems,3.5,(115)
9812,Suncity Projects,4.1,(115)
9813,Statcon Energiaa,4.1,(115)
9814,Suspa Pneumatics,4.2,(115)
9815,Six Sails Technologies,4.2,(115)
9816,InAmigos Foundation,4.8,(116)
9817,Marwadi University,3.7,(115)
9818,Analog Devices,4.0,(115)
9819,Vymo Technologies,2.4,(115)
9820,AccioJob,3.5,(115)
9821,Indorama Ventures Global Shared Services,3.2,(115)
9822,Melento,3.7,(115)
9823,Model Infra Corporation,3.4,(115)
9824,Arco Lab,4.2,(115)
9825,Vishal Enterprises,4.2,(115)
9826,Arora Iron & Steel Rolling Mills,3.8,(115)
9827,Richi Circuitronix,3.4,(115)
9828,Amalgamations Valeo Clutch,3.5,(115)
9829,Quality Needles,3.6,(115)
9830,Fi,3.5,(115)
9831,Avians Innovations Technology,3.7,(115)
9832,Nkgsb CO-OP Bank,4.2,(115)
9833,Knowcraft Analytics,2.8,(115)
9834,Concept Pharmaceuticals,3.1,(115)
9835,Velox Solutions,4.2,(115)
9836,Matangi Industries,3.3,(115)
9837,Softura,3.4,(115)
9838,Kich Architectural Products,3.4,(115)
9839,Azkka Pharmaceuticals,4.6,(114)
9840,Indian Red Cross Society,3.9,(114)
9841,Oswal Infrastructure,3.6,(114)
9842,Accu Pack Engineering,3.6,(114)
9843,Cethar,3.2,(114)
9844,Ashwini Hospital,3.0,(114)
9845,Tatsuno India,3.3,(114)
9846,Life Care Hospital,3.9,(114)
9847,N R Agarwal Industries,3.5,(114)
9848,PG Technoplast,3.8,(114)
9849,FINE COMPONENTS AND TOOLS,3.5,(114)
9850,Pentair Water India,3.7,(114)
9851,Matrix Clothing,4.0,(114)
9852,Dana Group,3.9,(114)
9853,Aagna Global Solutions,3.7,(114)
9854,Associative,4.9,(114)
9855,Digiglobe Solutions,4.8,(114)
9856,Sandberg Translation Partners,3.6,(114)
9857,Ramani Ice Cream Co.,3.8,(114)
9858,Umano Healthcare,4.4,(114)
9859,East West Seeds,4.5,(114)
9860,Emblix Solutions,4.5,(114)
9861,Sureminds Solutions,3.5,(114)
9862,Druva,3.7,(114)
9863,Snabbit,3.8,(114)
9864,Jekson Vision,4.1,(114)
9865,Azkka Pharmaceuticals,4.6,(114)
9866,Associative,4.9,(114)
9867,Sandberg Translation Partners,3.6,(114)
9868,Oswal Infrastructure,3.6,(114)
9869,Accu Pack Engineering,3.6,(114)
9870,Umano Healthcare,4.4,(114)
9871,East West Seeds,4.5,(114)
9872,Emblix Solutions,4.5,(114)
9873,Ashwini Hospital,3.0,(114)
9874,Tatsuno India,3.3,(114)
9875,Cethar,3.2,(114)
9876,FinAGG Technologies,3.7,(114)
9877,Modelyze Labs,4.7,(114)
9878,Agrim Housing Finance,4.2,(114)
9879,Volvo Buses,3.3,(114)
9880,Reebok,4.1,(114)
9881,Saudi Arabian Airlines,4.0,(114)
9882,ImpactQA,3.8,(114)
9883,Chevron,3.5,(114)
9884,DiTech Process Solutions,3.2,(114)
9885,IT Convergence,3.4,(114)
9886,Velocity Software Solutions,3.8,(114)
9887,Nirvana Solutions,3.0,(114)
9888,Mangalam Organics,3.6,(114)
9889,Sureminds Solutions,3.5,(114)
9890,Concorde Group,4.1,(114)
9891,Information Dynamics,3.6,(114)
9892,Druva,3.7,(114)
9893,DTCC,3.7,(114)
9894,Outline Systems,3.5,(114)
9895,Progression Infonet,4.3,(114)
9896,Bangalore Baptist Hospital,4.5,(114)
9897,SPS Construction & Engineering Works,3.4,(114)
9898,Hatch Associates India,3.9,(114)
9899,We Win,3.1,(114)
9900,Tristha Global,4.3,(114)
9901,Tristha Global,4.3,(114)
9902,Shree Shubham Logistics,4.4,(114)
9903,Structwel,3.2,(114)
9904,Phoenix Mecano,3.8,(114)
9905,Network People Services Technologies,3.0,(114)
9906,SIP Academy,4.1,(114)
9907,Maharashtra Feeds,3.1,(114)
9908,Arya Iron & Steel Co.,4.3,(114)
9909,B Gauss,3.8,(114)
9910,Graphura India Private Limited,4.6,(114)
9911,Chemist Box Private Limited,4.0,(114)
9912,We Win,3.1,(114)
9913,E-connect Solutions,3.2,(114)
9914,Hatch Associates India,3.9,(114)
9915,HSBC Asset Management,3.6,(114)
9916,LA Technologies,4.0,(114)
9917,AddWeb Solution,4.4,(114)
9918,SPS Construction & Engineering Works,3.4,(114)
9919,Kesoram Industries,3.6,(113)
9920,Quale Infotech,4.4,(113)
9921,Mohan Spintex,4.0,(113)
9922,Gar Corporation,3.4,(113)
9923,Vedanta Power,4.0,(113)
9924,City Hospital,4.1,(113)
9925,S.K.B. Builders,4.1,(113)
9926,Schenck Rotec,3.5,(113)
9927,Patel Motors,3.9,(113)
9928,Al Bawani Co.,4.0,(113)
9929,Apac Housing Finance,4.2,(113)
9930,The World Bank,3.8,(113)
9931,Wiley,3.8,(113)
9932,Wacker Metroark Chemicals,3.1,(113)
9933,Delta IoT Solutions,3.6,(113)
9934,BONbLOC,3.6,(113)
9935,ORIX Leasing & Financial Services,4.2,(113)
9936,Atulaya Healthcare,3.6,(113)
9937,PalTech,3.9,(113)
9938,Harita Fehrer,4.3,(113)
9939,Saija Finance,4.5,(113)
9940,Tiwana Oil Mills,3.5,(113)
9941,Shabari Telecable Network,3.2,(113)
9942,B.L. Harbert International,3.4,(113)
9943,Le Mei Plastic Manufacturing,3.4,(114)
9944,Meru Accounting,3.5,(113)
9945,IL&FS Skills Development Corporation,4.1,(113)
9946,Stemz Healthcare,3.3,(113)
9947,Veremax Technologie Services,3.5,(113)
9948,Nipro Medical,3.9,(113)
9949,HumanHire Corp.,4.6,(113)
9950,Learnet Skills,3.4,(113)
9951,Smart Software Services(I),4.7,(113)
9952,Lakshmi Hyundai,3.5,(113)
9953,Swarna Pragati Housing Microfinance,4.1,(113)
9954,SHREE GANESH CORPORATION,3.9,(113)
9955,Mahindra Powerol,3.8,(113)
9956,Glassdoor,4.2,(113)
9957,Vasant Chemicals,4.1,(113)
9958,Damac Properties,2.7,(113)
9959,Vega Auto Accessories,3.0,(113)
9960,Advance Power Display Systems,4.4,(113)
9961,Autocal Solutions,3.8,(113)
9962,Poddar Tyres,3.8,(113)
9963,Baidyanath Minerals,3.6,(113)
9964,Oman Pharmaceutical Products,2.8,(113)
9965,Pay point india,3.1,(113)
9966,J&K Bank,3.9,(113)
9967,SP Software,3.7,(113)
9968,Jamia Millia Islamia,4.6,(113)
9969,Axiom Energy Conversion,3.2,(113)
9970,Hindusthan Microfinance,3.8,(113)
9971,TruckX Technologies,4.2,(113)
9972,PV Clean Mobility Technologies,4.0,(113)
9973,Sage IT,3.5,(113)
9974,Citizen Co-operative Bank,3.2,(113)
9975,Extinct Fire Engineers,3.9,(113)
9976,FitterFly,3.4,(113)
9977,Avant Garde Industries,4.7,(113)
9978,U&D Square Solutions,3.7,(113)
9979,Pigeon India,4.0,(113)
9980,Blackboard Education and Reseach Foundation,3.5,(113)
